V1,V2,V3,V4,V5,V6,V7,V8,V9,V10,V11,V12,V14,V16,V17,V18,V19,V20,V21,V23,V24,V25,V26,V27,V28,Amount_scaled,Time_sacled
2.05223366534504,0.0698253888546442,-1.81486278148159,0.236258705454538,0.581183404173714,-0.396550310749308,0.0490666477290192,-0.0475341922730298,0.315957356115444,-0.197071197221725,0.79702411124924,0.521995465259538,-0.584833628588962,0.618188825312355,0.138325717140643,0.334023617743776,0.456609278840605,-0.160820266433995,-0.33690986689798,0.295455517088335,0.17469215685114,-0.262522384512761,0.173880367414614,-0.0695946305960967,-0.0444636258316885,-0.27840356000556243,0.7096273793749798
1.93872574666952,-1.23491742688067,-0.439902476957008,-0.695940406149764,-1.31967415553767,-0.842357120528819,-0.766536759403644,-0.196782841634453,0.0048085820076582,0.646670514255805,-0.629531720690658,-0.140394108949424,-0.507292578251843,1.24660145122842,0.106242896639851,-1.55227571858563,0.577317265245777,0.222595379395056,0.0302611340591188,0.283463734669569,0.0366789439450752,-0.526778651351928,-0.501176240354887,-0.0057790914559069,-0.0192241771543092,1.4184397163120566,0.6667802675300333
-1.96628445518151,1.26999294001528,1.22195101974085,0.303825648176825,-1.27662890682119,0.153482507470934,-0.99658913846924,1.41900974326789,-0.237408822431425,-1.25198859124189,-0.935125721455557,1.22748650686954,0.211310287415291,0.0536197932503481,0.562515442358949,-0.530158063583542,-0.212996563394088,-0.379307239360345,0.191518938421934,-0.0571123957362041,0.156838296401788,-0.292261246139607,0.274212456296776,-0.460984488234722,-0.131712937850462,0.07578918092059517,-0.32781096032881574
-1.21936272688565,-0.0043798778230955,-0.139642852604734,-1.30718865829929,-0.363384984116435,-2.01537106476807,0.236604858973301,0.0810795277016459,-1.33108171176759,0.553147816296517,-0.62728187595873,-0.0673025684761824,0.492381113729249,-1.42045823588925,0.0627891552651088,0.692286929783552,-1.43778105372607,-0.329706145913064,-0.218043139490358,0.155884458076417,0.742246049209756,-0.985886935164794,0.724682803687248,0.39094089532571,0.214394744215934,0.38589904046725065,-0.2743989681907789
1.9152802586088,-0.196954957904787,-0.287421917765143,1.59882844169904,-0.47001970312629,-0.302785857213663,-0.276906216117194,0.0183690813672818,1.25890864208652,-0.0036797282281876,-1.34890327506893,0.464574416983402,-0.15219792999219,-0.459356121640454,0.0398251735441501,-0.906525941057263,0.141951178453277,-0.325889947883201,-0.521791406856301,0.447248964582446,-0.112690502690685,-0.354294636338092,-1.10082987498325,0.0534662135055356,-0.0310319846085389,-0.1303017660965095,0.3977695058068648
-0.402110255946003,1.02050367644291,1.14585213140643,-0.180504839009306,0.416286343379624,0.0027268157223424,0.526941035077104,0.237398111870314,-0.624011415634586,-0.385465894503553,1.40032759291158,0.539991733461352,-0.207141263620665,0.386597965150125,-0.0785345075724367,0.0256878927233471,-0.0360055962090249,0.0993761723631092,-0.206770918600649,-0.0355816362755457,-0.361957878763719,-0.222391367509016,0.104725052527692,0.257107965943552,0.0811603100795501,-0.24405506883604502,-0.41469211717733195
1.18697089208134,-1.29644285794943,1.12037563671089,-0.51771451875195,-1.5300237128632,0.759738184490852,-1.48827039735068,0.358360411412801,0.303276113405064,0.474863694323613,-0.0506624113010328,0.084025451816294,-0.981362735061704,1.24171508574064,0.165981245041841,-0.451302155755627,1.40174354182762,0.224483334290392,0.214030075830458,-0.256665484715307,-0.439627918410018,0.481243825753271,-0.0454433299692096,0.0557850573921487,0.0224069440197004,0.8598247809762202,-0.069306319831479
-0.771942580971247,0.173005834741591,1.45273338000692,-2.61219959485386,0.188769833827568,0.162394000527193,0.135997213648076,0.213793474788045,-1.24883795917638,-0.0767701957870376,0.42145565686281,-0.186041043400678,-0.487938693139404,1.53546266647846,-0.460826344248877,-0.642496245840157,0.407241858215847,0.288142719977932,0.198878665362591,-0.459297327030244,0.376423446007485,0.824756349207231,-0.152196229517162,0.24231599083658,0.102136398927401,-0.08621888471700735,0.33439197586177516
2.04761217449815,-1.41113812469083,0.443864728928338,-0.630172201192843,-1.59939459003639,0.637799548289846,-1.85718467018054,0.262035578229368,1.02372158807595,0.441136717321869,-1.22001022069085,0.41240606313464,-1.62837674163919,1.05310288742478,0.290841755606695,-1.09330258999388,0.561146675639063,0.107412487141821,0.364830863249256,0.147808295287937,0.697216115988753,-0.262428136397151,-0.055672454624154,0.0807528521264973,-0.0207996354253033,0.11820330969267137,0.9919059384851325
1.19392453691244,0.363642407710296,0.678336466549131,1.18079419768736,-0.532347837598889,-1.06578954461634,0.14315357548837,-0.209132337003192,-0.0182476964897964,-0.0316738974882119,0.0185728071536634,0.52010575393599,0.306888784213248,0.124130731445488,-0.37865116852446,-0.473677458525369,-0.41503378017946,-0.120725541071386,-0.202005776706161,0.134708536802358,0.681574188743915,0.332094987054971,-0.652726005305074,0.0254276454690744,0.0348180827046276,-0.16701432345988038,-0.43516377621021646
-0.454696617508949,1.18914494918276,2.26624817103172,2.30211602692354,0.501975361203649,-0.553532466395133,0.879731812240647,-0.330924564497114,-1.50781855884392,0.581494136428299,-0.0427307705011314,0.25894139303032,-0.204664648288369,0.0956145264759555,-0.427523370690435,-0.326752922736723,-0.287085745530615,0.192799138450454,0.0226043943238957,-0.134049195940193,0.737905066654178,-0.195305346847275,-0.0703765829758132,-0.0548058601897475,-0.0855319591055284,-0.29495202336253645,-0.12169590419921675
1.92843925743515,0.0301022379739375,-1.49245032379432,1.97649070886749,0.0040442214532497,-0.0592381547196534,-0.708219670857208,0.283659188329012,1.87700145115671,-1.13551363360983,-1.40022447671007,-1.40321385494519,-3.0881637420886,0.609709897568232,2.28668880686608,1.70075837023223,-0.506905752700309,-0.337898593130029,0.0332120150281768,-0.0542661499487913,0.305771481564318,0.25808362478097,-0.302541539276562,0.0891546637628935,0.0238457490145792,-0.25865665415102207,0.4056197171926093
-0.57978468863145,0.290267993278802,1.74483269809483,0.0980974850928321,-0.267862569774772,-0.348256316805034,-0.010365815156766,0.0634944123495644,-1.40231046200002,0.670878811264809,-1.13630710378489,-0.627071638032643,0.0136757970310775,-1.36545434880722,-0.189910393648845,1.60683332705057,-0.128364642326119,-0.109669554039344,-0.507672764161561,0.0727460696407292,-0.214450406293859,-0.226648769985087,-0.509293376400327,0.396211730096278,0.20156580208775,0.09901265470727298,-0.07690974313473747
1.87158109417391,-0.506442231161019,-1.23415380423775,0.310175882330516,0.120150611422117,-0.0057806867319061,-0.0826335093241895,-0.0752089241684502,0.48923121963565,0.196377164493748,0.0438561563119294,1.04032392204766,0.13992150865923,0.552120476428371,-1.06773460958129,0.365584361372345,0.509693792888276,0.0568714307587049,0.0068370806942943,-0.0023804665375866,-0.995112006301076,-0.117822361128023,0.251042386106666,-0.0573657204539584,-0.0554835212198724,1.0972048393825615,0.48628416472516917
-1.15689155013219,2.05924376221984,-3.46669835813798,1.68418526032479,-0.0530433838552105,-1.50885409144501,-0.0280622477096085,1.1319843966821,-0.645269943176496,-1.11703851996354,1.6870330314034,0.266973438246983,-2.4632809036073,1.54221606003016,2.94773140371344,2.2423936706824,-0.0799017304385387,0.014876520773078,-0.0752152806984048,0.0371825577292151,-0.340866336398693,-0.324848200440178,-0.386592384684402,0.195139820606118,-0.205250601603925,0.9454874148240855,-0.4676340367773002
1.01209512264603,-1.92719772614275,-1.58001442732653,-0.126720057697331,-0.830882649398297,-0.432947373254699,0.173025437288146,-0.125887569701082,0.964145353467492,-0.901981931908327,1.23592892671886,1.13110713942474,-1.08011212466417,0.904461384525709,0.242970431267231,0.559346793533614,0.316218027544835,0.952858934010763,0.0125648478147333,-0.0774680388056401,-0.450250580510036,-0.86030001528297,0.432339579399587,-0.137221297862937,0.0538846459048456,6.925323320817688,0.6641713649437528
-0.748971505895172,-0.537249408274216,1.86244082978502,-1.36788904922393,-1.12819762711987,0.813276225387092,-0.281004532056291,0.28941324118648,-0.396039289039587,0.003934711939724,0.314544847072343,0.298067553364064,-0.481568040244759,-0.715154594416274,-0.846749300278594,2.61620766128414,-1.01574748018031,-0.535741253500383,0.0013712533656434,-0.0238138298051114,0.741235102169794,-0.592316824527204,-0.362682836657956,0.20661934961446,0.12661341116969,1.8662216659713526,1.015820878859369
-0.888461472005866,-4.58930170696158,0.302576196854847,-0.863708262502852,-2.73532957112834,1.39493284886918,-0.365220600891913,0.489701379529341,3.52316855919584,-2.27913232620331,0.731762496941379,1.3545985695068,-0.287662932216847,-1.71718307547685,1.09744974995276,0.273867854246962,0.783365876658374,1.76259266952307,0.804601972258973,-1.04822812072968,-0.170969022567526,0.148240883015388,-0.5566483431377,-0.0124032933569105,0.19227771867468,13.833402864691974,-0.021288410067778585
-0.378670940229306,0.608990875020573,1.81373279416908,-0.843517140803306,-0.487432928865141,-1.12176335210702,0.543557738797504,-0.0772670661590946,-0.0686701895286314,-0.760847069459434,-0.267456305796887,-0.0652237292372996,0.0292500177952531,0.589554491744936,-0.553944566531537,-0.390539888879572,-0.697080087135628,-0.10318932642762,-0.0336426465068862,0.166475363551664,0.73564699840675,-0.949266354578373,0.529061182767062,0.0710742650020445,0.165577464647782,-0.03267973856209152,-0.3468959053743981
1.37598843036981,-0.55109891281188,-0.150478029061296,-0.946307678647457,-0.438131632179011,-0.328744469840313,-0.403979160934815,-0.125355834302982,-1.18160215078737,0.795179419302973,0.761631180906912,0.0630519625469364,-0.022025024983079,1.41883102072157,-0.30305191892116,-0.668473848243713,1.11993507892587,0.21396081231573,0.234582106005939,-0.270714426144112,-0.471210588048895,0.721732897837566,-0.0862743614539528,-0.0141884741647875,-0.00101185611142,0.3448755388680294,-0.565268102934134
-3.20402960934724,-9.38182288424786,-3.99173081673382,0.920506725756773,-2.4329405507633,2.47575003827748,2.4420803495137,-0.0886196284294849,1.16007359371934,-1.55371728549194,0.893584726777963,0.684618453455812,0.947350660315979,0.182886408646316,-0.0785916115283661,0.148468964507099,-1.27956188187858,5.16265730118289,1.86038200400444,-2.13111111350022,-0.762764758597944,-1.48157256448663,0.505958200965657,-0.506515755055235,0.388477860025528,36.79599499374217,0.7860376704380194
-0.868259586187283,0.932589078638832,0.571916199309619,-0.107274839249025,2.15759314589362,3.93443826317492,-0.238672706848642,1.08302758396044,-0.410057482302008,0.297408113306041,-0.215889276816298,-0.384410012106311,0.108149488338073,0.261037030831899,-0.710854439146839,0.911064383245187,0.879255146902496,0.504353638140392,0.0449272808833456,-0.336198362049941,1.00683655715178,0.568693143197596,-0.0822228282231674,0.461911992593574,0.222029425167404,0.0,-0.6146374712447814
1.96627733066823,-2.0944900767339,0.0402807759326769,-1.78865716212432,-1.5338435185702,1.61911549289767,-2.34129229183627,0.667555455760116,-0.698239611800613,1.55001910210778,0.965924797607711,-0.286357142236065,-0.530526316564872,-0.330018570536761,0.597687855327846,-0.031951903886519,-1.4083984615382,-0.415349836074668,0.22410811748517,0.277902709845688,-1.44257654051009,-0.807225600466547,-0.0068864749790213,0.111974136601183,-0.0426173873281235,0.6369072451675705,0.8811215930758315
-1.14276385592227,1.08354332112056,2.49554918632934,3.08407164036209,-1.23010917342919,0.95340938942847,-0.182130317547293,0.885256018914769,-0.973828578832505,0.397371561759262,0.558339237061088,0.395987244457009,0.116879135847927,-0.111225212017622,0.489773399460491,0.503534142904799,1.40062892933393,0.342745217086908,-0.0287716999902365,0.10805409876096,0.507913606785877,0.0661984143054783,0.182436368094645,0.206674993008715,0.0959065611587757,1.1145876790432485,-0.13649143733492375
1.14763958810849,-0.110382593039133,0.947431907512485,0.211434305874419,-0.715304867390591,-0.17054162903209,-0.633373033790271,0.0856946270608039,1.5038327890969,-0.386516884350041,2.69441414649831,-1.68142255373529,1.77056121004967,0.344889778292623,0.413247928418424,0.170543509977244,-0.546996916162077,-0.129409108974163,0.0223316090554864,0.0310606244982841,0.232977203848043,0.0669968048545875,1.03198460034071,-0.0781824721719965,-0.0065250084075865,-0.09803921568627451,-0.8255472672626795
1.93216449877919,-0.987837414461822,-0.701483069237775,0.21687360711794,0.0388694307539239,2.18204907270538,-1.37577127806922,0.695028837920354,-0.0902126289432853,1.02260267224784,0.22719112581017,0.310956656641808,0.0644427152275449,-1.71200772294953,0.0027417253555092,1.11239062641664,-1.8808964568273,-0.727940366017848,-0.0483152182522121,0.191226346631821,-1.00655875996496,-0.257313789632997,-0.400835321119199,0.121107631802404,-0.0486682745490296,-0.09734390209984702,0.9079157277457378
2.02456165645746,-0.0347941912000759,-1.84776233230761,0.255672993789883,0.493581787922621,-0.411178831487711,0.0115659720001394,-0.0042010029091651,0.439491142346511,-0.179313869494656,0.656232045565322,0.0828694967906165,-0.417126234241629,0.658818321920806,0.185985797292938,0.438327663831916,0.457716568569388,-0.185260427648796,-0.337926516099198,0.29303067774746,0.152775059390243,-0.295640401496952,0.175156701858043,-0.0776465122486218,-0.0437998518415984,-0.08357669308858294,0.6395630675758653
-2.08916545749753,-0.806920296629241,3.00593596520764,-0.0934249226797707,-0.924391987301603,0.13327020506636,-1.56479615097013,1.16669362079357,1.56666772010034,-1.33956261202341,-1.43735005210613,0.14282016938122,-0.80845628243249,-0.39441406444644,0.875088326124189,-0.503711554966344,-0.489640159942537,0.134312933486549,0.20026075036003,-0.265285319028078,0.510375838679485,0.207289216216506,1.20126613665687,0.184065961858339,-0.106403995176204,-0.20164094006396882,-0.6640068395554289
-1.11626326845615,0.629800668993338,2.12349004029356,-0.151158786515416,0.336054148444504,-1.57623562018217,0.839482418786713,-0.226039436589268,0.569075106935676,-1.21715885123057,0.953445170274811,-2.58691453198859,1.84740390835265,0.202961777255666,0.415143819741734,-0.615248202616829,-0.799310025006103,0.0194105685854421,-0.513806562480657,0.207560905184828,0.786158661162045,0.0055995646851188,-0.178872253483399,-0.0936660610905502,0.0675969004780529,0.30454735085523565,-0.861801611761215
1.13007398271617,-0.0264730178489954,1.41113135973458,1.09598866777451,-0.907449456238779,0.155729536801067,-0.805646347544368,0.221321818098261,0.670473675236233,-0.108870594847635,-0.223142629008365,0.387026407312379,-0.181300670442503,0.459262424626743,-0.50125398224197,0.124388908560071,-1.14758801654686,-0.133622856805665,0.279761420580845,-0.038309126243514,0.100831979286371,0.305848280312495,-0.225261279024611,0.0957021711528193,0.0398167247484086,-0.2646363509942984,-0.49515678388121265
1.82387133860217,0.549725636968343,-1.99437002888821,3.84222286726662,1.27752626856503,-0.356304849377356,0.937367053320515,-0.334096702036465,-0.355124079677408,1.41037417445164,0.857191244864164,-3.26684766095951,2.80109334078435,0.396992855448781,-0.0203024796172696,0.350422226348451,-1.26927011052062,-0.283658254968763,0.189470987583779,-0.256455143942539,-0.537992872881112,0.580405979690081,0.331612545714517,-0.158710175099958,-0.088451385090696,0.9904046725073006,0.1229886036789052
-0.985793676572365,0.48564320855156,2.84494179060284,-0.0442371517767444,-0.920939565653159,0.145961011497231,0.0805502744940454,0.210017635508685,0.0412004840520355,-0.660616804339692,-0.0385818909075183,-0.0778153418689685,-0.310575785811639,0.341639680408797,-0.230320237602361,0.0368770147040787,-0.799886784040319,-0.0422474127321647,0.322485221363345,-0.0930850674768694,0.448638039428659,0.0066353745281884,0.613681749213228,-0.0228833674153522,0.0456214219570996,0.588235294117647,-0.17415599944766477
1.22409435426838,0.0288200367118714,-0.467444336288547,-0.130387297856048,0.336720490688893,-0.395496801402514,0.412340292940932,-0.20410519303796,-0.15990355295178,-0.203816549794756,-0.60256740187411,0.33689081466434,0.355954008396276,-0.037223569629071,-0.22470367919168,-1.22691126813506,0.215445234569572,0.059215259768008,-0.372109108845025,0.0230904041526497,-0.715551002583834,0.246060553141091,0.778351598698322,-0.0987466850142972,-0.0017981193697553,0.5277430120984563,-0.06689719807387777
-0.898868076118412,0.129008432939378,0.508839489347721,-1.6515873822312,-0.396360432273115,-0.367068573092505,-0.489025392185415,0.732981252539686,-1.30000258944789,-0.334236963499634,1.20012287999181,-0.646888793260237,-0.820594652268762,1.9868389627782,0.872441035563241,-0.461422496511439,-0.313195731966017,0.191189370866426,0.21175328517223,0.0376908124321648,-0.431514021930881,-0.0665135795139943,-0.410056768568072,0.147676977690925,-0.0266906579810362,0.3879849812265331,-0.5519768019202463
1.23369954282368,-0.467508943128584,0.53628695520428,0.419187531545013,-0.632580342388413,0.385469824909621,-0.61843664615545,0.0684628538531473,-0.964358645700926,0.870151081005772,0.243278316602691,1.01112823135644,-0.255835818163291,-1.05988675738622,-0.654172926643913,1.86368095501553,-0.488499557723391,-0.358863591139497,-0.344868475555986,-0.140441568946058,-0.508522139752694,0.546011171531735,-0.309605373819379,0.0649992275227058,0.0252804722435606,0.3861771659018217,-0.5150408522415115
0.218400690235196,0.531726749707249,-0.0644822568676772,-0.25855445064697,0.305309194861685,-1.15894410942507,0.942943408917145,-0.2430126798335,0.133663582421627,-0.469987696534343,-1.18064064749493,-0.797976784480126,0.660141505245355,-0.262434082045506,-0.422526827436678,0.382198041712465,0.0361645450669309,-0.15625402511516,0.376734783275275,-0.0967549761351386,-0.0262390775244809,-0.413162657399271,-0.152033182577624,0.109514744218,0.102893892862346,0.1983034348491169,0.6944557882088179
-0.821568971897204,0.728888114772337,1.17985724619499,-0.892871718135286,0.895284925102638,-0.291422419495795,1.04836891255906,-0.0356956868883707,-0.212475643961153,-1.13420249846879,-1.4480500569099,-0.14020732928838,-0.131704924353014,-0.211655374405296,-0.3685911261408,-0.344559183726978,-0.413869066679714,-0.076025087398868,0.0679222726418627,-0.536627818725633,0.722730887850415,1.04180001700736,0.466439721099227,-0.0518645450384609,0.0396506366511923,-0.0706438603810318,0.5896178604060839
-1.14119823304297,1.0916758520564,0.972341980295973,-1.13988469842406,-0.880838724347736,-1.23020867525244,0.949133418285825,0.16855095040423,-0.339499240258437,-0.900606984801766,-0.310194078771351,0.173474501002488,0.397521715023444,0.464807836799126,-0.308439596221601,-0.645202994201159,-0.685411294025439,-0.105180417334552,-0.104822112036226,0.150174435414671,0.735458571857768,-0.333072045598968,0.628025099034799,0.0282613043775559,0.0839416170115366,1.1542205534696146,-0.5380626547934179
-0.386700618831609,0.915237399612291,0.0990481198351874,-0.920278895124706,1.13253571482344,-1.51980085005404,1.61590036680617,-0.698373963111627,0.460133450519191,-0.675053082339894,-0.592403800890444,-1.03865171944247,-1.22335652231015,0.284220354701308,0.0087510362008317,0.701480772344321,-1.1469951357796,-0.0150746234608275,0.148811103186474,-0.406584681142005,-0.0604730929891162,-0.128731183738601,-0.332423159180312,-0.0414173069192682,-0.179924261852002,0.010985954665554151,0.7809491352134276
2.04864297787219,-0.105855963988782,-1.20552023428071,0.207783116519398,0.108139555192412,-0.665362321368503,0.0745536072635429,-0.164651134314992,0.303446295178627,0.242135363077445,0.614568910775912,1.01690996901469,0.441519625461522,0.203232329456987,-0.682620586557804,-0.251432105137742,0.58271285375015,-0.200315740664061,-0.26336283932873,0.27993865572575,-0.40565411458064,-0.274936488517923,0.202642539998385,-0.0746652925782115,-0.0741535585804752,-0.29356139618968147,0.7588792295511101
-1.6092443447616,-1.55149964315701,1.88606700858482,0.840889620132553,1.28724901871121,-1.90498925049674,-1.28638039981118,0.0826250553240014,1.36323238817147,-0.468526512558111,0.359041188411192,-3.03202922046309,1.72712485182436,-0.0051368016210259,0.731646696950616,0.636931460508882,0.71419709266116,0.622700895554413,0.240299150466283,0.427355135782459,0.373731206935732,-0.737319411008798,1.06929812534636,-0.0047042516973842,0.196277530400519,0.23640661938534274,-0.86602051279038
1.85860351015592,-1.79647448801858,0.465089510501007,-0.422754317011112,-2.09295111522811,0.147448904220102,-1.74254767560723,0.188002252410704,1.22010161019089,0.449181053939474,-1.48468183308859,-0.24345946534265,-1.34547201278097,1.16193103696444,0.327535497589724,-0.858784317810424,0.605608370071968,0.200324347464595,0.407892935222797,0.0324072480819491,-0.0445489753757021,-0.342408320079224,-0.0315497603624032,0.0558505513662412,-0.0132639595034925,1.4711444861632594,0.5963046422601087
-0.859694868740886,1.02137521208852,0.836728101988583,-1.17284386994457,-0.42490858706227,-1.31374835535235,0.322396907389593,0.293562314917797,-0.0848582266221261,-0.736610249345204,-0.666621448255698,-0.0569584425678577,0.385683285792612,0.620802315370213,-0.453342337507946,-0.369536864020894,-0.709137664481801,-0.143555259652409,-0.0174035205975449,0.0107143878764149,0.407510373632259,-0.207309937074854,0.758179019342484,-0.0762976977413047,0.0197485068217433,-0.25365039632874425,-0.5612254791067447
1.1371728981549,0.214715382381168,0.367584044893861,1.0746055089804,-0.366419921408165,-0.757950768357368,0.131810193550097,-0.0874235056634162,-0.244681342919699,0.181173841768516,1.4324053647012,0.771977129137703,0.668713959319522,0.204506143691832,-0.583292147463159,0.322318724035246,-0.164012169442261,-0.108029566422994,0.104413294837199,-0.104971387561922,0.540412766592819,0.609859812645105,-0.360142394599394,0.0032011150615066,0.0160280438299013,0.11222361284939507,-0.22600500039662372
2.26054338539795,-1.62594893793651,-0.81992902385571,-1.71263198562171,-1.24175521312289,0.0502214805417175,-1.49523415678853,0.0756164044074769,-0.741069419649474,1.53001663787171,-1.76184442294866,-1.61853027715308,-0.386845524698506,-0.0102803704692244,0.230890950697687,0.167260747593729,0.0638723385544268,-0.415493758871311,-0.448919942904969,0.413650683582339,-0.081256213240058,-0.566108709075482,-0.469621016070531,0.021827363470233,-0.0333795496983337,0.2690863579474343,0.4967315268837422
-1.58475630598141,0.338997659621514,1.90850692998471,-1.54044729060885,-0.354693931665486,2.10610665723641,-1.03242911784631,1.40472296453019,-0.947873202257511,0.113549850709966,1.10462446277897,0.495637110729927,0.0611655546315457,-1.86443962131611,0.77037793023313,0.0396841499422151,-2.56425439678439,-0.488124229476914,-0.265976509235368,-0.0544165544886627,-1.39160381942797,-0.0887581319502999,0.498324490249628,0.343851776969973,0.0894306331462877,-0.19468780419969403,-0.40081322549085857
1.7810780598778,-1.69198113732526,-0.832571435286991,-1.11308034556383,-0.614167914507495,1.29215042028737,-1.34447060936055,0.502826812005619,0.0694019493816977,0.781534482249723,0.823675657628079,-0.434807497496654,0.0304113595489074,0.957413183259641,0.396124708180847,-1.42727613735695,-0.296620536598902,0.10480162207268,0.554312238802253,0.0278874067106681,-1.61878828069046,-0.450533964345901,0.0359614960211301,0.0289730908421053,-0.0515626393445726,1.6757057432902236,0.4477617202304531
-9.97278428048608,6.48094747516636,-2.1743013064574,-0.655088417967093,-4.3445770920129,0.935073975041983,-2.65493625252063,3.03596714428121,4.78908979348997,9.25288130396081,0.425518406103751,2.3825709490809,-2.03664118569898,-2.78652365134372,1.45942640248557,0.871315523842576,-0.377171294905092,3.11412072041099,-1.32352898237548,0.21358459323374,-0.0592085416271814,1.88147849212336,-0.0309870652139688,2.09279944553068,1.01812055712695,-0.02781254345709915,-0.6040255836978844
1.25432306594115,-0.30690594420611,0.72881393771133,0.0302057703752773,-0.960477908652058,-0.4926024584052,-0.637274128038812,0.0464398333832152,0.8293721124641,-0.128720402151905,-0.986769226794891,-0.686370720654395,0.137437191924239,0.864777962632362,-0.618850498295306,0.373457966768647,-0.10199014951635,-0.086361575622491,0.104722885141388,-0.0832565411306034,-0.0653338126349472,0.203318106585173,1.13991140030978,-0.0587078985542103,0.0096001475117157,-0.02781254345709915,-0.10336307521454405
-0.964406557420997,0.594178296578318,2.14705963207452,-0.299583238909346,0.506101001574726,-1.50873299439183,0.829348444667696,-0.457583857439641,-0.444359276342637,-0.416017802586958,0.270021285543857,0.673016972949789,-0.286577819436163,0.167751346472853,-0.636029272005489,-0.776742635835695,-0.834824931750536,-0.0714324755620537,-0.180502784197743,-0.121170755529639,0.939274228133876,-0.251111733373077,-0.133136075156824,-0.196326677005666,-0.126848578860814,-0.243498817966903,-0.20365305121146507
1.2025495150355,0.197449577167558,0.617296195843838,0.554182105464681,-0.531084050254095,-0.787400303212669,-0.0430129498341973,-0.06612813519958,-0.213946155393818,0.105618341186489,1.64903228998075,1.07366664190834,0.467558535693002,0.444200422900626,-0.593894970384595,-0.101665596629423,0.0941726374106783,-0.0946593329269698,-0.193309493860583,0.150297429531668,0.527699444407063,0.156713128169182,0.064771317616119,-0.0332785082073051,0.010737290800679,-0.27840356000556243,-0.24095330710720297
-0.402069729436732,0.734029900412141,1.60623866109959,-0.420163459819766,0.0356483524880195,-0.861926730078948,0.599492031175806,0.0406565154912548,-0.593715091820736,-0.475264557955511,1.33778750009535,0.579851633922901,0.403559483287928,0.633904703985239,-0.818094486928441,0.0385299539834151,-0.454694429391951,-0.14497156842025,-0.111747480260506,0.0335436371802816,0.499789385049188,-0.332810219385606,-0.103741670182198,-0.01491337674567,0.0277043754520601,-0.27840356000556243,-0.3775328830430146
-0.150026989831902,0.827857405838742,0.523394667225786,-0.0336962353237834,0.775100769997486,-0.127690239954798,0.602950375558781,-0.231943239897079,1.43082611622475,-0.932341167960877,-0.208872920057827,-2.14145116356541,1.30522148581259,-1.18595646819829,0.956907655103897,0.035250981470185,1.07175699960554,-0.044529203251735,0.0517628968857188,-0.262504373731062,0.638294011053174,-0.297384117214045,0.215025660535775,0.0392113504969982,0.173843476214306,-0.263106661104158,0.14116865908870563
-0.703280795544945,1.07014583598722,1.3035256875042,-0.323589521319814,0.237362678533241,0.056384153725389,0.474751826447599,0.279675602869306,-0.366298518921332,0.136261623977085,1.16079802744728,0.345662367345718,0.381574931936356,0.202263875499106,-0.463681668643395,-0.150875541061309,0.0418939036091543,0.179252398122823,-0.207008918467146,-0.029525777428747,-0.345499368244295,-0.219844685170852,0.110220893013794,0.381348033126155,0.163403924790386,-0.243498817966903,-0.30061726400155125
-2.60687499766716,-2.35097103019101,1.85105590859313,2.08793723058415,0.760045572188535,-0.908710092372787,-0.26145288222958,-0.169294788760896,0.485065089500672,0.357842730469959,-0.555248285550732,0.357914509254204,-0.646412809236263,-0.225692453799865,-0.248236029659468,0.447941290141084,0.619881332215777,0.590953953447932,0.224468398706135,0.328357102379993,0.440470772424677,-0.307530987631907,-0.220793649111464,0.172419172034959,0.37180022448623,3.8659435405367817,-0.293002088884841
-3.43570241914259,-1.41178595557523,1.00436590260503,0.897780296216795,0.971546724522186,-0.0534124090304043,0.235070309152087,-0.166886445988783,0.411955100474594,0.654265845885151,0.873539065027409,0.201481749132763,-0.165603556364698,-0.432234668511307,0.0825983077087671,-0.298059009656865,1.49031422153858,-1.80683064558667,-0.613916157464008,1.28083062427666,-0.254591011863341,0.307212524401781,0.413268927274114,-0.441991207799402,0.42536898279042,-0.19051592268112916,-0.39755797316473396
-0.0639818923905901,0.302124222118968,-1.71426766569103,-0.543538828413059,2.0523670587792,3.97438240397267,-0.643875848739722,1.26407646457057,-1.27727787620517,0.701095619492239,-0.891564296388037,-0.111599792533418,0.355510368914659,-2.42186193327553,0.439168199515941,1.2043777604827,-0.245431754879657,-0.64049851117648,-0.0708197800845943,-0.0177320074986376,0.688277167226759,0.0703326072703145,-0.265175593197452,-0.276209581375492,-0.1230824497616,-0.10332359894312333,0.7164081757366183
-0.0443145708019157,1.00896016709408,-1.14420705686829,-1.23970086341379,1.69760856775411,-1.18456749654945,1.79586168168212,-0.50730815794399,-0.498450273899626,-0.517694256172339,-1.65086707867475,0.125596949932112,0.448984869847624,-0.41373078361467,-0.839525703452587,-0.168976510359331,0.244128323752277,0.0962644804930062,0.210932462670059,-0.322988003281261,-0.922137196616655,-0.120410914266264,0.146213203939928,0.390508386589852,0.264115317424196,0.036156306494228914,0.916388785244423
-0.870379804025044,1.36454714124448,-1.05317950479046,-1.40324170444694,0.897060890095504,-1.12221227700224,1.37882551971844,-0.279902712078151,0.301801168641625,-1.08248988831913,-1.40776882091177,-0.439129843120986,-0.944068607403359,0.848461488384932,-0.410008382811897,0.740201103625585,-1.52114666751161,-0.46601263644374,0.334397915673667,-0.30735499845098,-0.730938725241303,-0.454142166011311,-0.50256602774892,-0.589130991357029,-0.0419860207447384,0.4399944374913085,0.7128356244472975
1.37221036593418,-0.714282836326442,0.359217804765119,-0.629077391326536,-1.02268263634396,-0.348251701229086,-0.758667173540403,0.0806330837056462,-0.460304221232241,0.703157818423021,0.565632113084216,-0.525107755329851,-0.0008622984405935,0.935973125515086,0.393793468568364,-0.989595124698704,1.36155005861835,-0.0259522674013115,-0.007788329317102,-0.068805793941675,-0.0096472502869169,0.521603654855936,-0.236388646328278,0.0001714756098524,-0.0033965910694576,-0.16687526074259487,-0.38927294468127616
1.34069173142541,-0.703283370707931,0.746581138253328,-0.674991954241349,-1.25616785819203,-0.41333902357136,-0.979394008302392,0.0657072042301592,-0.401774009916072,0.601779839852103,-0.226936708785619,-1.03461241410398,-0.125067830742568,1.10691146312776,0.451482571915558,-1.36844828001447,-0.0334558823239816,-0.0042844214783521,0.319126049136335,-0.0429768471749267,0.0833135684305025,0.344724174973475,-0.0720592042628902,0.0359086987627252,0.0172591799865852,-0.11959393686552633,-0.05635582140769097
-0.273437668734492,0.490300029665329,1.00999967797993,-0.94500204258308,-0.211381520077325,-0.430799053710122,0.669946840797351,-0.157260458363492,-2.00243104368573,0.554082875927925,0.906168187027896,0.480655982460638,0.242308955988998,-1.23695149990592,-0.40613836149746,1.16825675702914,-0.100812391083338,-0.423047669460943,-0.663636130696129,0.0911951738681499,-0.0429849518668466,-0.304735678653895,0.0405287111938446,-0.124340779575449,-0.0047241893313359,0.36948963982756217,-0.42658495239046573
1.25879916843566,0.109396771496045,0.47093735177353,0.639029437490337,-0.651474404321674,-1.03663023468442,-0.0692081856431375,-0.0954507423533223,0.338371082397676,-0.0089456254326763,-0.549678957048308,-0.661468232748121,0.624287204308657,0.39483816125756,-0.313928872525918,-0.303462102283395,-0.104323393038913,-0.216757569520022,-0.279859213727352,0.159020010946456,0.32175017923304,0.152462896361924,0.101327736545121,-0.0417506929023837,0.0148518056111317,-0.27840356000556243,-0.22562894236616887
1.42665192487271,-0.329794789046243,-0.308864221866109,-0.851908411145031,-0.391418485531281,-0.880397493789988,-0.117702837016951,-0.257556938047947,-1.43098272711599,0.847224573135774,1.2223815784499,0.107326150912707,0.238104862238813,1.00645593315697,0.022104188582296,-1.03147494365994,1.04635218176581,0.106960079957988,0.224341543607626,-0.221365519600804,0.0660970302604823,0.81553502686352,-0.0835326892341587,-0.0316318388393344,-0.0106666266481551,-0.09734390209984702,-0.669165885660731
-4.0375249891477,0.236965542372597,-0.0308000145776929,-2.97033706155163,-2.5744680440861,0.938528188771582,4.20869863242566,-1.66826419996013,3.84068131888849,2.50630832008453,1.68561824549543,0.31278900040428,-2.03744538382266,-0.277044571464205,-1.45088150322043,0.144558286846172,0.511100362972964,-0.424575741354996,-1.32318142487249,-0.307338463740739,0.143401934687131,0.900828770629163,-0.150765949404573,1.19373633744859,-0.0997983363835257,8.44055068836045,-0.5024076527809198
-6.91715152998388,5.85417135650583,-1.65245829895502,-1.4888840973172,-0.83389118347794,-0.344418325242228,0.393788597132542,0.379968279416542,6.13359739088804,8.06326051455442,3.07440490438968,-1.82254876476822,-1.01071487439897,-0.349488534317446,0.262064403787058,-0.188736981522907,-1.00872325088217,3.46916288594947,-1.40468101432959,0.174333275839284,-0.528233608737803,0.990684642027952,-0.0358749538875312,1.07137355158707,-0.168830928013862,-0.18092059518842996,-0.7043273115082571
-1.58913082652654,0.393059291129073,2.18283060990544,0.462088621178444,-0.781361710881629,-0.211050893205596,0.203494544326767,0.56915007167246,-0.161980813201845,-1.18819714476671,-1.08996211166767,0.131252176816144,-0.0568828335051833,0.583163237750903,-0.470534310965085,0.395036779619838,-1.01587718708572,0.130632604291299,0.317596505344822,-0.0643222486858745,0.372193988531243,0.584989006168551,-0.331273589552255,-0.077594949162692,-0.0298798214215571,1.4879710749548043,-0.21601595896266743
-1.35651686460219,1.11637550358315,1.04674592433044,0.761729025537401,0.465593281752149,0.557336669219764,0.924557383742385,-0.588194989826492,1.93627803063737,1.81576870251971,-1.45664611801097,-1.07838407755197,-0.965023535372426,-1.15717111778636,-0.0165193076183654,-0.535094003034623,1.18499847160047,0.191839902712301,-0.635641893771838,0.211061728556575,0.465888929790909,-0.823469905027892,-1.16852264858033,-0.761860862925389,-0.140204462258822,-0.07676261994159364,0.445223328524883
-1.17551237104822,1.26803855006896,0.67419177044545,-1.4479971446578,-0.181813597458305,-0.388650098413033,0.114967174607977,0.539594245116007,0.256665677353314,-0.330178833921127,-0.713646044028001,0.409468128978465,-0.0338260182411909,0.568101442483615,-0.495195943796486,-0.716941838468162,-0.986417188169684,0.176571431839784,-0.126943353889004,-0.0016383421650749,-0.414168891128217,-0.109380742476895,0.795154393172379,0.285633428981835,0.116581819798637,-0.1991378111528299,-0.33003205307118955
1.75097615250732,-1.85553949076865,-2.12231083053468,-1.67865439279134,1.18945098562492,3.7597765107171,-1.22231111660707,0.914761259308631,-0.0305192612558653,0.566858553812202,-0.0821288764672764,-0.198044012373954,-0.287511619442698,0.866440931038313,0.298292444924034,-1.94941397795578,0.722787274130515,0.441916004935172,-0.0907867246104189,0.286470654833673,0.677941070136178,-0.515733526255781,-0.573681008091951,-0.0096492866214051,-0.0141818033948657,2.6615213461271026,0.5909928225799344
2.22753132121906,-0.719042784880219,-1.34924012616165,-0.875383290341971,-0.644766315739062,-1.41989271145187,-0.336902666471787,-0.40306783038577,-0.451022089426293,0.895108933384936,-0.765592718642727,-0.910879571503306,0.127232450502631,0.922109914359099,0.155832731860833,-1.22146332261709,0.449256272835383,-0.062978627570543,0.423595371717704,-0.015705308064428,0.0235092347750641,0.194663311501324,0.0719986884169986,-0.0426036159759396,-0.0671044624519289,-0.09734390209984702,0.5457718444177417
0.583108836988642,-1.24732903216986,0.477849002613475,0.438125970818821,-1.31683805816932,-0.445702193636547,-0.0776736703533801,0.0111746694320444,0.468446896763558,-0.191954726124727,1.20983838057677,0.614827354649582,0.315139406881826,0.3517313573231,-0.251302720589381,0.158851834034076,0.23873526292148,0.515841742143465,0.174479077523565,-0.24964980707997,0.617355247896752,0.0618685021107111,0.952829483326435,-0.126825490794926,0.0534155269062037,4.171881518564872,-0.2640808759801747
-1.09867887840262,0.257411730516697,2.2013560622589,-0.492578417694611,-0.0373491253290805,-0.270102961978057,-0.0522917849619561,0.136612676264533,1.81393467027553,-1.20244463613904,-0.234953497755764,-3.68314449400314,1.44955764568449,0.262909259234915,0.473093332064499,0.626635622723696,-0.577667053310604,-0.198519672843798,0.0740678084972078,-0.35175630776571,1.107958644381,0.422969790021363,0.762182070315632,-0.183601214936943,0.0899941262938344,0.08329856765401193,0.09692308144300517
-0.276787458447355,1.14564308163522,0.955540814228234,-0.138121457606493,0.463762311885023,-0.501007563583032,0.722004601082456,-0.0434919265510479,-0.395878734578462,-0.521175394417186,-0.894896328749506,-0.150105162799992,-0.556354739609387,0.608236815129412,-0.31780298583201,0.0862440436062495,0.222153822468649,0.161586634342984,-0.315327528497193,-0.127009898110106,-0.508826547660275,-0.0366807227121488,0.123232105961116,0.247684383480872,0.0903127552598906,-0.2742316784869976,-0.13841873474100472
1.89098731875169,-0.285667922004438,-0.654855523680032,1.65649421332724,-0.28506973677683,-0.24028428241284,-0.159655437311849,-0.117516837245381,1.14932635170708,0.0208517438457146,-1.46435347690056,0.830745048650768,-0.419673215852619,-0.798040922093239,0.0193652642688302,-0.295693973212031,-0.18545385840647,-0.200821828797597,0.277186798816296,-0.147073590137446,-0.009076159557456,0.472943777522621,-0.244184561260757,0.046093344923151,-0.0442959357919604,0.2521207064386038,0.6965123555628678
-0.633254037918997,-0.706122223631586,2.02237170239593,-2.89620726896518,-0.17581474722649,-0.235323637482624,-0.372774716861777,-0.138115682814517,-0.79717505875608,0.431686255527763,1.13792978104795,-3.57736372418213,0.872334889069111,-0.129016897246456,0.592678647962163,0.95413537331792,-0.612585923755832,-0.288001063043917,-0.297762767437017,-0.385802257352056,-0.50012710390599,0.531736627580093,-0.195122724112128,-0.171234073724959,-0.18930945756826,-0.13906271728549574,0.3145666665687349
-1.38306310108604,0.390155008590097,1.10391702137812,-0.81991847027682,1.2558526787034,-0.89405582651629,0.530118286427242,0.0511952407397336,-0.388450236649535,-0.332533667191562,0.351464027718879,-0.010588668730816,0.51305803339282,0.191078111777607,-0.606466974481777,-0.0049846994580399,0.553764061360685,-0.106207115819613,-0.336440836887166,-0.448437281789499,-0.345306943847005,0.506648113678198,0.335718211751498,0.148201028280187,0.049120078993512,-0.2685301070782923,0.35708472763703347
1.16403676758533,-0.679081838688378,1.86288686235209,0.748137632484457,-1.69599153186656,0.469244985680214,-1.37361916111853,0.259984933711145,0.0218381413589913,0.485965749273862,-0.466402111175549,0.988983298283565,-0.994731417096812,-1.73771669084014,0.292199007542171,0.991765451791634,-1.63587632631872,-0.49719395682103,-0.12277514598875,0.0228612025672266,0.423096298393023,0.282719058937141,-0.182672932268131,0.148934147697704,0.0503364160783006,-0.13920178000278122,-0.1064185467119895
2.1491959616183,-0.907119638434624,-2.727242081563,-1.744725633926,1.82327782258477,3.25456465533532,-1.2330076271994,0.842792268348587,-0.325245538025985,0.269352575538745,0.372084383449926,-0.64306721421405,-1.34442438228877,1.2617411068809,1.1065041466699,-1.06984991359976,0.3084996427798,0.0891890457079886,0.101734056848431,0.195837223405192,0.618279570940877,-0.0899295727774625,-0.182492840725309,0.0234299350499168,-0.0315519071791632,-0.04130162703379222,0.5896883712867942
-1.32303189895973,-1.18991211485903,0.122799953508072,1.8023404605341,0.303994572972349,-0.840921536251166,-1.20700878370319,-3.00400015168156,-0.734855071204265,-0.657703668845463,-0.27509574213837,1.11347280078233,0.887029040198718,-0.0569623144902465,-0.0605192309708806,-0.137573641690306,-0.231192486095058,1.90308491574123,-0.783919232275587,-2.74848545610296,0.564877205055295,0.0017946877198303,-0.359842799285973,0.118047672303478,0.448566734318236,8.733138645529133,-0.25504373143580716
-0.225351614466783,1.13157738606351,-0.849429656348367,-0.498963251394379,0.549712407805274,-0.87615313046639,0.520792571977902,0.398865203203651,-0.0096052422699147,-1.02164652303725,-1.1603956994393,-0.686768646041144,-0.4447169600708,0.54813620201139,0.569686360122583,0.0217937671998439,-0.184964791702639,-0.146353319759273,-0.314594938831907,0.165044191442152,0.435976513381258,-0.424544767270967,0.12525647512864,0.0872908402879681,0.0112007859362205,-0.18092059518842996,0.6694361773701204
1.95641418740537,-0.0558597845462253,-0.458103527434822,1.43094417292902,0.012220047422918,0.227293404673675,-0.239411593170976,0.0319828044261523,1.00663296180751,-0.0544989860485316,-1.20084241017954,1.25672985490417,-0.505355664586226,-0.472906078642072,-0.125948678876821,-1.03268437098902,0.194749575791985,-0.207011816645772,-0.523572025379786,0.456762755409564,0.546737351641652,-0.25857048711754,-1.13144165948451,0.0611027079052175,-0.0236019005624361,-0.2781254345709915,0.6927517752583195
1.73362587105449,-0.452584288682871,-0.236065202733718,1.30295872108168,-0.636777980766615,-0.171314277328805,-0.467292319061882,0.0743921282549032,0.619832232694814,0.343520866486252,0.907481353428743,1.0199387578778,0.216875183887826,0.581224079871257,-0.953829549378727,0.733346676559854,-0.604707111748854,-0.068464966215538,0.340861473310561,0.0658749707997693,0.008507692794546,-0.17512034316689,-0.590695240466829,0.0405564852379196,-0.0244360345395157,0.9824780976220274,0.8272630320266297
1.99721179388877,-1.11223738151551,-1.22658652917909,-1.78186171517174,1.08327122102687,3.93360366796274,-1.83726154371114,1.16852940860686,1.91065446650438,-0.441104218493552,-0.0353172897025291,0.538665535480384,-0.284329067772156,0.439981629159633,-0.680935971162137,0.219692077292063,-0.150905123234382,-0.0843653194856221,0.201276357632431,0.283320344710477,0.772394151767244,-0.515733644410599,0.701010555120423,0.022868399141686,-0.0458572361291893,-0.29203170629954106,0.6593061141747436
2.06397175395128,-0.917512506598783,-0.791070341052245,-0.050962006551205,-0.833234945785355,-0.528734272827205,-0.449783565433106,-0.223829278772766,0.129043339059023,0.603584807876194,-1.56433551763993,0.783674186202075,-0.627956653809855,-2.2655428806466,0.476659311008182,0.117549753486527,-0.0412912762779805,-0.527693844290538,-0.72777788630242,0.313902860293571,-0.0955605361372227,-0.281492415199153,0.396796073122045,-0.0291003518509947,-0.0511210715655452,0.2843832568488388,0.5851639231078846
-0.376405423419772,-0.910418967133236,0.60638673393056,-1.744871608849,-0.626091694062545,-1.3996150097217,0.405410283104113,-0.0748571549157269,1.54428358258247,-1.52510967187859,-0.536927909008953,0.0558003594464776,0.271469904743012,-0.669555000750224,0.0263765191838919,-0.0435342577362664,0.807143476625769,0.282389152018158,0.0430519922200557,0.73649543191547,0.332379352404835,-1.07553783594369,-0.651559769115021,0.0970141789479795,0.145254586804534,1.9752468363231814,0.5442911159228259
1.96675168352997,-0.258233010576253,-1.80449261906639,0.233010144348264,0.149326651921633,-1.37444732147047,0.61740903227397,-0.487119463900199,0.647040489873132,-0.138521817143035,-1.00246484197057,0.375421448825859,0.477855949300972,-0.736318951912801,-0.0922117370162548,-0.650692832356429,0.37285126041197,-0.109096532578578,0.0156901725414279,-0.0315392916750271,-0.0617817683255882,0.28170918446575,0.114720860260305,-0.0754227723577871,-0.0610757293081441,0.7384230287859823,0.5534105231613553
2.04855503141305,-0.0353143614596853,-1.0600094629088,0.406839902950275,-0.0752350836183129,-1.11749759546294,0.203974932082366,-0.335216267389248,0.472093557827313,0.050440761097927,-0.614481618191756,0.696097524240595,0.19286210061296,-0.18436824586903,-0.257116491751654,-1.01277769102532,0.0703586517630804,-0.196592010541272,-0.276619769698987,0.33920616579071,-0.0008607825912113,-0.299333581482457,0.199278426683261,-0.0651506138265891,-0.059068638920936,-0.243498817966903,0.35165538982234196
-1.02600810197256,1.26541709097728,-0.901282564724786,-0.967528047789778,0.682339741335966,0.874532764612471,-0.062927359409929,1.26616924539126,-0.40910313194873,-0.515455315168293,0.561253166117758,1.17939445723659,0.923400353961022,-0.355775795090281,0.266364069294672,-1.32545326502029,-0.66473009316113,-0.183932305900735,-0.113237170029365,0.17528247092463,-1.64325338891326,-0.552931599142091,0.261091699040943,0.151503835797442,-0.0053684139663627,-0.16701432345988038,0.8712265661494889
-1.68087638375391,2.08572027037184,-3.71695992433319,-1.86092304946811,2.44903710349996,2.66833375462037,-0.0908533398386064,1.73585054423552,-0.471955975944989,0.0215973706278172,-0.466825501373346,0.348627136710126,1.60112941629179,-0.694123955419048,0.129274693248929,-0.386880506573133,0.21898054430173,-0.172893524698121,0.378712035198891,0.0367656694499853,0.751205296044097,-0.539906510925846,0.0551130650125801,-0.807106968045002,-0.354129794394045,-0.2319566124322069,0.9955254970282602
1.11941235810924,-2.47029280464635,-1.22138093667055,-0.148951656488164,-1.24575724758178,-0.0113115001062579,-0.0685527508562413,-0.178524354392259,0.150164171681917,0.270515061611368,-1.12742407393533,0.550197035103942,-0.218131919882503,-1.61083788578775,0.0047903272356487,0.685757528379326,-0.579690030513298,0.480072202342953,-0.45827335565161,0.0926363856397419,0.556203606413187,-0.758627758398523,-0.491082970899542,-0.0704261625756471,0.061634795933194,7.030176609650951,0.811221806665041
-1.00353843467075,-0.750978999356098,-1.76932314629387,-0.711085232660876,-3.09938569125128,1.83281128001559,5.88463617912697,-1.29837674331915,0.383622621244734,-0.683119776390971,-0.754391692773662,-0.679089972864829,-0.223458619483069,-0.149134395312741,-0.708383982382342,-0.474859923611579,-0.171161064498298,0.379466306848056,-0.365289264214823,0.655279834295823,0.616931202424216,0.228982635795519,-0.164867253018509,0.453205720595941,-0.643227528454697,15.037825059101651,0.8300482118146857
-1.44152367776915,1.07609680561391,2.83010551864704,4.71013261617297,-0.949011930567764,2.51675293390527,-1.30586470773767,1.16144351674475,-0.0303463928682774,1.18493488071464,-2.64855891486733,-1.00164062832353,-0.882135524902896,-0.138349840177417,0.792173943862921,0.755712165007925,1.70059622792217,0.0554961748029485,0.0708691652600129,-0.214675362251158,0.484015652340109,0.198332521355144,0.63302067548554,-0.0609808771565731,0.102253570649953,0.07815324711444861,0.43838377309598586
-0.603211173806823,-0.097450245519318,-0.0545917043231041,-0.391858715611707,0.0425860598090367,0.193592558057491,-0.626626070190665,0.913673722405966,0.790198371082536,-1.32207277522657,0.0821381977255284,-0.32987884882824,-0.715979474526719,1.35898788734721,0.0099157855019076,1.84617489840133,-0.364895598399098,-0.0594952318510938,0.267406377439677,0.324882175201232,0.0421751379887777,-1.17782109555841,-0.600415807247012,0.0793459840136943,0.0359044598367902,0.7227089417327214,0.6993797980450859
2.11850447590359,-1.99101567752471,-0.0060149253135096,-1.52859445675993,-2.05383104506099,0.0818440554340019,-1.98202638976824,0.0926392840494795,-0.348761316620562,1.46543927053458,-1.8003892523762,-1.10903985265794,-1.00935098055855,0.401555698746738,-0.111751945839472,0.952686377638382,-0.33033762866518,-0.241026615821004,0.0632114375253638,0.114976408796912,-0.725678166055438,-0.468853469283126,-0.0543403854579848,0.0640645974541076,-0.0200348208186791,0.9873452927270198,0.8138542128782248
2.26848214210092,-1.40445396569177,-0.182097641756727,-1.4859860000569,-1.71796541134622,-0.613119031573485,-1.47327582814001,-0.118505975099587,-0.944370449371565,1.49107135310271,-0.892212007006916,-0.382846206891068,-0.797676403452066,-0.252936109449996,0.345647722319223,-0.169429241636547,-0.26045973024241,-0.417510470122266,-0.320066304863987,0.431388566499941,-0.127729420188072,-0.577767295332571,-0.406838234962831,0.0547335353087098,-0.0347295130446132,-0.23640661938534274,0.9580137084903915
-2.0163246101505,-0.877010714030649,-0.564324480043194,-0.280777318007758,0.482710192222093,-0.294261154722912,2.82848189679291,-0.893228855539567,-0.224245206016121,-0.243433164830996,-0.897856212055308,-0.441769948975395,-0.0253421620199657,-0.0938256924025512,-0.728271762150728,-0.32643839087382,-0.061157021272073,-0.534833723776696,-0.0997964335815691,0.656211585966947,0.7186916372995,0.327760059328331,0.302455550456557,-0.482573107215284,0.467665889354178,4.532053956334305,0.6849838265667371
-4.52394557468383,-1.20781445948115,-0.25989734925373,1.18629090189193,-2.26206453469164,0.397038752369678,-0.868280362132755,1.7087606677037,-2.26522012358203,0.0772525854197281,0.801435142834067,1.18578494692557,1.24642619158199,-0.926125442399668,0.662243588056014,1.97844537949879,-0.33544078289754,-0.582096125456951,0.0070445665980208,-0.351174631453299,0.0880897014329879,0.152494785940504,-0.153042914449783,-0.244805251650694,-0.672696168118792,1.7243776943401472,-0.10485555552291163
-0.423090232855735,0.4779949011986,0.435292798813979,-0.418383081762328,0.0762464869415804,-0.153147511007428,0.778209139131604,-0.0845964315217063,0.245203865699206,-0.302065082748975,0.251034361782466,0.284640212738765,0.311205490853175,-0.002153534497002,-0.725574526964854,0.738933748090187,0.68540030876312,-0.256840681234938,0.195391565145575,-0.101146500925634,-0.334284415099047,-0.845214372846822,-0.421932071142882,0.0329623714983815,0.215035628683133,0.9390905298289527,0.6271178971305009
-2.20780064664655,0.989873802408821,1.0547570160094,1.64285877057088,-0.814326910271071,1.14579971747094,-1.14781353913686,1.63742115348248,0.185679922630851,-1.13755902909226,-2.3989963284764,0.542598412107508,0.156189506629234,-0.992708246824265,1.40397190514659,-0.639635602922088,1.68679556610369,-0.435866393904302,-0.290519659800862,-0.352854182525326,-0.737451006650674,0.30268305503276,-0.296175005393396,-0.366154507512029,-0.272677922739092,0.21471283548880538,-0.1392061062422695
-2.83460310472233,-1.46713495069629,-0.45506634552743,-0.576605232825184,-2.08987349967116,-0.603239700015718,-0.796974357374599,1.11565147607902,0.842994739259197,-1.58253018067768,0.939775342636922,1.98159022511948,0.664136895732212,-0.0853476569160784,0.363264444827859,1.00294064474464,1.99618463697687,-0.634832182591491,0.280526437702578,0.474984354204909,0.4945957338291,-0.582111268233348,0.0898459352828823,0.0947986434600755,-0.956827517793944,1.891252955082742,-0.2500609625322808
-1.02349406650241,-0.0184511266970968,0.854105734198137,-2.36952229307649,-0.819170280576666,0.117573002129156,-0.807736949160084,0.719166851202825,-2.58762494706849,0.106235638937518,1.55844489558277,-0.885647346120626,-1.38619940029658,0.128298854326968,1.82243697854522,0.749596661200124,-1.60586375117682,-0.557692635157229,0.138115889933635,-0.0332822593714468,-0.430539428061372,-0.0688204646959151,-0.138000332150322,-0.0757816894522837,0.0343434135061653,0.15880962314003616,-0.5673129184747321
-0.863046904499012,-1.07447077170563,1.05986447309158,-0.804899571836373,1.02821913512509,-0.0387578355925108,-0.853841761480293,0.255652383347839,-1.62367225509254,0.666356780556829,0.642436193052173,-0.234293836338465,-0.101874440047524,0.763195399207794,0.236653968927114,-0.479418267157508,1.84719523803012,0.650329444194805,0.592210834849883,-0.0921922712148435,-0.954058672553057,-0.0840883473482648,0.140974239371158,0.124247846478624,0.145912979581306,0.22263941037407864,-0.08927265088593983
-1.60808021738522,-0.265788250867581,1.549964368731,0.218636374866595,0.590771899902387,-1.16022899130432,0.349885337339834,0.0374263502776168,-0.533337016345313,0.0184625487620336,1.52150820494906,0.775147865499995,0.263876242776512,0.371766315272766,-0.616957206551884,0.0966550761172799,0.333773443121028,-0.0803817346517798,-0.23036040546288,1.05107147224149,0.498230535969702,0.0079816290533857,0.0738720471205942,0.287181282832423,-0.0129867029694768,-0.20470031984424972,-0.27173130653724004
0.149403884168885,1.03164565601775,-0.452036390801704,-0.566317510816014,0.962245486102884,-0.77011845189142,0.98763133503464,-0.109018734883193,-0.0518877366466342,-0.838656779985617,-0.777497137806634,-0.117686740112542,-1.03750303125932,0.361122568054075,0.321797293113572,-0.187391927994351,-0.188344929641013,0.0332344693435601,-0.346440360243375,0.0877304506915111,0.474481162427315,-0.402672095527447,0.118713745981233,0.221672315318846,0.0836142980725875,-0.22263941037407864,0.354029256139588
1.95343544552755,-0.641822454652941,-0.0077645117597648,0.153650018871827,-0.908640002766796,0.174679773707259,-1.1397270361134,0.336489864476979,1.30073330886553,0.184453893521626,0.622370000920768,0.340298192875563,0.105222304070768,0.932477680828743,-0.824574103746285,0.694857553114813,-0.0123233610253499,-0.234188241439114,0.0625768838296718,0.37017793995736,0.75544438233632,-0.653859894844165,0.430650707837555,-0.027462637791703,-0.0446204016201621,-0.29203170629954106,0.7766832269304557
-2.00583745687158,-1.36458804359474,1.24167269616081,-4.05370693265117,-0.895938214179761,-0.797719105243745,-0.338758412724044,0.570111874783122,1.11650599828487,-2.13347814978557,-2.05220234291399,0.417793194744336,-0.38881057080261,-1.88139282722836,-0.084953136382932,1.6202045907368,-0.563796872232829,-0.0411252923201706,-0.379452262686383,-0.0278854106139453,-0.509145278327561,0.877501418895512,-1.01975401366581,0.204562366541406,-0.0696232024496286,1.7163120567375882,-0.3950900923398742
-2.31293463249122,-2.36368695753164,1.14046762794593,1.92717978409144,2.09779657462483,-1.87674505877505,0.0060603965682878,-0.130749975766234,-0.818018175708499,0.358015068364235,1.38027080066341,0.467281235223307,0.660003820625265,-0.471758439285798,-0.254056428834457,0.602712334707071,0.945599526040159,1.28019685850047,0.468792587756198,0.894907465006117,0.503541846494133,-0.1832016197472,-0.372367954821971,-0.170067829627904,0.0055000450087898,3.0721735502711716,-0.540107470334016
-0.28008100322697,0.863243813774266,-0.30215779051515,-1.11666251636889,2.53916970879763,3.27240885839121,0.120775414166716,0.934332894935326,-0.50430577293338,-0.446135579286715,-0.0103170132958436,-0.332851696311982,-0.258615114572068,0.715658770134066,-0.482605675863923,0.323986262623488,0.282551617474836,0.223855454935736,-0.319900211606237,-0.0528855270128127,0.935658919921071,-0.0071158936830314,0.0880741577021449,0.247663596050032,0.0909167966869429,-0.27840356000556243,-0.17864519218621924
0.519832135654062,-1.02276188739741,0.954574048452663,1.54757156310332,-0.799463969307062,1.24742952219138,-0.467276387614355,0.48972274581194,0.707561714979138,-0.235079556118761,1.13189705243963,1.22854606241125,-0.0738225003996281,-0.503866784967703,0.300946603661897,-0.626984015258453,-0.545623277312868,0.28917915803218,0.0785234510305215,-0.154039416601431,-0.29077725496426,0.14645334703012,-0.424487649824945,0.0499377903249846,0.0628198483910442,3.3672646363509937,-0.5720841547361277
2.26793817984315,-1.28679483372612,-0.909507754542099,-1.4748339456223,-1.23808125280608,-0.951454955129064,-0.908272346756061,-0.345633479796886,-1.38460785966525,1.53761293082919,-0.840928512650305,-0.251434344982474,-0.580885968234828,-0.716013487943446,0.501210588123776,-0.342321193294286,-0.190197406190071,-0.357502937529321,-0.146911696268072,0.202600773538397,-0.0724448040574287,-0.145608663910625,-0.158329844058212,0.0157075467915588,-0.0478299921622606,0.1112501738283966,0.6665569830744507
0.146078857923313,0.675181444581444,1.57542638626655,1.68796867409545,-0.522391576848943,0.880042436783759,-1.20860729861698,-1.42477108073656,0.476055405646937,0.0691930122082379,-1.35956554817307,0.395193394289856,-0.291201465306699,-0.317687423154314,0.140335491670926,0.380504282319038,1.61754373928096,-0.163388045930497,1.42365285555232,-0.396099411006753,-0.416031818982603,0.712074234685059,-0.0517423478377341,0.311503671600213,0.245596193848445,-0.16701432345988038,-0.12891151765856868
0.178087106613845,0.49406539874629,-0.809869102046263,-1.17284704812263,1.80955801033554,1.2026767792604,0.732027568366034,0.21136742803186,0.347356292698532,0.0620001097151471,0.634676697703785,-0.0164496836277908,0.571119304929205,-0.693487962702083,-0.425628255867513,-0.406373179756923,-1.02507326348926,-0.168194832541888,0.3833059959378,-0.0743403194637958,-0.94937604312791,-0.943953860931791,-0.26498864092207,0.156872830903257,-0.0358190097271058,-0.278264497288277,0.6381998572154666
-1.93337461317155,0.142151272279504,-0.34494970823581,-1.28626114576957,-5.45064287491122,2.34324555455658,1.95041993344805,0.957416370542628,-1.06993998658459,-1.09342836939526,0.610023325702873,0.358326068722374,0.0474265669049215,1.4819941595513,0.845708623860075,-1.27773703514761,0.0663079906575418,-0.814530107083848,0.183716000556384,0.380399471435968,0.280551432559843,-0.742580714849977,-0.522485253599038,0.0989981733940448,-0.294228652482813,10.915727993324989,-0.5930611417474358
0.991551713042726,-0.0221584730471836,1.58250311854073,2.60324043740065,-0.885633342172931,0.569135816653307,-0.98513819049693,0.352227627210048,1.26923988824012,0.461789536812045,1.36542596642416,-3.12042077878995,1.80549756299822,1.67117063779959,-0.45540446560132,1.59856943158799,-1.21739501670929,-0.15164194249975,0.124874066278016,-0.0945230230450068,-0.0972549446748437,0.150920555911431,0.0748791537333649,-0.0091995815658078,0.0282500997057411,0.5890696704213599,-0.8634821210848099
-0.610256975011756,1.45220780790655,-1.30827305251875,-1.2557449609092,0.965469506790779,-1.13772903180246,1.16710823109701,0.195396959461325,-0.578068371595024,-0.214288861232577,0.593642730571326,0.443071052546856,1.25320112430269,-0.329267966667114,-0.472787150109826,0.218353104433797,0.121416733455197,-0.0583682903320022,0.29934967920701,-0.159117706220105,0.799177326503122,-0.268669152209151,0.0409604272402413,0.366479633324714,0.259502958707811,-0.2745098039215686,0.4409691720553628
1.3263380597734,-0.490010079481951,0.182968768723872,-0.643049332083844,-0.663669332022311,-0.415313394932814,-0.418614661000041,-0.049951648366662,-1.10276760365469,0.693885458130356,1.68710907800367,0.590169496279365,-0.0519536199541624,0.347059659334789,0.698293645997274,-1.73985407833321,0.665713408380363,0.045222509749953,0.247928755565634,-0.127141722597477,0.28820413125534,0.673823406610111,-0.0667188578043336,0.0067617745916071,-0.006814249484381,-0.16687526074259487,-0.1958028398257206
1.23791207990111,-0.207928641194858,-0.540579078273681,0.283283320809288,1.72042037521327,3.97506634798147,-0.997013948896019,1.02990755553177,0.592122411395994,-0.0496708670951371,-0.6175687766802,0.221870066362856,-0.138319790459719,0.270351680509524,-0.700527488926718,0.435076440219076,0.0867510530543968,-0.0352041202915337,0.0304170442499785,-0.165441615903914,1.0314626885498,0.806740029681299,-0.183511237958247,0.0623818184043112,0.021910048384328,-0.29203170629954106,-0.40426825864566224
-1.34484888451607,0.676313082162299,0.229887581916112,0.208665963487722,-0.446007456715223,0.251790735911872,-0.121472559657337,0.992778811255014,-0.0597096514461174,-0.996100040074424,-1.88722067582701,-0.524932896094088,0.711288350354921,-0.0696012704486734,0.428532986944206,-0.455691484534006,0.30418249013,-0.358797263359993,-0.0985787168425155,-0.100315701817034,-0.774247320220665,0.0096853146528108,0.301342226282128,-0.31378599246233,-0.217415384616865,0.882213878459185,-0.3929630141051141
-0.442256763265104,-0.414869855166076,1.31077354828393,-2.72493648178305,-0.464304147206936,0.0151215171882824,0.040687022947279,-0.0005864957477374,-2.4274862236532,0.582017189413833,-1.24101191369499,-1.32340727822552,-0.498579915451324,-0.244852977350635,0.183876254005206,-0.12979256749244,-0.952455343726482,-0.231913303683822,-0.131255724877411,-0.125235485389943,-0.806937466733579,0.184568988826855,-0.284419554766393,0.0784860938816392,0.0871603629708554,0.600890001390627,-0.07821419442787765
0.153187583868076,-0.149595364959363,-0.300947615113308,-0.711069091328528,-1.3479243745421,0.218931016109996,1.41737545881905,-0.423182809681504,-1.10011071175792,0.48051479147057,-1.67274532893971,-0.778635470859645,-0.081240093529147,-1.77347832163387,0.137323494399126,1.18248810492843,0.49391201510721,-0.389384256775154,-0.327224773538313,0.270102951826982,-0.398262308473386,-1.05353776016286,0.999623823691973,0.110169343423641,0.0751878721958608,3.728271450424141,-0.060986035907666
-2.83536311643145,-0.910125922451427,-0.0757153752946652,-3.17259024942362,-0.477918980595873,1.82057873718134,-0.858399450679685,1.19088531448157,-2.30775696321097,0.546707875091142,0.356378393896789,0.0631611598628224,-0.119768434341612,-0.4167203863954,0.773768098092586,-0.530859213627517,-1.29146241465083,-0.704798191690041,-0.0615022888379601,-0.514829053468647,-0.911176704329002,0.507777926505308,-0.0931383061394946,-0.373379643137149,-0.0153410243331399,1.4184397163120566,0.7205330622581697
-0.0425575078610428,1.57820736195944,-2.36751959018858,1.95161692805948,-0.498273823308808,-1.64350564747721,1.69904577464878,-0.142421011904654,-0.659768889053997,-1.51633333995211,1.21079503347012,-0.0038163221551056,-3.38218515262879,0.867960666648754,3.0931729394473,1.32359697899546,-0.633044215210227,0.02965846089897,-0.0702800666990662,0.561020927181631,0.591570018223906,-0.410683172549822,-0.435605462692644,0.126284511471615,-0.123159998432676,3.2956473369489636,-0.28726720392040495
1.99092792814415,0.0042664353776714,-1.23913343995434,1.00303608388161,0.541466218937102,0.15168833703003,0.0195929089474669,-0.0670680864377762,0.220529651520216,0.359492666960965,0.0467107591362644,1.24212432387003,0.176365756673324,0.307444413693829,-1.11915338337958,0.45048813526117,0.163497038173907,-0.139562260094709,0.084433880049079,-0.0476332556962353,-1.08224451578838,0.247117129814918,-0.549813556221447,0.0248113927171744,-0.060200330766393,-0.02822973160895565,0.9534775084980301
1.08779200661445,-0.554088632590663,0.963498412456056,0.0313373687486585,-0.813825500063635,0.611223127658995,-0.790241823123734,0.346085085335581,0.942845328029069,-0.344966268330913,0.853110758084954,1.30609383334824,-0.36685895139376,-0.122011929156628,0.0470454176396491,-0.493911372936984,0.509697501763245,-0.0159099540311181,-0.155723454469672,0.0278153135806124,-0.216493808716193,0.0697436564435537,0.970993121908114,-0.0266614425544719,0.0032377217861331,0.2503128911138923,-0.09796899284020766
1.41302660135682,-1.12336402178246,0.404036699178876,-1.53803985979601,-1.19214398783525,0.215153317975496,-1.25138249502283,0.23381835430019,-1.96622694789973,1.55503717123835,1.50885495106964,-0.52828563462297,0.135199337574149,-0.752171537368896,0.875544396574911,-0.33676644184396,-0.668563166245283,-0.468811463980874,-0.125357239339953,0.105753826257632,-0.324334143407944,0.182009692352085,-0.160356816757118,0.0553708144521452,-0.000145265395362,-0.29203170629954106,-0.5234904061132933
-0.376672976170144,0.282612633116506,0.0698367240005194,-1.99033123090654,-0.245444429379553,-0.5469965221641,-0.431998594970699,0.515296356638665,-1.12937108386705,-0.902961726879752,0.85477394177774,0.0135280909356754,-1.909531231882,2.25039220825251,0.890408773751031,0.0781645333444929,-0.226271884326119,-0.0015247579436777,0.359705617653296,-0.227225711032223,-0.492314529448725,0.180245087360682,-0.17045100490454,-0.12649910204874,-0.108635735270005,-0.028507857043526635,0.5443381231766327
0.526227920904329,1.93687693593245,-2.68363636245143,1.27609203108496,1.45841915013399,-0.803506813095818,0.53616749535828,0.318406235821283,-0.839869378978121,-1.27165990854793,1.23224008034283,0.30837904637295,-3.30291485458645,1.5032445962035,2.18905203465567,2.36241468867396,0.378156956937479,0.104619684949666,-0.13180535670925,-0.0587880914781149,-1.34935295173231,-0.25026205570215,-0.335193267191189,0.133671202407078,-0.0688961634495967,-0.29356139618968147,-0.10753496898990225
-1.46051874150377,1.86966152296863,0.123035730301554,1.12336699393639,0.368496158241029,-0.712712431506672,0.806046109978259,0.214950430635385,0.498754225633173,-0.64561168689551,-0.702106011941061,-3.43931942258393,2.56902911433156,-0.933678519845,1.2227936220324,0.269095862674309,0.859164022777632,-0.368252990231422,-0.0534883359760968,-0.593472006988854,-0.188808120105505,1.03444301874448,-0.277843706192131,-0.792585681482034,-0.340705225930321,-0.028507857043526635,0.12282407829058122
1.98213656236285,0.491601778465011,-0.929037864897073,3.70082413770304,0.795140270243808,0.474259033716107,0.162344483231326,-0.0844995100387313,-0.665357225255867,1.36224770317115,-2.30910268585441,-0.0959446526956087,-0.20435456372728,0.716960602688213,-0.922723715502208,-0.272008740102407,-0.958189973181419,-0.231716574799945,0.015941086308389,-0.0554648450403221,-0.98880188095537,0.294002455745734,0.157263597671563,-0.0235459359164402,-0.0595031224946932,-0.20052843832568484,0.37524127941993046
-1.09932389898004,-1.03805559961649,0.469243691903598,-1.62343946150922,1.77978744134158,-1.39972448355588,-0.21711695271443,-0.185942872667589,-1.66039148501943,0.148679798142043,-0.857913201183882,-0.343834489650249,-0.300980531458833,0.740091203328962,0.0161782526062233,-1.09631630191732,0.804970221255992,0.631165962735741,0.603477429779592,-0.182505050375649,0.571863236616293,0.509183848179449,0.108902678569231,0.0292758399504605,0.145480428497054,0.04171881518564872,0.959588451492921
1.26302509337479,-0.542521913405506,0.739198115398414,0.41237231172118,-1.15107603204196,-0.0994806368860843,-0.900635246131697,0.20499692078419,-0.699188198903831,1.06567988415889,0.376590536263476,-0.661772052443804,0.557318841182093,-0.655841853239196,-0.607767095831691,2.40041621200401,-0.962797633117799,-0.616973868931407,-0.231479569885047,-0.0233398720204212,-0.0857718886726751,0.326970676516378,-0.290972539536331,0.0492987461878339,0.0217498340539229,-0.02781254345709915,-0.45209813939413523
0.962476468053575,-0.121550143971578,0.734121923919064,1.34594261458772,-0.699441521641114,-0.558884308124037,-0.0101327149136737,-0.158249522708364,0.108310027990234,-0.0479623496504928,-0.289010236304936,0.667215533424913,-0.0422335167358849,0.403422148836048,-0.658243758981749,0.136721895961917,-0.686994613948154,0.187405811358751,0.245380955733561,-0.218800299041657,0.437234223059316,0.535767825881159,-0.268554837670897,0.0251549855854451,0.054890682872898,1.5077179808093446,-0.4592079865324218
1.16993998627823,0.570667247864082,0.514766213276542,2.50981363009473,-0.124372291655492,-0.618587142977849,0.248281225508616,-0.162421567439514,-0.787314353678899,0.701837929082029,-0.571324002629895,-0.174044584375976,0.358444510777569,0.598262304200208,-0.58612246948591,-0.274708714780823,-1.00944196472216,-0.130370406445571,0.0173357476592831,-0.0697106608889318,0.375020409611731,0.557817587087305,0.0354586914467654,-0.0209320494764665,0.0217226653849985,-0.03434849116951743,-0.5980086552106072
-0.211343714445166,1.04704980063368,2.06094099349327,1.60615549388344,-2.1811313685511,1.66623807303209,1.34900284883333,0.0965824823267849,0.76859889457154,-0.609399342686256,-1.13936651676584,-0.336635473881651,-0.537954978617688,-1.53314687181835,1.27782404991464,-0.978691057940631,1.22259040141316,-0.721927052578311,-0.488857008888751,0.208984777057765,0.391436756995684,-0.437284888945378,-0.41907106416904,0.491718020840471,0.01235203914749,4.984981226533166,-0.29772631789242976
-0.93376216259432,-0.207566218500534,1.38001733328964,-2.59228457948069,1.07724825391376,4.42077751496199,-1.29052738745641,1.37251996942807,0.20968778584459,0.0407429269678354,-1.11879624102504,-0.597653146148672,-1.50329112414378,1.00552420782941,0.167182201508837,-0.849029721542524,0.807100552300612,0.423372726826575,0.0549103809324899,-0.431682588178145,1.05590999226742,0.761755089864477,-0.0923251832783464,0.456111320134586,0.181895060382494,-0.2781254345709915,-0.2007621051023436
-1.90310357776112,-0.4260473037429,0.718511926298906,-1.29837103720045,2.38851151261265,-1.55949260339089,0.167787150608124,-0.0284123194322,-0.211590174561527,-0.462486740999886,0.300755723775564,0.888163740840816,0.162398886477515,0.627809891968696,-1.22598581261627,-0.285800682681116,-0.578258590801726,-0.32629077496505,-0.321960696986396,-0.459455374433354,-0.452879678728329,0.0761655243870163,0.0547065981001966,0.326334201445117,0.0665179021166348,-0.25601446252259763,0.7649196616652907
-0.46723713445572,1.87435928270956,-1.907983431815,-0.230440023518084,1.63407747290449,-1.74057693497068,1.61551785127918,-0.691660883523745,-0.364110043889637,-1.05735411524705,0.358075210695372,-0.0920247132185326,-2.90271933720624,0.147619098875217,2.10264193600722,0.408098953397813,-0.656595497129721,-0.140417644167057,0.138247374932492,-0.222435637607116,0.987080112259975,0.0914987287381452,0.500923678953438,-0.881783715596545,0.0908442307054062,-0.29536921151439294,0.7972724040978574
1.99738117705969,-1.45208574082647,-1.88661783736473,-1.87073308029872,1.23008073741951,3.6757182823833,-1.49572036690699,0.954154884349382,-0.0900817748651895,0.690890728844328,0.0642362623346956,-0.328160123241401,-0.245406733671715,1.1899380576282,0.0362326867660127,-1.63258694571264,0.470671283657365,0.202499419558571,0.0007740936411863,0.358771265524267,0.679750642483119,-0.487320620827127,-0.47258122042073,0.0179788456188232,-0.0331523476377901,0.9034904742038657,0.7429555223240386
-1.76963723377369,1.94138277477964,0.0895972465646012,-0.183904175830821,-0.626235188809962,-0.65315541431948,-0.19309792692408,1.03421929568847,-0.23485855967584,0.162138312344368,0.789603606982978,0.29123454695068,0.378101379291094,0.913264029757818,0.006968456850532,0.620545175568629,0.229502925584888,0.224432952445328,-0.256458158797423,0.0829852755491945,-0.0880285424071213,0.0206874059630576,0.0967265444824061,0.308261637777489,0.133732848154687,-0.1531080517313308,-0.33118373078945745
1.96470761688778,-0.0564481663281243,-0.893171924037862,0.616110364201568,-0.0886067060233091,-0.30944794408605,-0.432142626573378,0.0020548794055567,0.896688153698999,-0.506482033316311,-0.427533362335059,0.453074296686774,-1.46438527097315,0.797164182412793,0.351874717724237,0.0952287536702268,-0.371144426385865,-0.0754122147350635,-0.265851886649268,0.397848756059937,0.492680249963697,-0.535098586511211,-0.0478478176466902,0.0027832932148691,-0.0023278801982354,-0.027951606174384663,0.8294371175151966
-1.08625838460358,1.40711337835583,1.08832962465162,2.61812522928673,1.14955092890221,0.219310614703328,1.40794806804445,-0.224858313843494,-1.29959595184326,0.58705350412592,-1.90179859690056,0.250418477853739,-0.681357252773422,0.151346852959516,-0.631420394830897,-0.771542145352227,-1.65019418448578,-0.361485809673982,0.149864342308436,-0.352636429864903,-0.0570099396981525,0.42082887082018,0.051602649309958,-0.283557967300442,0.177412583418713,0.26366291197329994,0.8353130242410532
1.62477940450596,-0.274219008075164,0.509946918469382,3.47701784302097,0.0662816263539921,2.64274814533666,-1.34476733098631,0.905608182483857,-0.0912841626755222,1.38800423094663,0.303439697361869,0.174497420305441,-0.11304315211926,1.22717529143333,-0.786421633883579,-0.156597174051235,-2.53534542939072,-0.285102812438757,0.331781911653313,0.23244753078983,-1.68388892476324,-0.696285535537833,0.0817908583771133,0.0817341463649346,-0.0384504254908304,0.32693644833820046,0.4376316570350762
-2.13767640107052,-1.56211781421926,2.30873988773418,1.49710481877786,0.149818159160073,0.0127331767404081,0.0118081348076892,0.335085698980857,-0.0381492551886477,-0.694647707098493,-0.590069112531001,0.0113992567798642,-0.167251099080485,-0.400008363610304,0.187540253490204,0.196591133404937,0.0428806792824832,1.04901523329653,0.504109638890389,0.638701049449005,0.0661723121501202,0.448038148095438,-0.104279408729755,-0.0128121539133441,0.137398414491459,3.9032123487692947,-0.3140730904037629
1.19816618901796,0.255930162404075,0.396640239497691,0.632461447936669,-0.477880888910441,-0.88193139530893,-0.060915251231495,-0.0285059147076829,-0.131095642853783,-0.0928510716200983,1.69038141392912,0.604175219536338,0.0659596372527748,0.64979902983065,-0.140603463976768,0.219091814709783,0.0193652058631047,-0.122431178247446,-0.230782061881527,0.150583995361749,0.475545367081543,0.13420187343264,0.0667653465139618,-0.0314125517125654,0.0211789223383321,-0.27840356000556243,-0.3360019743046599
-0.896821615123894,1.43759904900567,1.47341872262917,1.32695156436026,0.80250763189453,-0.528746316656132,1.39481433538503,-0.132438488767189,-1.60495141912526,0.0287816013822552,-0.26908429017452,-0.249794728444125,0.387706224911998,0.137590560694829,-0.374685938606834,-0.97802155287956,-2.01961402948107,-0.238396085790669,0.129797173255201,-0.249782040543192,0.385648484875385,0.330444610195227,-0.0930614168366583,-0.104901056580031,0.0929479824929125,0.04853288833263799,-0.30481266140381286
0.637089560830079,-3.47146083832985,-1.34500836238521,-0.0765989483862097,-1.93161598817603,-0.460152830296904,0.132760477151882,-0.279627685522726,0.182268390187252,0.295395015671018,-0.989178949589144,-0.619572733611079,-0.191262695924155,1.01459339651716,0.479165043116248,-1.67637201802596,0.621625363601807,1.49093952971197,0.255510949618008,-0.257351440064762,-0.0995087395905865,-0.799224519352757,-0.646313030009477,-0.140826297594745,0.0905882515223074,10.74245584758726,0.7401820943494343
-1.0313574729532,1.90936721497739,-0.523362405750505,1.58555960440275,2.25859133866822,4.70566442496141,-1.2288432674554,-2.24443034169465,-1.08967549037713,1.35892342574975,-0.32117075937002,-0.343099584799151,0.439301614226961,0.350374583587005,-0.31552599473573,0.530060141146918,0.999302227040831,-0.474974009423385,3.06583337864884,0.424590787176995,0.929052357168883,-0.269055884980325,0.103244988225919,-0.0490058398148661,0.0691448761264784,-0.21373939646780696,-0.30115784742033
1.09420603707307,-0.285085744537382,0.461534608237947,0.639168176412858,-0.424348527680151,0.307228104846263,-0.374289162123644,0.300101710825408,0.54726833486122,-0.0487615572923231,0.682724492003873,0.241385532012587,0.439625042238672,-0.10088594550561,0.0052809638002158,-0.352906689769656,0.276919979795693,-0.170656939690123,-0.24068237730431,0.0451773628265957,-0.324403882543674,0.207498067377043,0.215170713304123,-0.0206517194751182,0.0023638389949885,0.24961757752746488,-0.3168112629380121
1.95237554478111,-0.0067545561337691,-1.93417224444817,0.348176822023442,0.395577918220578,-0.911307554285882,0.226556229937159,-0.231199859470587,0.359364631877157,-0.325055140960162,0.923069509577465,0.593496889165966,-0.547964802822592,0.544585808484569,-0.0253215165796872,1.16131765630815,0.0206384765407052,-0.0797779976510619,0.245858534771542,-0.135207740228398,-0.554053031494972,0.268296638282268,-0.0966488046566905,-0.0161897550792616,-0.0375266996682595,0.4297037964121818,0.8900294676722301
1.13746327687071,1.17093798713112,-1.51982963052853,1.53641119675191,0.950758587612403,-1.1583820000291,0.586834315288417,-0.0988521240189888,-0.680558555488072,-1.41957365300305,2.87388031880535,0.205209687290735,-3.08202719191406,0.894500702329181,2.8260479567472,1.3499550885548,-0.98312669273692,-0.0724019178123442,-0.11805317641148,-0.167057988542244,-0.108515319528469,0.715724163041719,-0.29416141571431,0.0500447094436342,0.085682828845334,-0.22263941037407864,-0.533585213868315
2.04906202828341,-1.16804618493936,-0.821198864927676,-0.875010000666796,-0.850837968639482,-0.380613660279227,-0.797045715506437,-0.206199441122235,-0.0085625800931267,0.667023888212425,-1.28650579987623,-0.0688373380650966,-0.756345892267997,1.3204491960512,-0.203822793255296,-1.04174239009566,0.690199526807606,0.246414079213954,0.340149947842771,-0.0482446064930473,-0.6395564495588,-0.0402002017063331,-0.0565964384703695,0.0012608405116794,-0.0377121261186728,1.0707829230983172,0.5552438060598226
-2.24471655370711,2.64474553335113,-0.563909537554684,2.83554439654204,-3.56934588359246,1.92909683377454,2.09566304386134,0.804345282429061,-2.08826723679511,0.0535941450052399,-0.473108694722338,0.533857401848343,0.912787142423874,0.227074687704307,0.65917828592351,-0.60383672298593,0.514234708834535,-0.923665468406748,-0.121971153755036,0.0161308066556501,0.147409840527782,-0.415442149887041,-0.0121692712045745,-0.681859967784089,-0.59462196347033,7.73258239465999,-0.2400836729117762
1.15166170360247,0.603105717025441,0.110079425101301,2.57591256605311,0.326513885093212,0.372456580725995,-0.111128041440045,0.211336201322447,-0.470958564592914,0.15663703560156,0.404115467592221,0.112505922288375,-1.2247189481676,1.16629928071984,0.27493808738395,0.728142863351209,-0.180616893667644,-0.115298398151534,-0.369194544958998,-0.0480783788071771,-0.65596981554327,0.440393390194121,-0.144037224678822,0.0168898080940363,0.0372386203000933,-0.1923237380058406,-0.26980400913115904
1.39499965596561,-0.876144673637057,0.0722639589755241,-1.45416923479089,-0.982781430559846,-0.60311259096011,-0.552534363670334,-0.1682309317995,-2.60583527710421,1.54054519678866,1.87698301022689,0.507053864529881,0.0135231250283377,-0.852236669927921,0.702570486659828,-0.691301178167639,-0.127556643917217,-0.254311263838411,-0.386468523380369,0.160815442722547,0.202012187139466,0.231682186458327,-0.456167347562281,0.0170059770058208,0.0107412838766695,0.2633847865387289,-0.2113857444626924
-0.984034085100941,0.280725018967932,1.40848198833595,0.134259331123557,1.55708732995032,1.4112743857237,0.206145528997023,0.689852362880417,-0.460520677274085,-0.702928851648687,1.63074166819023,1.32023997091991,0.220293304461821,-1.35933492695573,0.662613184377449,-1.88125534939511,-1.84293914761551,-0.224475630005373,0.19114203812063,-0.0170818778363918,-1.00886002555262,-0.317912572569449,-0.449262559799903,0.192946948899058,0.128745228785467,-0.29203170629954106,-0.4133289068169332
-0.72807926542312,-0.310474784586323,2.67320016840451,-1.52888379613974,-1.19059749312925,0.625759722644156,-0.819150911439804,0.523865312140716,0.50008139219433,-0.277398438075633,-2.45020500989121,-1.74624074768523,-1.23616237414026,1.03827196119621,0.481105338383792,-0.761504240296966,0.791709532385831,0.0976879716246302,0.0670148374809327,-0.467288644404683,-0.440799932246281,0.60052656013032,-0.0544906803807644,0.329853421468779,0.117771739133098,-0.13906271728549574,-0.20030378437772678
2.02837276337186,-0.141264834108643,-1.64278003444417,0.645074323456111,0.074171747777624,-1.31522127623919,0.440233072669971,-0.355652322247851,0.578127794167104,0.159635401787196,-1.10973508155339,-0.428123096238468,0.733725288585053,-0.565715697705052,0.0498359756340851,-0.705888988805764,0.0721364938235281,-0.305958282622122,-0.0261102723163499,0.0744294472630556,-0.0017250200172173,0.143985787393075,0.385343619728648,-0.0936767021185469,-0.0738967816536889,0.06883604505632038,0.36493493902277796
0.175331742086723,0.994482999878383,-1.28942291133626,-0.518193413197536,0.613394274959677,-0.741258502045011,0.428314017970244,0.376221625856193,-0.497887466686078,-0.93027614714348,1.0265656635441,0.373601980864354,-0.477315088287243,0.840758685894401,0.288460197753873,0.963417626137676,-0.589556456245257,-0.256866870519709,0.362429030148885,0.055087605958006,0.643957018811314,-0.656725475152157,0.464765583495231,-0.121492436053218,-0.0359941957572428,-0.08079543874287301,0.794416713429091
-0.416693398057969,0.514169048735994,0.0910386528184155,-1.68286250688197,1.39900899904363,0.126045148652576,1.72351984187358,-0.243005891022509,-0.291026791461721,-0.828283908713355,0.0538834988870912,0.237766758975378,0.296975675091589,0.0196365269941552,-1.07870785509529,0.125989379436011,0.156614467661457,0.0803734544523814,-0.0796014889767242,-0.176897355083849,-0.12447922312208,0.205810736128772,-0.209032111063588,-0.139348914230909,-0.107325634180814,0.8918092059518841,0.5268984320142902
-0.28822314613324,-0.614442684990071,1.17639772669837,-2.0260736158959,-1.19422184110447,0.772708254349011,-1.58582309499755,0.757099620094453,-2.05907204985088,0.931496643460423,0.12515210207783,0.0001733310191822,-0.594747804715842,-0.207847926970486,0.420111281374474,1.09181627682127,1.04198742985629,-0.173469976276721,0.0607569882226447,0.0934008888900343,0.295500332608641,-0.96806753327687,-0.174920401358551,0.154829268060759,0.115568395431652,-0.1112501738283966,0.9481421851909523
0.820875603616602,-2.34660727980101,-1.56849869516478,0.32768986977281,0.0120631822326783,1.99365572117167,-0.0367264757345735,0.467803823853339,0.865762633265556,-0.280622378881246,0.714642154661856,0.993534854610836,0.306625320089303,-0.284235565795573,0.102591931167852,-1.27103369199462,-0.423307027265982,0.860197387372162,-0.0190126642533368,0.0208051165258182,-0.949336837502593,-0.980900066970361,0.168739666481412,-0.110382146442417,0.0281114411885145,7.5081351689612,0.5792527609416728
-0.521819498442341,0.64652956288472,0.892696773532787,0.751070741929887,0.479844054002309,-0.048177184117553,1.52054501682981,-0.536502201505529,-0.617468505659826,-0.0169103186775002,-0.919524513141536,0.224687903130508,-0.240680669771989,-0.184218336216832,-0.707829212315179,0.200606490598604,0.747383365350543,0.18770042114141,0.0697934952421218,-0.0589144717424022,-0.411815695930117,-0.071498143381637,-0.319924800424029,-0.0552751443991432,-0.0840062115375326,1.6490057015714086,-0.6416196349299151
-1.20590214131196,-0.54687388377257,-0.0611422458559354,0.444420746694845,1.86413794158709,-1.17647205330836,0.572065496619326,-0.406915997264682,0.052771147869075,-0.249424238059308,-0.545135924014174,-0.532657665925924,-1.11997241549909,-0.133350861924579,0.689031188591119,-0.0242881713529845,1.1284605675124,-0.196442464835722,-0.448038525761745,0.739881431242872,0.563933114329753,-0.177926358025346,0.315442267793273,-0.34897599624535,-0.0218362757906557,-0.25601446252259763,0.4198981705364409
1.15159953172343,0.253741018424643,0.518640200715248,1.34761426853152,-0.539537438122809,-1.06348808451896,0.168768469160743,-0.22093407156835,-0.0155888561146773,0.0557243036266392,-0.152237875480912,0.195283206571263,0.38562958935036,0.0650251700272162,-0.343600763152476,-0.151485950734005,-0.607032250919951,-0.100439299954023,0.108582541563051,-0.0942223169973903,0.712670269125571,0.61333125295496,-0.303428725199896,0.0119447478587289,0.0302937975932024,0.17869559171186206,-0.5287552185396609
1.4734442503307,-1.03408965668339,0.402890913781061,-1.36651987662203,-1.4071390148443,-0.565332155022044,-1.01893156347885,-0.0838462977620997,-1.7759420410645,1.41037214913732,-0.339025156960417,-1.05205945512716,-0.18200531167466,-0.670808380783986,0.815016246099852,-0.430693663771997,-0.60014683181698,-0.388516702954519,-0.191557372078276,0.0693566869731326,0.050430695207261,0.297788491309662,-0.175600031742325,0.0429534096325973,0.0168717593275957,-0.09734390209984702,-0.2800163350206979
-0.938245472301328,0.325881510278644,1.62046151465074,1.16919162244082,0.500025602963355,0.24911935372109,0.471259825627546,-0.142771698413398,0.28361906834412,0.181475453447757,-0.838644110038407,-0.181221924224902,-0.399778601786953,-0.809180289793774,0.197607745548563,-0.648215776217497,0.619865944795064,-0.195181666232403,-0.278758055410825,0.214103063915013,-0.312634877619656,0.110702740987229,-0.442587150149877,-0.490927990206579,-0.120137570251391,-0.17243776943401473,-0.3753823011813511
-0.92918818308126,0.307836714285172,1.49012380265878,-0.48162319763883,-0.542760259379503,-0.479082205418164,-0.40456348233019,0.627970260830956,0.65729347451501,-1.19844015087576,-1.37969989090059,-0.210172501282465,0.182588256367057,0.513091562828977,-0.493565575009014,0.505505302109469,-0.541436173159108,-0.192171089173777,0.24450084596501,-0.0024596891009617,-0.0478997538544455,-0.607157497513618,-0.464706723597749,0.0891249395772099,0.0736597791769685,-0.026282853566958704,0.8205292429187979
0.247560628582557,-0.453262551003857,0.354564575385671,-2.50112819776928,0.466114870696846,0.209477814869454,0.187913943703131,-0.079444311503985,-0.653168827120127,0.262837247145146,-0.454760233451677,-0.762679529172888,-0.556628594604636,1.74589198897392,-0.88797373500331,-0.473782259793476,0.521274761191849,0.109069462253152,0.167252290903126,-0.270660106741045,-1.44925057396066,0.141200808470407,-0.248176657799342,-0.217915704930887,-0.308757478754346,0.18078153247114445,0.6384348934845008
-0.526551407422784,1.28222282299543,0.960829955500808,-0.118110593860202,0.226750266106014,-0.693478039545716,0.685546658899099,-0.0216743791624611,-0.147500671357156,-0.199293284671736,-0.692142568753576,-0.319824272073269,-0.505008050415929,0.525091417781736,-0.188034839087788,0.0367221905222111,0.0821278083657874,0.247101728438591,-0.331772270486164,-0.0716432635944325,-0.211533720380271,-0.0427108233268888,0.11033056091483,0.351857568410616,0.152001408522217,-0.243498817966903,-0.24001316203106593
-2.87186287904696,-1.5837186985469,1.27156441572332,1.034372585491,-2.99204600656283,1.59443974502445,2.47454316073004,0.141654442684693,0.776946595377515,-1.49888284242566,-1.21581622884691,-0.696256150189771,-0.280116592035413,-0.276786930768458,0.417863942983595,-0.267298788861566,-0.994377486445668,-0.120596056340027,0.109403096365856,-0.0419005258077846,0.433123519913131,0.61391001694404,-0.259497359609919,0.06443862171773,-0.568365486625064,10.334167709637045,-0.2679942298595952
-1.48367874538534,-1.13116492644875,1.44761767445774,-1.72976230128717,0.0099123038609089,-0.332519730020894,-0.237707686210752,-0.163938130083399,-0.553414164068349,0.967891670514185,0.800030428247352,-0.113212657398711,-0.995949279472896,1.98647600528063,-0.947309529734506,-0.184734066344539,0.200010622819483,0.0457054892294278,0.325662233718319,0.461620226355898,-0.315618299241731,0.127918596813044,-0.254982503804057,-0.327301609264075,0.265825306862464,0.180642469753859,-0.5618600770331372
-0.560891354487084,0.890962597882765,0.879439072962616,3.24317157443561,1.55785951802094,0.187882300622626,0.941444093497457,-0.136904953300907,-1.92324271706009,1.64345556383861,0.126595992611393,-0.917959507779762,0.575915100291586,0.646147592808695,-0.961089738341024,0.714745638833779,-0.337647119995559,-0.124197313884904,0.303868641701117,0.0360826779784533,-0.429610727665179,-0.349354047374113,0.214424119092549,-0.103524947692665,-0.0665979703221737,-0.2742316784869976,0.5716375858249626
0.852235678618974,-0.457842521424183,0.865579548738078,1.40671659904313,-0.767072665448953,0.0834512883433119,-0.215738671324467,-0.0100794251967927,0.532516946218116,-0.204459401494173,-0.934066465199729,0.769718499084242,-0.42871827252385,0.419005331423248,-0.647244862123003,0.10569214765944,-0.278750293884672,0.315685438257092,0.0635825036992125,-0.226715556753381,-0.0860746580498883,0.417031779714232,-0.389422259157117,0.0387743860286003,0.0669542895769702,2.284800445000695,-0.19548554086252434
-0.858629106865892,0.462483814666087,0.896063503138085,-1.80647567807849,-0.499828386924674,-0.761114841330949,0.368636916544346,0.335518950085989,0.880104596315465,-1.96298154202114,-1.22971150723905,0.657656545821578,0.111241290206289,-0.286758951909799,-0.342383193639699,0.30186381077943,0.26223489915545,-0.0781271090744906,0.174734538135109,-0.079964271263752,-0.100280582227356,0.042109258629826,-0.814913021318206,0.0480688493088039,0.0804307584229361,0.6221665971353079,-0.35565100639592445
2.03279356064033,-0.83207536455114,-2.16240443360575,-0.783826444783751,-0.20435834918785,-1.80039170764611,0.47289050855291,-0.691932202620699,-1.03728910654508,0.866329789860989,-0.521853041864868,-0.474466965113388,0.343476376121203,0.428444158313843,0.348256622244033,-1.72760198296143,0.607069386837491,0.21716882945402,0.427472073144768,-0.180813028279752,0.126170485834942,0.412603046544681,0.0627919977305663,-0.100519273247067,-0.0584407914901395,1.6131275205117506,0.36630990119662843
-0.609346515315845,0.492654405286852,1.82628685315061,0.0176059845675778,-0.772397654602019,-0.614556951333555,0.541329794775017,-0.0849148546773649,0.199584923149254,-0.583683346513046,-0.655360229947784,-0.296536775573102,-0.115059478355432,-0.788143977955069,0.626178608695964,-0.446405170336767,1.20357419099951,-0.0043997411171439,-0.0075774672837666,-0.125758306266223,0.805824203942306,-0.0987238181151823,1.162853896157,-0.0879816050031478,0.0801696941029838,0.4629397858434153,-0.39365637109876517
-2.26481350758209,-0.4105133186046,2.44960933021598,-1.55768474109853,-0.598246131735437,-0.343067008360745,-0.302299166838206,-0.29991585774074,0.0337284776739921,0.956786293501764,-0.0253557876188646,-0.580074981776466,-1.40720182711103,0.841477800700726,0.286693542055096,-1.63841480710993,-0.42891205077097,-0.364610878246279,0.232074632204255,-0.127202093124422,0.461160708636907,0.419267857284866,-0.195704778434111,-0.737014577755085,0.196122763938403,-0.04060631344736478,-0.6653347944754725
-0.600217897480628,1.1530350012555,0.88681189761093,0.894027911916188,-0.106981733251407,-0.404497547936008,0.254265318066253,0.483831860915647,-0.602987430436057,-0.439953590743805,-0.712437124650465,-0.688844163648863,0.992846908381541,-0.426407867220427,0.346621542164819,-0.114273914152232,0.078811329817294,-0.240053866564908,0.211713851653659,-0.071185143366,0.0498473422683838,-0.359555712667373,-0.298219520061494,0.0567438945829755,0.0893853493788657,-0.22917535808649697,-0.6436644504705132
-0.56857722471303,-2.81804436956793,0.389770403170149,1.96666395423472,-1.72542873982272,0.682517070876991,0.333326921833391,0.184050057140791,0.47703589740141,-0.32965704979239,1.26332772884902,0.693676133083821,0.387531299176063,0.317847021738144,-0.234069824038703,0.343932358689922,-0.826009969668902,1.49138780335876,0.583977821516217,-0.68963741071185,0.232072704142724,-0.0909646984130758,-0.470673175702208,-0.085116798062347,0.171898007360722,11.514392991239047,-0.2648799992948912
-0.128646283178039,1.14155859565336,0.427670319270996,3.49369919645001,1.96991097510693,0.889596751548121,-2.06853153055879,-2.36732171643675,-1.95345124384529,0.991420112261676,-0.0833853502209439,0.266310092987676,0.974967379185862,0.784273467107707,-0.60070502915592,0.480780381927078,-0.641159658089294,0.519350055538695,-0.952739251603554,-2.28245851570307,0.339750849373005,0.553883653233978,0.428716298666479,0.179008736393082,0.312515698044611,-0.15867056042275063,0.667320850948812
1.98583259518274,-0.259051352902079,-0.692348311932495,0.361386052723655,-0.430187227578805,-0.941094018329212,-0.108181136733131,-0.291570204601908,0.69826882035104,0.0005145104525627,-0.626561186482978,0.969559024312258,-0.181713860593075,0.0772102693876024,-0.46290452188066,-0.531296305237457,-0.100887214246555,-0.0762455840461724,0.0250749381393894,0.184098376326277,0.123152522278537,-0.233393907004938,0.548058544265512,-0.0537910669822665,-0.0496008488653154,0.13002364066193853,0.8577589879338255
1.21075007195601,0.211748429142347,0.833923849242469,0.712191496975185,-0.725792699637143,-1.03086919061251,-0.0487745368805537,-0.222743332561324,0.0439472409622386,-0.100429784869174,0.168546143451297,0.90356916992166,-0.0260639442083608,0.260525315649076,-0.40713920014946,-0.505459983673513,-0.377440588805866,-0.0271944353749127,-0.0687282145543351,0.0880208215352145,0.752092634993401,0.250402379402925,0.206755707843698,-0.0134260923074817,0.0271991922948426,-0.16687526074259487,-0.42364699902753744
1.97539074243658,-1.41724114633121,-1.15371306225001,-0.848717484158871,-0.899079800880796,-0.347258686975477,-0.814925914135876,-0.0032454078460187,0.270217961569227,0.746007520625805,-1.39329986202923,-1.70361408886114,0.0696699709790845,1.17550069767801,0.256004177320143,-1.0651489800763,0.61086639613609,0.096682242427748,0.22778448147719,0.100704854936745,0.384589745269066,-0.209040650132926,-0.196133986513867,-0.0421118269248932,-0.0325764544378479,1.4879710749548043,0.6064112018285822
-0.398389114320288,-0.816029028727057,1.28161129038596,-2.61563675764574,-1.4455046323729,0.0892381192153951,0.525183733684732,-0.399513460040414,-1.78874705866268,0.951603942691815,-1.49836208496834,-1.78114416618769,-0.880396595539618,0.305328068947516,-0.386488210201069,0.701202715449839,-0.839093394352115,-0.307108003632115,-0.0526604975005394,0.0212336140867103,-0.485384949750954,-0.320119134724487,-0.333523346852775,-0.0394783660169632,-0.124950560172315,2.6004728132387704,-0.4498770466517614
2.0889802544568,-1.09735561220352,-1.40390933183594,-0.925624192944396,-0.612577316009473,-0.525424204500777,-0.617412021001122,0.0491401976446111,-0.176549228625566,0.972795547275678,0.488895441119228,-1.23187785350696,0.631056594264063,0.891513565063422,0.408482796887232,-1.12848006314712,1.12400195160041,-0.131840966791348,0.0111566299321558,0.263552884768663,0.630502362675295,-0.215639448336997,-0.372201329036441,-0.0631091125971357,-0.0635461613159145,0.3879849812265331,0.5238664641437482
-2.87399083299761,0.246882097755519,0.0961702539118166,0.840096677063916,-0.349486175918084,-0.862593221569468,-0.676568195740147,1.25341848257096,-0.688632895946115,-0.92449265495674,-1.11269633141143,-0.379326995212217,1.43786220028629,-0.49145575843488,1.16320121713275,-0.510147033033566,0.677610643497339,-0.456271892914818,0.134102365019718,-0.444220616394067,0.138491124927529,0.339718509722076,0.694393104754369,-0.447539398452919,-0.49065262481508,-0.30593797802809064,-0.020301257737834668
-0.755062662302487,1.31322303962657,1.03234920649665,0.216757093197472,0.710926808671783,-0.543568378110275,0.803959862488685,0.231480876500086,-0.728083319216802,-1.33393232719817,1.75271177155854,-0.502422293583124,-1.26546328482694,0.904181245738996,0.964277928234103,1.05048019635261,-1.55745194970731,-0.24490952076312,0.111267827610392,-0.327872305577255,0.0154066675862503,0.215308719226531,-0.433736417868206,0.0986563731967253,0.125166500490928,-0.29203170629954106,-0.49078510927717534
-0.0592147765527272,1.32408591019218,1.74263185324363,2.7512472251634,0.429223522527776,0.296059558238431,0.687052763371805,-0.137654600689515,-1.32812174858925,1.08961936730489,-0.0136234576269672,0.163232208939184,-0.165963732359372,-0.428689843941035,0.0663650949637944,-0.568066686434509,0.326282560536793,0.357662369643217,-0.0283699592750083,-0.0499420116589007,0.0881150694908891,-0.423064246116667,0.118146591665533,0.201742900944255,-0.0834630393432683,-0.23014879710749545,-0.2788529054889783
-0.74652346636649,0.54611221372744,2.41888649237283,0.500112455866015,-0.483404894904991,0.0072375071719051,0.43556665614856,-0.153425429915532,1.76540445128312,-0.595801062814047,0.88081981347549,-2.12950781486433,0.723436953385301,-0.683558069566032,0.969743366853086,-0.417529836315959,-0.678612395854457,0.0493903582370157,-0.0462134038738851,0.0066977739387705,0.610045752934598,-0.0594498641079397,0.410431211789648,0.0397448837775822,-0.141147483059438,0.5270476985120288,-0.8329626615507105
-5.0634332838237,3.96080851592831,-6.53671554177713,2.00185903426569,-2.83945223033959,-2.27928301824592,-1.74870894944505,3.50220735460817,-0.236961668910114,-0.845491567659034,-0.453412351121309,0.661621151386452,-1.12435074403521,1.97433485856396,4.26654783208954,1.76439658469411,-0.731153583895461,0.0067870491074578,-0.08957420545442,-0.0769881064583304,0.0569385998174666,-0.0031262397860229,-0.376377895243226,0.0874066805535824,-0.252821645390186,0.9454874148240855,-0.6582014437102826
-0.786665760794334,2.385491044866,-0.880551380957225,1.05652920232893,0.299802105926,0.532181121838961,-1.42687415967659,-5.75295675398438,-0.102942512457139,-0.288570756415012,-0.344853569137794,0.921114792724769,-1.50486764479746,0.593493581525342,1.11469995951208,0.81465480506378,0.0436070733923646,-0.970652793640917,5.25385134211851,0.435383171829565,-0.644195716530339,1.18872788064684,-0.126703398144602,0.337833672503297,0.203147580894098,-0.29203170629954106,-0.089061118243809
0.722603825560554,-0.281056540115465,0.710485074326554,2.41665874465786,-0.317370842802762,0.680317064631927,-0.129653120798675,0.290974531605672,-0.66733912181359,0.707845386276125,0.972178805377782,0.201842633693949,0.530215596355089,1.02015357512012,-0.776690771085183,0.0527845151741363,-1.04932333352563,0.193550109078704,0.0077790836178318,-0.0524649583392224,-0.371109458715925,0.030395829795998,-0.198965991530315,-0.0187338435086972,0.0497857661636118,2.4614100959532745,-0.48221803727087637
1.09748300322949,-0.125774365873151,0.891980660486873,1.44792196961793,-0.606646246113319,0.249865610342616,-0.392392899251608,0.183052060232092,0.985125501625377,-0.307387444070225,-0.896977851324678,0.50792186544958,-0.316921882237706,-0.843952290252128,0.474081048806473,-0.836017682834296,-0.203309793709711,-0.193775570368233,-0.0803282674680454,-0.080612615858207,0.102551402876363,0.604350321862781,-0.274236200391367,0.0698633864534958,0.0240766837989098,-0.010290641079126663,-0.4045032949146965
1.31576237413494,0.430459164301363,-0.228004065916219,0.919127658342208,0.305158521361085,-0.590973128441132,0.386389452641374,-0.253833511028906,-0.127232969731943,0.0137692707041566,-1.07274765016863,0.108600974723117,0.356850267061548,0.146605737733178,-0.681744959212333,-0.0738998268598056,0.0314642855401598,-0.101799092842717,-0.0808978813848758,-0.201852298505054,-0.45027675430355,0.851513484160582,-0.306814371529985,0.0046601142487142,0.0088681888610405,-0.2510082047003198,-0.2305999594562436
-1.2671364829193,0.991373002300995,-1.04497712921572,0.472218840785887,0.71448138149577,-1.10604287348859,1.50916556455581,-0.662604796319228,0.997475349659474,-0.0008727576646249,-0.440614498443096,-0.668671652107239,-2.46835890012021,-0.520196531126149,1.65251292554124,0.668209206756159,0.909700537419835,-0.0445196710614238,-0.277574526344427,0.0698410811597866,-0.186814302243251,-0.688726940254212,-0.373721899008172,-0.494537933109422,-0.114073219932942,0.8253372270894171,0.7166902192594595
1.25636706048271,-0.622803834256512,0.340905928133414,-0.656472598758364,-0.854056244518545,-0.562897523461541,-0.443118980690189,-0.156931514022418,-0.927502946941986,0.537408490637833,0.11343633798453,-0.0595631041271277,-0.275966899570158,0.779988057175515,0.485964009540882,-1.92295720120129,0.134546562432615,0.213724056578285,0.219063231229058,-0.0772129669721867,0.132447524180946,0.43201343426349,-0.187531251581216,0.0150240380440869,0.02454703608477,0.6686135447086635,-0.18474438336765842
2.03817901149372,-0.212848193110675,-1.84627297291348,0.539856984021309,0.260757341427244,-0.964965341414258,0.358019047411816,-0.244602519510912,0.673896883977762,0.177920715552767,-1.33957251812243,-0.872299777166794,0.848739831248851,-0.431926670807286,-0.0093752010828705,-0.478723209712687,0.177256195126196,-0.298476477997994,-0.0451131257523353,0.100079704484016,0.724669439184394,0.158831712838166,0.3507010040541,-0.107609390854591,-0.0671574863387934,0.1578361841190377,0.7987413807793216
-0.865676132113756,0.461644197812451,1.72399327688089,-1.60554618117145,0.333923983527682,-0.708617189328078,1.0747958564815,-0.426187688654009,0.930180150591047,-0.332379950078137,-1.20860980109683,-0.798912096927019,-0.537399392348986,0.735219035512551,-1.21994777472993,-0.373354960593953,-1.22250845072381,-0.116525025861068,-0.367999223682156,0.0161231099132915,-0.169692767409724,-0.403448978813973,-0.0021146426961116,-0.291312760735949,-0.263860484367284,-0.01404533444583509,1.0177716798923533
-1.02756164719441,0.679831564994135,1.16635866088414,-0.557268614811377,0.464461877653155,-0.0108608752840964,-0.208094292872613,-2.15505917925788,0.756493644802268,1.43504433894873,1.88165466694661,0.834937541525522,-0.46151281863949,-0.333850561548982,-0.373104055415277,-0.303199142452973,0.598248262840522,-0.0968254505559078,1.40358094271443,-0.572532902942768,0.107240790467008,-1.82016922646001,0.687660552059541,-0.0137752656033212,-0.254690761287965,0.6953135864274786,-0.3545933431852703
-1.30566590856166,0.571471952242708,1.15637459052915,-0.135058940529961,0.671565329089717,-0.660446341360805,0.847575662025858,-0.353114447652808,0.297217496797465,0.883572243950565,1.32013502572736,-0.0721683987713609,-0.732467212650731,0.549868455488572,-0.58094180402788,0.457270052864112,0.361629717304904,0.109176886786919,-0.525063464493079,0.358701549452696,-0.0721394411768762,0.0048332908904299,0.0517969556666578,0.171360806635429,-0.338600324040122,-0.18105965790571543,-0.2801103495283116
-0.614640034195875,1.0947714971875,1.11579551069676,-0.391518361000432,0.251226735900199,-0.128694371171033,0.526076642715222,0.192686778835523,-0.276514212604052,0.189975142980383,0.432887224610297,-0.0927306016061932,0.393069510883507,0.656657801035414,-0.903469611043427,0.504138385490292,0.590517333978976,0.203799660379484,-0.271646605182868,-0.115295817552315,-0.544186397494555,-0.0921854603213578,0.112662004401024,0.361861055773132,0.159383878166031,-0.2508691419830343,-0.020935855664227187
-0.925823031357557,1.58997534572463,-0.824941241413452,-0.945990586438871,0.488495752524837,-0.627737068424255,0.636337125454321,0.294529214823022,0.379375988405103,0.280012216979005,-1.87478275259811,0.169683660477947,0.0847359818219897,0.256576175352422,-0.665911805463345,-0.462634588217064,0.210386142740758,0.287986237026118,-0.375389188029926,0.0246278251036871,-1.01271015098938,-0.158682795194727,0.217609494004526,0.437323971505649,0.219269656297196,-0.18161590877485745,0.8866449453981368
2.17510284787647,-1.79281764523071,-0.954573764420829,-1.83056826017092,-1.16349311076613,0.274071274313045,-1.45247622166245,0.108298368810568,-1.0074813418861,1.68282952399371,-0.618600296034916,-0.910500478757523,-0.290548232213952,0.3972571963329,-0.314111451518026,0.891175185139657,0.64550557459707,-0.288850290153646,-0.408564602879949,0.231823495873847,-1.47734482325779,-0.514764577901275,-0.423161324062928,0.0129752275129176,-0.0479606668663107,0.9025170351828674,0.7130824125297835
-9.14874793881784,7.90009688466059,-5.31064367290125,-2.42451559435791,-1.83299967916404,-1.19446025369753,-0.528136358332087,1.86008010125909,5.84322424066686,9.50432207203438,1.5583825812159,1.60682691683179,-2.40958545956566,0.0343411292785821,0.385140786322313,-0.342668455312224,-1.09958524507156,4.08548610931125,-1.30620456243394,0.602855758108026,0.469094593274929,1.29752463586963,0.11303146594064,2.13327006456274,0.86059215667062,-0.1692393269364483,0.8240547869543119
-1.67760144067256,-0.310005710405849,0.310437721008228,1.36301562923427,1.56759275728329,-1.33921470665109,-0.171112179585454,0.351506391853417,-1.40599790139485,-0.110479117244239,0.945450524194881,1.28718744932746,0.937675132886322,-0.337287494838021,-0.187965412646235,0.492815156881607,1.22478791368061,0.48596847398677,0.373346464142128,-0.240175764175,0.0761624172292718,-0.120465729621402,-0.278155011538663,0.0758117272555136,-0.179298326557464,-0.29203170629954106,-0.13073304874358424
-0.246275830876395,1.30780205163243,-0.704683165570322,0.946573546940458,0.772891743695845,-0.284699478994914,0.851256900668562,-1.2443240300554,-0.249502673740471,0.506208227796444,-1.30658866402847,0.285437736355357,0.290730086718738,-1.77558949500252,0.594071182406615,-0.0346483859537629,3.13860409492238,0.0737211762675435,0.825792434112479,-0.180289363811398,-0.574103634694203,-0.47971905680537,0.130953952273245,0.330100817128637,0.28555487007628,0.2404394381866221,0.687733750914438
-0.200280642024653,0.0592251983030295,1.67629544195978,-0.908377162640749,-0.586747398124193,-0.711437018926759,0.130948119585372,-0.234002244346022,-1.43340389947627,0.964684340027342,1.27590805667778,-0.16649827004494,0.187497233077048,-1.44487258181799,-0.076289917364221,1.44413070031111,0.351820066337433,-0.32806431194766,-0.490361883679936,0.19715000040558,0.510568756073842,-1.13971025341072,0.656483583322515,-0.205420838052805,-0.0517412887050328,-0.228897232651926,-0.4834872331236614
1.05316798526875,0.0911844398251927,1.61149014049103,2.84726086588316,-0.856462431036673,0.592868004699496,-0.692829885332435,0.327013028950669,0.16204898648368,0.547630445407333,0.55025442529591,1.16819365014459,-0.545852783356308,0.159019519645705,-0.181104270037091,0.0990062252333835,-0.355378263696458,-0.171263224600892,0.0887076225760614,-0.119528658592348,0.583131132498008,0.564430725123821,0.182750177987511,0.0460332299824973,0.0193321606900564,-0.2848004450006953,-0.6659928960287684
-0.670519705427384,0.593197276803373,-0.128366087708175,-0.22770802219448,2.68202021048828,3.74906439766245,0.735995770492912,0.220446052334305,-0.203337949766237,0.741401615438853,-0.101147024297394,-0.543184249421407,-0.14750393624242,-0.0700636288330815,-0.98677249011249,0.55522005994145,0.735373307793364,0.0877778628396648,0.0623541582778245,-0.179192370421987,1.01498751775952,-0.17589580270019,-0.374665252756041,-0.690575631280161,-0.170329708119308,0.5972743707412043,-0.5981966842258346
-5.99051395206217,5.75636907179818,-3.85169684586752,-2.57070561477942,-0.167521019514886,-1.40088850371527,0.891089529592592,0.62573595942077,3.7112481400625,6.90913738641271,1.25678039471782,1.07684816260837,-0.519271069168779,-0.94941309117729,-0.661654990073765,-0.324475674515057,-0.622767266254521,2.9203255895287,-0.443378473572465,0.10396099379505,0.662001048412801,0.817561838266737,0.0072310979211986,1.47031151581747,0.287750996511621,-0.293144208037825,0.9300091370349587
1.19350514086857,-0.273898317412026,0.502143441997268,0.234985723756829,-0.608298804594251,-0.221848209582868,-0.439911448644595,0.0098852266620827,1.99230404990255,-0.542455957477497,1.46056692611539,-2.0296369754435,1.60522729837168,-0.0478286199709341,0.615041857528955,0.299619097426599,0.670263653141098,-0.127296698572303,-0.232676476880505,-0.110929938753595,0.0090660657194452,0.387644003454968,1.07746283641249,-0.109949976508571,-0.0179019460792769,0.14184397163120568,-0.8666551107167725
2.0968845697792,0.561344285864013,-2.66167349459,0.617560934207,0.85265378741683,-1.42048340827804,0.352437814665208,-0.359715860091874,0.575959348902312,-1.19422485898382,-0.444343806540783,-0.530977379637219,-2.54878502778164,0.979071541607711,1.52625559974581,1.51240177094552,-0.437037300046899,-0.140105166293519,0.0504737730701098,-0.131344867169705,-0.872878785013179,0.345645396371129,-0.0593261471949494,0.0183313358605142,0.0005438563747499,-0.29203170629954106,0.7213674410132414
0.860001875888774,-0.839977748571197,2.03426023113868,1.92588809479272,-1.74958261105739,0.916223547549687,-1.32185483194074,0.572557210944324,2.08025018704977,-0.431461957817548,-1.2625421639891,0.13389647849084,-0.85426947315364,-0.694318016619894,0.728273887670239,-0.302552986889331,-0.463267450468954,-0.147059111722199,0.160820720141858,-0.137092887230283,0.423829908045948,0.385101346387432,-0.092125451476164,0.11523529642711,0.0515423994509535,0.8865248226950353,-0.5661847443833676
1.17598595326618,0.10498640449045,0.327793350821374,0.0845203145040779,0.0560321310789902,0.127254059371238,-0.220338602475044,0.0386021538501129,1.04711591204027,-0.415620045171535,2.92454923179826,-1.21308912704148,1.87934678586819,-0.278329608544794,0.740929141678713,-0.681863486040403,-0.63848324712224,-0.140343146110508,-0.0638116065343396,0.0194580399002473,-0.259170906952444,0.205921196095523,1.04076592025019,-0.0843035007484217,-0.0230416661435316,-0.26088165762758997,-0.7392537010867489
-1.91638803072103,1.73993157732818,-1.05007271285887,0.735049715961367,-0.473081250114597,0.401900102934329,-0.796432252432177,1.77498294013693,-1.83888307209857,0.0008607511316498,-0.491452839365649,0.639019075143275,1.17712722713678,1.84820601650338,-0.433826229724104,-0.0651920768641631,-0.685558438190175,-0.58974045307501,0.268209627521205,0.386132486774759,0.342484836678255,-1.49393237690882,1.86154504735873,-0.82101467972178,-0.106731723921539,0.04950632735363646,0.7130824125297835
1.23484042962491,0.166839761567962,0.152487245373918,0.517643028132272,-0.311044502479113,-0.602285137467417,-0.142393334288317,0.0642657501286133,0.061840863944804,-0.0617149327255772,1.03869082793875,-0.120970760446008,0.239778803848459,0.853303017600767,-0.274773745541443,0.519327221542762,0.226682686227746,-0.17143175151569,-0.277614697615195,0.0972829274350638,-0.0851188167160984,0.170166805545008,0.103191581527785,-0.0388663338723172,0.0135684932083656,-0.27840356000556243,-0.28663260599401247
-2.04620698542322,-0.336012007828517,1.8507331643414,4.63757001677888,1.29614978381921,1.12448474530283,0.398742566428067,-0.738994075135675,-0.360509700390244,2.9385454727391,-0.974981314689276,-1.00810466493434,-1.22125292217405,-0.0843108408881226,-0.408063193548927,0.328677755738841,1.24596403431386,-0.813808648085365,-0.195433934048462,0.713816756334227,0.64143486483492,-0.52948905104548,0.31410619524422,-0.964627645777452,-0.111121402840089,-0.21123626755666805,0.4455171238611758
-0.577844634928342,0.442838974984309,2.25031273765359,0.85775052966172,-0.61307775636954,0.199598161373026,0.280899838056916,0.231635687916184,0.118804760721941,-0.595061363686942,-0.426962914756408,0.144551143854112,-0.26195484080943,-0.21263707116088,-0.0255987505329475,-0.121639726584482,-0.825290710576873,0.0353088571573894,0.346380065057296,0.0879217087619023,0.400505298173821,-0.479946295354826,-0.348170442696296,0.202935635937648,0.182965298930515,0.8065637602558753,-0.21614522891063628
1.98767090188427,0.364616789836189,-1.93570319780649,1.44293007119307,0.884283766356353,-0.639531683762242,0.321319714773916,-0.413315292415824,1.49760609735087,-0.580049586729719,-0.333972748336702,-2.61554405969825,0.513251755308952,0.650371288228532,0.637115795181919,1.13240730588569,-0.654967804016432,-0.0930268506828998,0.0256085487021168,-0.199042515610725,-1.14320747033049,0.419686743335132,-0.403138584947228,-0.0140829601985829,-0.0294238332661524,0.524266444166319,0.28229618683033025
2.22257462435975,-0.927716579350168,-2.77999549264081,-1.94870259097044,1.99057125370177,3.12861543524694,-0.858929424672808,0.698845637478392,-0.632931084821011,0.813883661684871,0.0646820181015845,-0.414449731474955,0.168043638222285,0.549054191389289,0.306705804069592,-1.99781621821945,0.703951145381055,0.0074622711656408,0.0194087462470232,0.238991944483076,0.7114916577976,0.027769049274098,-0.257352838459322,-0.0192454096245507,-0.0711585915466732,-0.2485050757891809,0.539202580698234
-0.85849757068786,1.04456281762173,1.66860849966741,1.49570504002985,0.374644075489015,0.178893780197414,0.86271614618356,-0.0054099327288631,0.0245863174535078,-0.0869874697065946,1.40169855672026,-2.63346625057074,1.74884709681152,1.15241723350096,-0.543698201119796,0.98713860740813,-1.4809865765489,-0.211675972019156,0.1492616259056,-0.198098117367356,-0.0588301569704798,-0.0608010144750123,-0.0924386487332486,-0.0555963145363851,0.132355431160033,0.9605061882909189,-0.9441113131770146
-1.19673710987348,1.10197488554069,-1.06185217828501,-1.17237744054238,3.38965580128457,3.43822089408363,0.786252997650243,1.22984414958213,-1.19924406958374,-1.12452018028463,-0.628687560504041,-0.0229696480827444,0.920439878353875,-0.455977177011578,-0.308159212553229,-0.542226830708479,-0.828898895344955,-0.180211118015411,0.101187497232634,-0.525400048773433,0.700172146784376,1.41099389947178,-0.431741772275033,-0.11983713256977,-0.0521167170247982,0.06716729244889441,0.6624908556201579
1.0854010136815,0.0987066299965274,-0.0053679235374996,0.404028161094078,0.0554119828375011,-0.422946879904212,0.359393045436936,-0.0857348579163041,-0.547082881822286,0.0248992410083647,1.81152054941479,1.37261661315194,0.601607098439676,-0.0882739877918975,-0.255185289683447,-0.894447061980811,0.0183369499051837,0.0331714889892074,-0.262651836477541,0.105617512436444,0.0372615085544846,0.182163658472607,0.142210798566532,-0.0584700872130901,0.0073724417255479,0.5965790571547768,-0.06680318356626407
-1.47304989788583,-0.0016077039051371,1.4987859867338,-2.99482889128718,-0.159240598130204,-0.223355449922889,0.101700894600538,-0.0516101671950692,-0.386817552953045,-0.109007259510824,0.186384031286704,0.456760445580181,-0.395970081557455,-1.35049700549505,-0.440124676912529,1.11084557522013,-0.191053171624741,-0.692559798815729,-0.720784916083853,-0.0442405602715774,-0.51683718494537,0.126098507108598,0.190673021976806,-0.721321280258781,0.167537730981124,-0.27937699902656093,0.45731594456669594
1.12912259411299,-0.54606419603374,0.948064923719334,0.652862116710209,-1.23410599064131,-0.271230244127918,-0.684775330924451,0.0458026213822459,-0.751646238915798,0.780233996724626,-0.224597129059325,-0.140671535316968,0.0993382092827093,-1.40931721680152,0.0629617056666657,1.04301025407029,-1.88332768716564,-0.478066564908701,-0.165087678988314,0.0384337596867497,0.360254220509442,0.23780197809028,-0.294979205025021,0.0729131154112443,0.0468185699208819,0.6118759560561813,-0.060927276840407434
-0.4172364611026,1.54313781144158,-0.43312833620831,4.60913318699107,-0.122208127842451,0.349299926159919,0.849124604918599,-0.0502491312081748,-2.04229948631783,1.88843645502012,-1.01830959791887,-0.152436344936696,0.36364899562374,0.0649845600649346,-0.0132150285829497,0.136831884240298,0.876805912007176,-0.284569022420071,0.295563763745636,0.0498614482245319,-0.0510517423763854,-0.325412033299151,0.47420145130004,-0.495303434685292,-0.127695729969536,1.6024196912807673,0.891921509637956
-1.09032744402074,0.895650584254481,-0.0784394822087094,0.343992178402334,0.872591070472949,4.42955655595327,-1.76975514913339,2.1860513103671,0.509332272290838,-0.117925903891624,-1.1401367478531,0.316890834394674,-0.0007105444576728,0.314421941144303,-0.173133817060415,1.139817109878,0.907689787471456,0.185026936027125,0.301953916203869,0.0371100903225122,1.03735287125175,-0.690295575630974,-0.180117165333544,0.44138252844245,0.217740394338919,-0.09734390209984702,-0.28470530858793147
1.80351418536591,-1.10406481169339,-0.503175760804968,-0.510702338980757,-1.19422284184748,-0.778169221052299,-0.616533494919109,-0.0717114429886032,1.8793381122253,-0.476567685306221,-0.935540426560863,0.123625904503839,-0.0603083202323927,0.0197023796414338,-0.231105024802005,0.0166339994280199,0.113514252655702,0.0026617909637859,0.221761316120935,0.0755642677772138,0.0545080699297278,-0.378022379404378,0.729883479523813,-0.0532483215771047,-0.0347310039868744,1.3906271728549573,0.43208480108586755
1.25882826070754,-0.0543215021740081,0.315484345425187,-0.111736221269545,-0.496857429581738,-0.702449396575707,-0.151798806659764,-0.0554578464121478,0.3588598893953,-0.212199460252366,-0.122096926044134,-0.0944062690956752,0.4095438762582,-0.0022693156321823,0.0164913990949626,-0.857280845787297,-0.281748576579024,-0.151643167111816,-0.0919378671863303,0.0861066968960908,0.126733912122387,0.143759785037514,0.992462529338968,-0.071805131246887,-0.0015945482866528,-0.29523014879710746,0.01490717536349828
1.06187308365315,0.312569390593558,0.744213062351675,2.67042697406933,-0.134297524499868,0.220044215264359,-0.0021159685548833,0.100917158190752,-0.321546876311889,0.487133949308521,-0.711238020745174,0.136552645562624,0.0159038599861655,-0.0990440420266347,0.0868838534102933,-1.08515399531733,-0.951462927746022,-0.157600824232624,-0.180054107996172,0.0278678581308102,0.0658279116511186,0.401519861906993,-0.0645518444560955,0.0113317029843694,0.0238095528874471,0.18036434431928797,-0.5384387128238727
-0.401785317904004,0.627234938677304,1.06363942145373,-2.07873477848069,0.312697084964919,-1.04715295419957,1.06158421450285,-0.275660555723146,0.906976730958758,-1.17888488935964,-0.206035398638344,0.0388087724182131,0.209535376589292,-0.849810154782336,-0.262589964523499,-0.344322981998565,-0.456553904027661,-0.0343289010592238,0.0822588598478743,-0.260300540217825,0.0658263921134861,-0.0170104048823919,-0.808077873948025,0.252021426253121,-0.0181799552809336,-0.29203170629954106,-0.9609869172936749
1.36966282249825,-0.52779429365181,-0.0294689323593307,-0.957426031897824,-0.406009073286993,-0.0175283728721631,-0.441056592455645,-0.0990132358943823,-1.24159726552257,0.790099518679239,0.424465377634389,0.923276156468991,-0.0662447986776545,-0.704033989463457,-0.829255485534268,1.56230499779019,-0.0504472502437404,-0.267797166073993,-0.477297175460406,-0.0589443457792221,-0.790589605236283,0.257773909820317,0.951300984643148,-0.0570208325347093,-0.0022179012787423,0.2482269503546099,-0.19090233361635617
2.00518429197268,-1.96848555037054,-0.0033920714271806,-1.35204991312897,-2.18296026872818,-0.452606612934539,-1.63277385901926,-0.0633037379966856,-0.663490923171691,1.44021119863668,-1.05072893447836,-0.608481060887405,-0.899380150529334,0.0385099779311537,0.196946666354561,0.382258762915781,-0.448600565219162,-0.15676972633742,-0.0276223987122671,0.225829008940259,-0.0415515814300105,-0.588171349126636,-0.242099037837718,0.044778543296624,-0.0079320628567814,1.5697399527186757,0.8554556324972897
1.94717748803403,-0.204197601414945,-0.900552710435355,0.0135078403927623,-0.0308860307066792,-0.458695810556833,-0.0806321038926866,-0.0757544111998178,0.154752192838051,0.209761244244583,1.3237299265687,1.3773116440095,0.386709702224458,0.613962018084702,-0.872832529419038,-0.370253954048519,0.291830353803497,-0.0436814324115004,-0.381596298165594,0.542368879316601,0.732515130636924,-0.727143543331939,-0.0412833559581837,-0.0783375826352338,-0.0432782526848427,0.2323738005840634,0.5675949619975732
-1.84567296875757,1.64734804851826,-0.0337965595897344,-0.891151483552811,-0.393726656333595,-0.24333126514529,-0.609895487563203,1.38211810642341,-0.481351080564967,-1.91834678991122,0.829071478569993,1.48891219436031,-0.510259053508879,1.10430827347821,0.556326267677732,0.928903728509664,0.0374276669174687,-0.374716329457595,0.0019320789099061,0.127019997821714,0.658559067492627,-0.253587733481463,-0.350746601759784,-0.474614659620166,-0.0986465386510572,-0.2877207620636907,0.5950354464073238
-0.360065135860199,0.536759546664808,1.13864486398352,-0.0393177688864066,-0.0059695746050725,0.328693371966343,0.046644831786061,0.122896912483485,0.745059624346095,-0.39884992872438,-1.40046739618756,-0.513187730128805,-0.129981353407217,-0.342410492628433,-0.180826462683577,0.605012025900755,0.822335846304904,-0.090282157118721,0.300114620812046,-0.129365656376759,0.532330428636578,-0.546336136563506,-0.144368616456482,-0.0246211233607305,0.20660278320275,-0.1177861215408149,0.8030895517564555
2.07882526230378,-0.146735868161528,-1.44566358324471,0.310259722269072,0.198558179549922,-0.799223130870275,0.216961299756292,-0.296737434785682,0.646538309295714,0.0550593662249689,-1.46769566917493,0.157306019749504,0.230089338794538,-0.0534398720575356,-0.430697517370182,-0.6515370629894,0.462292016225717,-0.182197744437676,-0.286482034493603,0.185495938383108,-0.642404353725804,-0.111817746056311,0.315708563015491,-0.0779918524139717,-0.0676792452079958,-0.03810318453622581,0.6439699976202578
-1.70784001614529,-1.04985296380402,2.5359812412413,-1.59162837262091,0.471683185690497,-1.42193113204802,-0.805661291525113,0.378397672923569,1.16038543967099,-1.54867653173769,0.996949032084545,0.604277809393868,0.215031862753352,-0.122172938070269,-0.449045860657912,0.897008926654662,0.274002194222707,0.1495387050549,0.196190908253491,-0.0865224208953553,0.510558334163931,0.466826288246892,-0.800343249607297,0.0514170120885761,0.0920149449918195,-0.29203170629954106,-0.06111530585563485
1.00446843081986,-0.892209924514518,0.754325226353801,-1.2840937934641,-1.34331337588056,-0.543380198056298,-0.566553266989331,0.0172063465933071,1.56289169661746,-1.06451412482329,1.41611116433773,1.79268440276798,-0.149142910823818,-0.243421062748876,-0.364947125586127,0.627696232382994,0.923198681479314,0.210413225093836,0.243664230944938,-0.228712958079182,0.42927802517731,0.436630335261576,0.08241040415664,0.0243577826484399,0.0348881196523105,1.3628146293978582,0.005964045326744483
1.03161074378612,-0.290898524437296,1.41390188868955,1.0306011052155,-1.35684465906351,-0.5729469545129,-0.497470867189753,-0.0082181743967292,0.801372735879303,-0.284841532257744,-0.158969594963475,0.920886475869929,-0.475018657923869,-0.0111971070391245,-0.0117679541413865,-0.467078379732841,-0.263397649978933,0.0376413223693051,-0.0148925833958288,0.0390824988233607,0.985012184156769,0.181291148203389,0.275281377924849,0.0102615982837765,0.044119299879225,0.6303712974551522,-0.2700390454001933
-0.391674225106591,1.31460657862276,1.82861566233448,2.74112801260096,0.0165316594440919,-0.0070346846306182,0.45342016573311,0.148338409789102,-1.64393256348729,1.06982614729913,1.31638299711929,0.22029761464694,0.501160815081273,0.107880832627116,-0.199954530168082,0.518684158732948,0.956776457607984,0.29360750825326,0.073615804528267,-0.014991790197751,0.530264190651403,-0.483298353869772,0.0869720138530492,0.392997102952758,0.214203482906376,-0.0944235850368516,-0.051290789810002554
-2.88449165456109,-0.739075195756072,1.08754546067579,1.62743981282743,0.702279712871188,0.0997597839201833,0.639469976364797,-0.135949027329419,-0.0377484641701458,0.705027960918669,1.21475981619282,0.667093770486109,-0.136683927092999,-0.912891010137493,0.234019986840695,-0.237464636364353,1.31397326681616,-1.05817436883692,-0.34468616414229,0.859392935319981,0.056878557616786,0.368126227804779,-0.250084337308167,-0.773737209603505,-0.0437040817081605,0.538033653177583,-0.07669821049260664
1.47157407095539,-0.461710359127435,-0.137366298494013,-1.05239346861043,-0.144382700447898,0.185361382519485,-0.559479712358787,-0.0195373180922081,-0.79984535316082,0.569601814242509,-1.14477549143084,-0.713943060031157,-0.252223847339278,1.26976408491484,-0.0172386916622564,-1.61230246820528,0.769132082222714,0.105263327445111,-0.10727038631257,-0.0573216230154383,-1.32036186832664,0.440725442602538,-0.303943159400288,0.0223796818367949,0.0028502509441636,-0.19538311778612152,-0.6013931774847006
-10.0427634694664,-12.4957673385719,3.07869688166414,6.3438478827258,10.2318171571398,-6.61456219974927,-6.70023483025429,1.25840276120124,-0.224274196929697,0.940671469992204,-1.57525150729654,0.59710968534515,-0.112939579443319,0.618405601225445,-0.34053309768603,0.125013480835315,-1.56320935639473,3.88212222961981,1.08158430520944,3.03322173145255,0.249300477450727,0.98803705197062,-0.179789402163246,-0.515776351390269,0.352538744239409,5.202753441802252,-0.1394528943247555
2.271794036195,-0.580219763046734,-2.54744713597723,-1.05348447813474,0.296673495401659,-1.18903982030264,0.195601608028716,-0.350815231599122,-1.05191065992671,1.15457340876476,0.728441551080447,-0.975413514606778,0.992121380077963,0.297030745510149,0.451121030631992,-1.11060814420533,0.984240728952505,-0.179545691535187,0.504072949359416,-0.164839048412667,0.756457896375628,0.676646553412473,0.257139977615792,-0.111041019888146,-0.102091213358238,-0.2810457516339869,0.7611003222934839
-0.556216049528151,1.56290183854985,-0.155126076595649,0.845818282240169,-0.111944822238644,-1.01662996103091,0.490751650643016,0.30559634281603,-0.610007992287176,0.589482408944182,1.11657049152746,0.53569831582023,1.04428856506413,-0.301339746561898,-0.132528968621699,0.402483542094473,0.568957796505162,0.0087837955780894,0.220647438450572,0.116977280253222,0.527550582508281,-0.724880179655719,-0.448834918941101,0.276493603250446,0.216671727091971,-0.2810457516339869,-0.07251456490379672
0.166595232206859,0.95111818866579,-1.05580894586008,-0.5790493612898,1.39761991418133,-0.27061513470254,0.968703860434784,-0.0733087093132599,-0.234027009775251,-0.629654549609611,0.0301932666267629,0.218662035848105,-0.811008159403419,0.600444175494497,-0.337794594322867,1.5871928355809,0.598239461517474,0.169696937707975,0.244522663949119,-0.325968383732506,-1.44170922611002,-0.146273513083103,-0.0760332607542943,0.376805357591584,0.170402670541984,0.07314698929217078,0.5040411548507079
-0.883344844076403,1.11692340504728,1.51784421390602,-0.413404140960907,0.415169431426734,-1.00003024168821,0.613737506664384,-0.0764739590280728,0.770236062979019,-0.871231631081611,2.49338200454023,-1.72915823456599,1.12896682286299,0.818341170001158,0.170612845046319,0.444363978736608,-1.03512369723845,-0.0897840182717308,-0.298308734718497,0.0010343938895382,0.422518573505692,-0.49209152646813,-0.221178096252818,0.184483677093646,0.188485407937982,-0.23112223612849392,-0.820975811829963
-0.977736089549626,-0.0807198592632507,0.713430050994688,-2.09221145955178,0.769239034344352,-0.0257138554044408,0.456419025277354,-0.156612170222684,-0.469458046864322,-0.243241327744348,1.27553412148845,-3.23060520731345,1.45710421932576,1.2897816123255,0.332581268554273,-0.0760805079587995,0.735485618528013,0.123405098338396,0.308478623007877,-0.613830667183458,0.0995865402133281,1.05185142113053,0.136397252282419,-0.14649352898619,0.0442600251182248,0.9831734112084549,0.2965158811069033
1.24457345846824,0.323385504582425,0.293679844691599,0.698758660773237,-0.388994371698605,-1.07162694619692,0.0844653948695723,-0.196382929967312,0.0553937871245109,-0.281038764151115,-0.0970147590309167,0.151755037876236,-0.255846513756742,0.488116296520652,0.0017437002804696,-0.277321246895504,-0.197331038578566,-0.0777916271404148,-0.285965061546235,0.125065626722124,0.335926113599277,0.209335425296727,0.0946000639841492,-0.0252564975144086,0.0315187632462729,-0.19482686691697954,-0.03167701315909311
1.81595239848271,-1.07608858175556,-1.28988322551102,-0.236533448642829,-0.673604985532727,-0.766046485701886,-0.133923127933168,-0.286374235474385,-0.667021963842628,0.861539050964216,0.886524453310867,1.086300385454,0.328609786226026,-1.6959742481255,-0.3673673838225,1.68163626858516,-0.840798122381091,-0.297878281022507,0.111887443428582,-0.108856076843107,0.0528011426007205,0.126849380653811,-0.056751388504043,-0.0121701884427593,-0.0356249363585415,1.891252955082742,0.8190015071700751
1.13939219853749,0.0552027558744244,0.362834007688802,1.42046982412432,-0.304200573682661,-0.221229811518993,-0.0203545635371758,0.068624965029553,0.526302748898875,-0.0844222471916365,-0.801595426917812,-0.300190942900656,0.380045038284254,-0.648997842711741,0.354149269965152,-0.784881455804502,-0.361746409769189,-0.265746734880763,-0.112092748368836,-0.0546573530918368,0.0399787742096774,0.605274655758277,-0.308326371882486,0.0274071979589686,0.0147239809973314,-0.016687526074259478,-0.3373534328516069
1.8785625824583,0.0207846148454918,-1.62111326086483,2.90881274895554,2.50784747862852,4.70944206945591,-0.830625971166057,1.13615371488867,-0.395754608484749,1.31141279262982,-0.945684935002126,-0.0079114165711716,-0.121323711423773,0.303651946925192,-0.47143351886327,-0.592711962622778,-1.38868063809564,-0.252052834604407,0.0799983909242375,0.121098219316919,0.707537660548721,0.140099630383241,0.155684269122107,0.0163749473296811,-0.0538916954122686,-0.30593797802809064,0.3420306546053888
-0.422520117585414,1.42508148676824,1.66803106997181,2.28716023844643,0.506938544149248,-0.725460946483811,1.34883283191396,-0.465632158403035,-1.58497687225551,0.729229832789995,-0.204138110571732,-0.50733170624004,0.226936565496917,-0.19508628658598,-0.175819470887311,-0.396148409497517,-0.171812605037942,0.0410661899476247,0.0078916313375848,-0.3460631672927,0.712173604699111,0.543310398493984,0.144449299978447,-0.339249546019371,-0.247816264490678,-0.06202197190933111,-0.6270003789959838
-0.134611832153766,0.214337014045557,-0.599769210996261,-2.09123626145419,0.572075743920905,-0.535093426116854,0.340456791537367,-0.0966096258987479,-1.28908194654421,0.269357993697819,-1.39372906328464,-0.63892678721855,-0.288040820947976,1.13879039802168,-0.270891775552273,-1.00380169687428,0.536603547678786,0.0189741178495327,0.451266346000749,-0.137925068533665,0.109742426789111,0.138701203469199,-0.0292007469711651,-0.354702733446548,-0.282294355132919,-0.09734390209984702,0.8362061620633834
-0.574536409536158,0.0961950446135903,-0.356205107148691,-0.282093134734203,0.739521484828468,-1.28071091162169,1.89130025839871,-0.896548299500527,0.479281931585809,-0.571448120091176,-0.436861146726903,-0.983961851031354,-1.31197832265726,0.213911716653528,0.142471360853967,0.730744073791719,-0.558866885564869,-0.42253858319901,0.0508935489829216,0.249697382132218,-0.0514941675313267,0.058145688807466,-0.221818810299782,-0.309597238940385,-0.497828386746949,1.5420664719788622,0.7183002177023442
2.08902284894864,0.0458331338108923,-2.32908794143352,0.448416741203817,0.536286246418532,-1.52890343973442,0.766140797023115,-0.392109090785311,-0.0860590545814656,0.501249208802692,0.648359855478896,-0.325826601584989,1.49739936276863,-0.592571202420168,-0.138585375185201,-0.0376528463740022,0.202996672164377,-0.406595593966866,0.302705893248808,-0.147967396091592,0.0596061978755968,0.551760445918541,0.711126236858306,-0.138182828200531,-0.108157481611497,-0.30593797802809064,0.4791743175868826
1.29565653337862,0.081411991914374,-0.22471933784738,0.0525254203653481,0.57722229521506,0.783168837336585,-0.177876343800236,0.209320681421404,-0.0505426314753022,0.0711403881821858,0.103126931438656,0.399377735297616,0.42553962611096,0.725933277479647,-1.0048210509409,0.107831585026997,0.465599833943217,-0.078871448474656,-0.29546446381639,-0.0561019813812729,-1.72477385417084,0.334051751921125,0.215069561730134,-0.0207891835752609,-0.0127926931379354,-0.2810457516339869,-0.6738666110414163
2.05956116431561,-0.120033475982952,-1.61663508415243,-0.0371329660977208,0.469545768122997,-0.275659651212598,0.0180909321820291,-0.0769926816173144,0.56584852422324,0.070746595462797,0.571004172559936,0.698667259624511,0.711481284417674,0.0122188558399892,-0.88359298055673,0.695923805089147,0.197678965790226,-0.227350243763335,0.290324898246589,-0.0415657209596991,0.23616527574048,0.35431626522311,-0.438892082033132,0.0004207457557764,-0.0626387629309898,-0.29203170629954106,0.34109050952925174
2.14475621271936,-0.891297881109161,-1.3061797657832,-1.06686844475254,-0.532867328619836,-0.656204631385543,-0.612585583588047,-0.0983005788826985,-0.587817990729532,1.04237742573182,0.945247792577218,-0.435295075329463,0.346213577935884,1.25599892165455,-0.101125422407219,-0.679446334704858,0.715006372016085,-0.0154530129421488,0.401012531398688,0.0870247403109843,0.781586745203931,0.0099672848600862,-0.0919997183193167,-0.0487176709854561,-0.0622343836537941,0.12918926435822553,0.45228616840936264
-2.17674229164682,0.511871506627967,-1.14164656648168,-0.226216532332294,-1.23168381089279,0.693590822185781,2.06134729265109,0.50501062641936,-0.41821950899778,-2.37623083352269,-1.31112050747073,-0.537211289571718,-0.835230937983378,0.329066021564643,1.42915344449375,0.541504083173908,0.707320227355485,-0.144536509223872,-0.220618811022493,-0.175008393762299,0.17632143337629,0.774989647750936,0.114694430868928,-0.0495541192155165,-0.326108652995462,6.727298011403142,0.6094196660722208
1.17540811555568,0.344914362194415,0.384439246186529,1.06880452449793,-0.0517241053363264,-0.400340483867889,0.155275257821174,-0.145236659873139,-0.157147529775402,-0.0787944834911702,0.0445984160197646,0.988986994487253,0.0960086671504218,-0.246282816445838,-0.255645021397231,-0.672464859025989,-0.791591059420345,-0.0645641246242842,0.120611613868341,-0.107499329077868,0.12902593394838,0.649004679812255,-0.272797945894794,0.0429118368983684,0.0233030822419861,-0.09873452927270197,-0.3112996624291586
1.27784648995678,0.582810432071347,-0.0892376717273654,1.0967156283504,0.135734445073921,-1.16787273781691,0.627937477655432,-0.419243051365153,-0.44811207596746,0.0126839104484861,-0.170457427408305,0.810973914350559,0.341431245102284,-0.269672274244895,-0.376225054435849,-0.50774235099176,-0.260785320915846,-0.0836731063911941,0.0158170650555125,-0.15856570617618,0.437123989037007,0.890433807599487,-0.300203655176864,-0.0006117758666473,0.013357025729787,-0.28438325684883875,-0.43342450781936287
-1.92591734384902,-1.89327991396925,0.574952568465959,2.09655759660412,-2.43513225920081,1.38731432805611,3.51754552370054,-1.35966096396485,1.01054586170687,0.309623824517942,-0.91936008260772,-1.05067529249586,-0.853080591989216,-0.634008275317872,-0.0255559446490334,0.0669645937009831,1.12295145462512,-1.03504637994746,-0.439926965763733,-0.613207949187634,0.537150539925246,-0.722948564495201,-0.24435476483133,0.527183009880485,-0.948006356508337,12.777916840495061,-0.45474229742077077
1.24422003266531,0.162752730492178,0.680756187364673,0.545454119937682,-0.610461493673009,-0.865778451553778,-0.0957625987692122,-0.181847462645528,0.137659908220084,-0.101965341079311,-0.176319151558026,0.595923587838942,0.0203374250260655,0.379634292716969,-0.49217961571127,-0.378135693690709,-0.217138173482231,-0.0404571483682706,-0.100573642849231,0.0602500111792637,0.434300952899107,0.260035773645399,0.333630047484998,-0.0238635913440447,0.0210554864516826,-0.2085940759282436,-0.39714665969392404
1.12106597736826,0.207226661422473,1.27819610155051,2.53294656448528,-0.334558794074929,0.932845351215706,-0.636883067097263,0.329667184720662,0.120990449743198,0.445914232874131,-1.1887796224089,0.153501523270645,-0.44830826681624,0.478158238816653,-0.340845626927922,-0.492327135307536,-0.998810764924683,-0.168608480216272,-0.0926060797963134,0.0072972353246076,-0.458754189070285,0.301842095739114,0.018931163406748,0.0596972973528035,0.0271948613724051,-0.30593797802809064,-0.12251853114083668
0.947527693463613,-0.889359131764151,0.957640352356714,0.372808881665438,-1.45319943277525,-0.36682407231897,-0.565053445145189,0.0974868136183115,1.39842448409589,-0.475020779435799,-1.03144609721123,-0.152916940523582,-0.250737282480787,-0.0362120993898863,0.225599572499912,-0.440693097207753,0.433347609499413,0.111795639184326,-0.167505324622117,-0.0237018717521588,0.436089390327874,0.0404073566943465,0.932549917180924,-0.0684909810767435,0.0351375111867031,1.7076901682658878,-0.3685897530062608
1.23759445574861,-1.61364333655334,0.669988603521191,-1.38637726074179,-1.87876961404976,-0.0341308014957643,-1.45786959176546,0.240668498545927,-1.5483004548849,1.57248179991641,1.04316064259952,-1.25735324059871,0.169350155852739,-0.134387655736304,0.524816568022285,0.632008886948269,-0.524397050170092,-0.29358039822967,0.0487223263095647,-0.0375640776839056,-0.0435841206503927,0.132861486572478,-0.0932142646622961,0.0338040411930296,0.0247016025044153,1.112501738283966,-0.502642689049954
-0.515299180825922,1.55608362564102,-0.368029259996375,4.13576234294171,1.28215415887226,0.657866215860885,0.622959721099369,-0.0660902868628646,-1.40884372405684,2.68808252394142,-1.72625625265994,-1.30088141624127,0.295269516097766,-0.0249959630086907,-0.334100215185771,0.532618569601646,1.12661417733124,0.302470252912935,0.22005513039277,-0.231188052532487,0.108452995026846,-1.1760281058347,0.319176772748145,-0.0027292458044828,-0.152123271485564,-0.0008343763037129566,0.44072238397287683
1.28311027308434,0.0733641418602304,-1.30703413634922,-0.0528760215802128,2.24911689512793,3.29448046026257,-0.349007426077851,0.762118229468573,-0.154348752833758,0.0706252759244422,-0.16189274127833,0.0290265015945959,0.527100261034648,0.374957183491775,-0.9268673480444,0.291558940485936,-0.0013504796845023,-0.0008897477488684,-0.0202066218082778,-0.142741371481662,1.00445322021361,0.844648740726377,-0.313767815460303,0.0146530907851588,0.0150696642671248,-0.12529550827423167,-0.14688004042623828
-3.51024853253627,2.61965586918685,-0.388937307375976,-0.255477792287208,-1.99547309132078,-0.528039035434771,-1.54725506503683,2.41499815235599,-0.612791336673509,-1.6717080255794,-1.57659814681354,1.52099926080885,1.37532945505202,0.553499781375395,0.587047789547347,0.0141788049764968,0.347304487522805,-0.589133767156774,0.109520896725962,0.0711610431353756,-0.0936411883609527,0.479456469548719,-0.445114221250626,-1.05929904053398,-0.323659427051335,-0.12529550827423167,0.8814623956659312
-0.683515673988566,0.892270948877067,1.99415618756929,-0.324975806805047,0.432082972593558,0.163915792243016,0.456305623257146,-0.244805301171851,1.79345499236807,-0.90489722784467,-0.45554511878677,-3.15444604977362,1.25423510912382,-0.107518499403276,0.0966447788464935,0.735104483251698,0.769092749678258,-0.0106778163359373,-0.332278477868217,-0.372033058026048,-0.89561179999387,0.308519678466529,-0.70070597682529,-0.350445725792753,-0.153605721152822,-0.2764566819635655,0.28803107179476634
0.141697404591419,0.963428202509773,-1.21739646876749,-0.271565355481081,0.659670806325262,-0.749268072397589,1.13774950502031,-0.307995232921549,0.369440018309243,-0.515709050482286,-1.16155104353912,-0.680418213661204,-0.919404864346658,0.26949657945796,0.190360640036863,0.858733087782369,-0.04856386584236,-0.110936661745764,0.187906285565125,-0.132888945355971,-0.854354272236334,-0.15606542213202,-0.101915011275422,0.0950127311833649,0.0242994136489911,0.6675010429703795,0.8487923542701683
1.18852265422303,-0.215004133194021,1.23335335823681,0.871999733731858,-1.1767138970884,-0.335714776885123,-0.693577073300825,0.126319298081809,1.07482459498238,-0.210271634927664,-0.892460252772821,-0.0620601272845493,-0.219093446211919,0.205837530428857,-0.11940140808257,-0.121549355054694,-0.0334753773987431,-0.170248597140085,-0.104994949204798,0.0461758154440489,0.395219842795624,0.223422913880867,0.320562795626206,0.0115711333437725,0.0244610492664311,-0.23960506188290917,-0.35855370431849765
1.93882379321794,-0.372719164902914,-1.46075713880918,0.228671124380799,-0.0319778287062512,-0.757652583336728,0.0406589830264823,-0.11563212179458,0.639860515103907,0.19621342387496,0.475492702009639,0.0262206112095705,0.978711411663487,0.138028663070752,-0.739238831727783,0.703452038171657,0.0806751469385399,-0.227035125214639,0.30843280837916,-0.0730269232324889,-0.399508156331282,0.177647309061177,-0.0959282940952139,-0.0379128121973054,-0.0659418350594298,0.4459741343345848,1.0192054011334624
-1.46225549382504,1.41969541003922,1.69352710572376,-0.0631839973781127,0.0188970798021421,0.0898266380187193,0.476428823695012,0.546545841633962,-1.01848046702387,-0.679888433145331,1.32738534368436,1.15249060064423,0.495024014536456,0.459860492725323,-0.573940146126679,-0.265739779341012,-0.892004131301133,-0.269057888414187,-0.0752428350856742,-0.110944562177363,-0.0376839249804057,0.202851467681195,-0.772992661466501,-0.317989701800478,-0.0153050257905658,0.09678765123070504,-0.34847064837692765
1.25038816251047,0.279751134311973,0.284155682694808,0.704589973139171,-0.45594587537309,-1.09410960541738,0.0284733979891833,-0.152733676486757,0.170286422261414,-0.257136518116914,-0.221469174019207,-0.250000940669857,-0.105339136907946,0.521620399536747,0.0470051715331179,-0.186779397445464,-0.193182258456827,-0.133701661090477,-0.296442942655427,0.137941453817947,0.320532922672224,0.184213239668984,0.0971714129893663,-0.0295469409375891,0.0293364183557192,-0.243498817966903,-0.4646373243471133
0.0687532347755688,0.564939105585085,-0.0109184963524949,-0.923941637486507,1.01502411708306,-0.118462350236028,0.773218596350106,0.0654367936187924,-0.203941266274816,-0.433209113231575,-0.378541203346678,-0.193018458288244,0.537639349900205,0.415960634122244,-0.914762011611685,0.179397592782125,0.610146463304787,-0.200565057366504,-0.239303770201602,-0.0884164343489729,-1.19386464521531,-0.437212533739507,0.192586160405353,-0.000735064674825,0.0252615174625839,-0.29356139618968147,0.6596469167648433
-0.337142070698746,0.186614554557553,1.43086098896039,0.132110489216634,-0.054950475942639,-0.466714485553288,0.17737946242124,0.149171836202473,0.665601894030975,-0.647899511450139,-1.46726707109078,-0.288454337247223,-0.170827528888658,0.782897739697866,-1.09263361881076,0.467383188869566,-1.4329942231931,-0.195540447551206,0.254929980245301,0.273721305147387,-0.0303514820991623,-1.31600661037877,-1.05193280561913,0.305673432706681,0.295181277615387,0.3198442497566402,0.7659773248759449
0.295269904921559,-2.85074290174331,1.49662932005392,0.191202561655429,-2.65046230462525,1.21381154822755,-1.50428235973199,0.555377286765957,0.930598305663882,0.143231302027857,0.529140716000375,0.146441298095416,-1.0871314955088,0.474012799647776,1.16163750618121,-0.951503711477404,0.696191066393964,0.853814415187665,0.617790955729274,-0.512069786459821,0.310458436076739,0.194348883652519,0.0532376720731275,0.0245964610092228,0.0953889995319911,6.141009595327492,-0.02832774632535483
-0.754501760694691,-1.11608238144379,0.96173031105535,-0.609222855368451,0.680342765407881,-0.560028893235064,-0.682936331860529,0.270978167804049,-1.1803542659807,0.611071046534797,0.35106603467987,-0.180754892381346,0.395125606359918,-1.60477296390698,0.10727125925595,1.40641882585798,0.799396817143656,-0.0958541462725285,-0.615564150937343,0.627504220941223,0.654776072179871,-1.27489030995034,0.0993552762149377,0.115612868638961,0.218671048592121,0.16548463356973991,0.7145748928381511
-0.490583544670549,1.18019987376631,-0.391598120009908,-0.623033174377461,1.92577468673866,-0.873559476828308,1.86328794799943,-0.433452124605659,-1.19981578402764,-0.605753873496067,-1.87153158690832,-0.931882180099102,0.801019200415307,-0.740378306909965,-0.257080046389031,-0.175151200991533,0.728522296189613,-0.0377022005105965,0.209536161637097,-0.933711751099688,-0.962392096626042,1.54031443136835,0.979380161511681,-0.0895590367807313,0.0014889005056545,-0.3057989153108051,0.9946676146462851
-7.3527259495102,4.5956760572347,-3.7785405374108,-0.560082406176981,-4.52119348127681,-0.342116597297986,-4.87727617481823,5.56344291789451,-0.262077988164781,-1.09492574213322,-1.33557314951287,2.27637775119734,3.30899863237038,2.17900225430754,1.21382186401329,1.08865534011675,-0.129004247974887,-1.5319700183009,0.620503527126566,0.904788002806628,0.742864456108292,-0.246206004354254,0.199848829729869,-2.46408454932285,-0.459491511603833,-0.2643582255597274,0.8731538635555699
1.90363430221907,0.0479673873836768,-1.78333107362729,1.22011803010047,0.697192755123678,-0.55594777076052,0.666082822246033,-0.309687736974444,-0.164652391915756,0.376126825338609,0.513797831108205,1.33093298625138,0.552096464081624,-0.458545403301539,-0.568769188766504,-0.126491913536776,0.192226859479581,-0.10709205438623,0.11984734513037,-0.124250514119428,-0.434560832063116,0.488588182278499,-0.491130091379817,-0.0243393768491865,-0.0644495530460404,0.6114587679043247,0.3214649810648906
1.20031947807883,0.293402128330769,0.494606818747314,1.25644803911618,-0.627848342186738,-1.29655960142561,0.161674879482235,-0.207846842295677,0.106673080680935,0.0440499423024336,-0.0983524333447225,-0.200856780733887,0.633241656641752,-0.0561739888067411,-0.171709134780814,-0.194544896629109,-0.565116972819046,-0.223227425109316,0.0520720198038325,-0.023046166386154,0.901383740618192,0.579557136070401,-0.358160471183202,0.0069304538359447,0.0239979743091016,-0.20386594354053675,-0.15740966527897335
-5.27624272602617,4.29350096117462,-2.9639772098189,-1.30033313275024,-3.19263041459625,-1.03319940840787,-3.13523211949013,4.29548950050331,-0.92828646326943,-0.9662201455631,0.15185741857066,2.53283819828783,2.90676521227743,1.44720915683955,0.996932880319788,-0.155719644618538,-0.93980752419976,-0.638936710135617,0.410754555981382,0.553209555176673,0.0348206132594475,0.0764581195510518,0.754603356080123,-1.32427034271493,-0.31891920501449,-0.28563482130440826,-0.4121537254717619
1.68511397555488,-0.77855457165472,-0.229381500377149,1.34991523921463,-0.746544383802589,0.238025615200923,-0.702022332848717,0.200307975572449,1.36303414283269,0.114931904335768,-1.41536356847918,-0.425248012811293,0.0402919764140196,0.730889197084724,-0.79069416604348,0.549424192157996,-0.614673481199776,-0.0134529220300939,0.1014186164534,0.182933374204285,0.501880128839066,-0.387749490858327,-0.788635214317914,0.0387015375007101,0.0062387815014269,1.696565150883048,0.937377524069183
-3.47429095377078,3.02054913228784,0.191358567254618,-2.65369455669994,0.338487275289601,-0.203882820577052,1.308582313419,-0.75858795712346,3.78407860545715,5.59559618884138,1.02464512056612,-0.138734533947061,-2.22029163044676,0.365772455231364,-2.08346431695178,0.112779033004155,-0.461932683566965,2.4247254150993,-0.950076447907493,-0.224325709724273,-0.877855253455894,0.451454792609601,0.595578901389446,0.0139661697689357,-1.17365547242076,-0.293144208037825,-0.3790488669782856
-0.0616659620491125,1.04894245928736,-1.05393962755977,-0.215430251647945,0.403575432733645,-0.897991313643932,0.620655297583884,0.300905420757487,-0.391884384812589,-1.05781583387593,0.633291479377687,0.0409429033433996,-0.264574405351056,0.533331890749255,0.357627012517375,1.48595657130529,0.20006819577568,-0.178872090248716,0.382393441563625,-0.0966271395740712,-0.435250346340553,-0.34013645232828,-0.151420388722039,-0.0225999107497202,0.0285848919010021,0.2893895146711167,0.4550243409436119
1.88080187657203,-0.664137392246172,0.0113513356590317,0.535816326838264,-1.17875864130865,-0.555222870750932,-0.827874342032155,0.0791100366763671,1.74933711311471,-0.152611428641134,-1.1122277173919,-0.245499041594228,0.0465790689143537,0.458804374798919,-0.570426865757784,0.387039448606444,-0.299334619665665,-0.222543220872577,0.0573165939587986,0.261474010382465,-0.0043329957861434,-0.454880784635435,-0.434853133100766,0.0391225662026604,-0.0220112433448211,0.36879432624113473,0.7767654896246177
1.86444244653088,-0.362522078003758,-0.604451564789802,0.0651572111095166,0.551647249016442,1.78268761617491,-0.964276339456203,0.480451200784367,2.29608328797846,-0.573651426012052,2.26834055430778,-0.878584422881538,1.53898653513578,-0.501302050661889,0.482471961779179,-0.229475474420342,-1.22928628537493,-0.280281665591773,0.189079699459195,0.19289934918485,-0.768486598201298,-0.246614670290574,-0.532421481661106,0.0824078028587807,-0.0565924596484643,-0.2781254345709915,0.16232192330178952
-0.110771969577937,0.287769544866203,-0.759952072778514,-1.60099772603868,0.801214365414395,-0.629403861486421,1.23468937697883,-0.731035130598713,-1.15721208161213,0.0937769406561197,-1.17354303237272,-0.925646179439291,-1.87029579083689,0.992043278157774,0.832839998930482,-0.946715763507382,1.39401977834168,0.107806936329421,-0.0301302612377663,-0.25944150748548,-1.04714838211946,-0.619647705484937,-0.326693305180208,-0.12282590151882,-0.0133067703572506,1.209845640383813,0.5353714895129754
-2.13572878928611,1.22734527388615,-0.965403036909452,2.41032083104629,2.54763626963983,1.87493140890659,1.20725566377244,0.217531927709358,-1.81797772963343,1.7348271527806,0.589384077944931,0.326079694938754,0.395586014083835,-0.309072060314148,-0.238067036950119,-1.46771875157777,-2.05656569505809,-0.932964991296957,0.215957869200617,-0.0161176601253105,-0.793078916364942,0.224925807731143,0.10624336209228,-1.33086212710968,0.0491910219878395,0.18203309692671396,0.4450470513231073
-0.491901486940406,1.16067457978267,1.08736940073556,-0.299986934545142,0.583849421795565,-0.24185733476216,0.830697965343732,-0.129091617860278,-0.365796932354345,0.159173360555255,1.09582125665236,0.644263863770769,-0.680443264669203,0.647327837331785,-0.642049139284685,0.459428976944251,0.427127548098755,0.390767093183465,-0.331422736971777,-0.142052102399963,-0.394143978887499,-0.050254020934535,0.0712175241072334,0.187538628955134,-0.0750475485680832,-0.18147684605757194,-0.691341557644114
-1.36804806519912,0.867820974878846,1.78688072363147,-0.788019692067194,-0.0624542828681799,1.47663971895606,-1.01012780049134,-2.1786899187632,-0.345375568805441,-1.32844604066168,0.211149074764639,0.672992861760194,0.15335352325523,1.03777573973127,-0.899970019840872,0.844364085090779,-0.0738640630477395,0.625423422535301,-1.22172530993317,-0.120055415982653,0.220109610993683,0.227792617200907,0.269093579305322,0.037466970157393,0.0747532988647595,0.47656793213739396,1.0003319887300108
-0.84359214708788,-0.476147842583465,1.26111206469634,-0.548041247750838,-1.09836636872277,0.491156226016647,-0.998583780291768,-2.55360897905432,0.600741570368234,-1.72495310824968,-1.44021324841476,0.572430568255208,-0.144826914069263,0.545916368368834,-0.21669881240057,-0.464840317399118,-0.493909729747684,1.09408292663166,-1.3774405422167,-0.348194698570082,-0.0466284300113403,0.775755819108422,0.878726320767723,-0.0762723386200279,0.237453855076134,3.611736893338896,-0.4655892212367021
-4.42853075393211,-1.40822179866936,-1.35784224921153,-1.4693383058288,-1.86351485071733,0.202209209432381,-1.07405119372848,1.60930109797673,-1.09808388946365,-0.226393742258982,-0.309696529085543,-0.149338772122304,0.80708595208245,2.4808005933264,0.0658140040217191,0.0820581289017427,0.659222138621099,-0.547099995980917,0.500848513714563,-0.779173225445098,0.31404616788426,-0.0096025165224723,-0.144353199974281,-0.52766588851269,-0.532934320885965,1.1055486024196912,0.84880410608362
-1.48462823390986,-1.02473813465927,1.7858610715122,-0.725949298738167,-0.879988453364244,0.124664073398864,0.972676073605007,0.12934163947313,0.635903545172678,-1.44735065486584,-1.5927724202727,-0.222222777724277,-0.576483029190922,0.307249422282382,-0.312212143182712,-0.18795578148216,-0.0744307934382828,0.71205824602716,0.0361135764395836,0.659690652256028,-0.109686087221519,0.0490824586512835,0.803684917576534,-0.113765883645634,0.117329472437323,4.349325545821165,-0.16547140930684867
-0.415567885686669,-0.171506620902249,-1.74234976634317,-1.80381156714586,-2.0645746075076,0.0473525117631018,0.731788268692901,0.282959978338988,-2.60172163408007,0.732192122661677,-2.07019677173112,-1.29688673881505,0.456586801395614,-0.842718431767582,1.00203725029993,0.0957145110361534,1.1548704612956,-0.481134068362287,-0.0851412896657114,0.422272626210059,-0.791331711307763,-1.20786909921842,-0.237301581297472,0.0473332893451739,0.0489431432023087,4.324850507578917,0.798929409794549
1.79034858034217,-0.35133126350511,-0.339853787460039,1.36793935303687,-0.535985152594657,-0.42389519747975,-0.282893787999188,-0.138521998175317,0.754520449377591,0.153099668198116,-0.889348915597523,0.732718505795341,-0.18409664421644,0.467930959658571,-0.897027109026412,0.289011684336739,-0.743273039254254,0.0069171176065639,0.282581722879273,0.0261954306245391,-0.0938543861567573,-0.0696407837621952,-0.567785628593028,0.0458333876726806,-0.0129518694087331,1.0693922959254623,0.9167060842076193
-1.59030512603831,1.27279209095314,0.389978269303106,0.514664105340289,-0.238045354941879,-0.821918402612969,0.335137006018172,0.314088218159369,-0.661235348291698,-0.0649198909347126,-0.0742254432078108,0.351776930405635,0.651685402568642,-0.613614211812005,0.523130868893044,-0.781626742151459,0.259633916533568,-0.46135322124462,0.137856840738201,0.29029588153364,0.445328247736898,-0.471557898144229,0.308478438946051,-0.719169847899271,-0.239356073444929,-0.03420942845223196,-0.2694867101679628
1.85772871836746,-0.261488470736083,-0.409794033161309,1.41398510049574,-0.199612062858939,0.236429345834284,-0.305905030677215,0.135623209362506,0.897460267219982,0.132757357026569,0.193562803151013,1.47393203376431,-0.131086682725863,-0.202286330978388,-0.375779986665239,-0.398703144807469,0.543507469566888,-0.212122482710817,-0.47039700831371,0.367026396002979,-0.471922411420444,-0.32060700876559,-1.10273658408409,0.0507295470516461,-0.0393536650320146,0.14587679043248505,0.912780978514747
-0.449467404540466,1.25853189368667,1.43258762558323,2.07027346202808,0.532773633681249,0.275953890070267,0.850741763040832,-0.106728724851569,-1.39835850241009,0.479654834822891,-1.11780708656437,0.0933168230416314,-0.1542084921782,0.655080602239403,-0.829486942417629,-0.118573787125624,0.193186328761054,0.0649929139793132,-0.198393091168177,0.02190446584607,-0.476559144279192,-0.667648974442414,-0.304314708189134,0.0810524151909267,0.148878982793847,0.5467946043665692,-0.1529322243538706
-1.37570620270088,-0.23913274379835,-2.36519993672147,0.652359224297961,-1.13552006617041,0.360904181662942,-0.551896344948838,-6.15684213419942,-0.427323236398787,-2.06287186999579,-0.552571030914725,0.604926386613282,0.217847375403646,0.739812745461497,0.635331237918749,0.513432889303587,-0.823231444234163,1.17057533969829,-2.30899376074354,-4.02590179924158,0.0904282082519254,-0.558323519042814,-0.171054566267142,0.784129124016852,0.297027367961425,13.600333750521482,0.6153895873056912
-0.823916353362685,0.874749317658012,0.806335134087957,0.60034314630433,-0.0891415171574505,-0.526507145072687,-0.146472486309098,0.522893620907365,-0.745555270514693,-0.331539672702465,0.917919543434517,-0.0673050683009362,0.399589658463609,0.500399439640196,0.238458314204218,0.775494621805747,1.31166106343422,-0.0725840288438969,-0.134512962669646,-0.0668375278588157,-0.060247458118618,-0.344225808595575,0.20414479754767,-0.216361930058656,-0.089896890895833,-0.2674176053400083,-0.1398877114224689
-2.04887078561282,-0.465222519556762,1.14535229889833,2.29854420439819,0.80827806545776,-0.764652040806347,1.75199752920473,-0.589281495352949,-1.12700395916599,0.682131882407727,-0.51673020534546,-0.720361654499662,0.0879921965844022,0.510506916339205,-0.679176953362995,-0.607372927395966,-0.363771751256611,-0.85236092630124,-0.642136076821965,1.35943158476362,0.299519450592303,0.180086359531493,-0.350760818896223,0.0914322797158383,-0.467028903801061,2.082047003198442,-0.22896645738645544
1.28877051612522,-0.294568240544591,0.506240311162569,0.187222881628687,-1.02003900562036,-1.16813301909997,-0.304196880183509,-0.379555152198269,0.249777631031705,0.382461487793691,0.677407789620589,-2.57574554383595,1.65556880996847,-1.48115848126277,0.771955931055726,1.17528762064449,-1.26653485066157,-0.483620399075067,-0.472656352845608,0.0400259050831296,0.664328167947604,0.310258320595923,0.441502153190009,-0.0583761899107648,0.0164847140022723,0.32874426366291193,-0.8060745123731906
-0.0674230344157673,0.600675194310122,0.260320252951967,-0.506969777877598,0.864654869800642,-0.537778597303897,0.790314979612969,-0.0571744340788923,-0.452859644621225,-0.303648976837713,0.249163798378474,0.409463647887266,0.482180384274599,0.0185663653039464,-0.624979277337613,0.0582054176420341,0.965797460287462,-0.0703772416710972,-0.122140343578138,0.0562251281519634,-0.49546096061599,-1.00976905555093,0.149154576700603,0.153094133075796,0.202513282385173,-0.27840356000556243,0.7227776586274469
-0.672423837304506,-0.35182798952763,1.71329740537583,-2.97442515243838,-0.570016766636825,-0.178144428872474,-0.481087690058754,0.139427243169191,-0.706335923338868,0.432073250965571,0.747192740785502,-3.98188074854723,1.17943440500674,0.0893661628961756,0.625343189929521,1.20072563604646,-0.517791736245216,-0.314693565995692,-0.337097255992083,-0.397639856777993,-0.621379841136569,0.620633990480714,-0.14230661353869,0.234988489391374,0.0885027483601584,-0.1599221248783201,0.3028971158111836
0.992319340462189,-0.289568063188003,0.0139614282340039,0.470501331511342,0.660661546311086,1.8335466436038,-0.253782589505435,0.464023039860684,0.400237073802607,-0.429429119400274,-0.343766786428198,0.915700939378156,-0.113333314313953,-1.32714985971372,0.896810569874791,-2.45179446128836,-1.03958515329329,-0.0704856176921287,-0.124856549973722,-0.022542262337312,-1.75100302491584,0.251276852199668,0.441632204642786,0.0412523247783994,0.0010864431809709,0.5979696843276316,-0.0869457918225006
-1.47162022382025,0.61366029719009,0.780095852373669,-0.321151817504062,0.338387828956056,-1.28010683710308,0.653162332180817,0.374193036982656,-0.750059683338183,-0.802401515771086,-0.137184656307959,0.253993301015799,0.767856852523405,-0.0813890339652646,0.0853160702868966,-1.24044747113211,-0.955862007373839,0.116350974600202,-0.161391750166384,0.228047723895549,0.364624148632411,-0.304748973863096,-0.0213816761874437,0.157453165710446,0.0242700581877808,0.4297037964121818,-0.6765930317622139
-4.77785811639808,-5.61750027641025,2.71046033189227,-0.193549034365153,4.54720766344318,-3.87831871551988,-3.62932334627234,0.726989526431631,1.89169943190508,-1.53081547502553,-0.559508558981163,1.00837611694138,-0.151922817578576,-1.24485836853223,0.525727396905591,-0.405901751983588,-0.0250790406904349,1.31524783736772,0.402151594916313,0.863451453062853,0.381436160672488,0.685998065794431,-0.805446643036431,-0.081015395722498,0.187373339553272,0.04171881518564872,-0.08561783690245701
1.26627532781291,-0.0102118668586593,-1.16088805455069,0.263717040719926,2.18796349413284,3.6062984135464,-0.441136775800487,0.849554336061685,0.172638409291115,-0.0175599662622935,-0.542355982500271,0.236065732778844,0.191135919869062,-0.101500766743153,-0.510877579886853,-0.0766412933124273,0.364059213988063,-0.0418972497694182,-0.184359391834094,-0.125256102842962,1.00979852842464,0.893766198247495,-0.326465677439082,0.0256285393055038,0.0121913897647911,-0.21040189125295503,-0.5688289024100032
1.69805801175095,-0.142291044781374,-0.0021568523357165,3.85446768549789,-0.298082935944155,0.674179216178809,-0.559972649808476,0.266520930064717,-0.0550727266910651,1.36461510154106,-1.70743031031531,-1.02609054626239,0.0253544369543789,1.31719370883326,-0.870289639329129,0.286924126485711,-1.73150387223857,-0.155852670862474,0.203044826918559,0.153556298834965,0.67281067694068,-0.295248217326366,-0.009617090829635,-0.0155819974122118,-0.0113365591477958,1.06174384647476,0.5167331133785582
2.21622527236473,-0.676980967266442,-1.4157425160396,-0.993925307311408,-0.336781968238003,-0.898734933478542,-0.314257115826599,-0.253422747266921,-0.715394820801789,0.967193927442502,0.712819240132082,0.157400758908691,0.14738636569313,0.910169176295379,0.026341804803283,-1.27772671893692,1.23836543085218,-0.0504260490781037,0.0520978232744462,0.14803323801621,-0.325820313349025,0.0034117974391921,-0.277817403182559,-0.0425681711786274,-0.078046244196249,-0.2543457099151717,0.953606778445999
2.08425431739003,-0.0558795996544047,-1.50704499317766,0.251214444916575,0.193630338790495,-0.934465671143332,0.162223407280665,-0.27429282314862,0.676457685889379,0.0245016413462349,-0.857223747034165,-0.073474387503105,0.587403459239638,-0.146785739179257,-0.511582637355199,0.0599764210293726,-0.197658608993555,-0.247965011807586,0.230205237389309,0.0352902732623859,0.75301668127544,0.273168073953048,-0.139980564327053,-0.0287933545673737,-0.0530781497773484,-0.26157697121401746,0.4180648876379736
-1.59022958167265,-1.74774697527832,2.01464405194611,-2.01684930951554,1.458407911924,0.780360418803387,-1.07223499009019,0.519096984442561,-0.411888516920317,-0.207694788513002,-0.590274920221651,-1.1698026713491,-0.702802970119832,0.269655854864064,0.839894336361414,-2.11647622128499,-0.977495442482013,0.442405331486628,0.57052189181651,-0.147001927394561,-0.320638289964928,0.547952618666373,0.145583582109362,-0.138204951245142,-0.150199161053302,0.2482269503546099,0.9674269110652137
-2.34870829541577,2.94314516154384,-1.33014525560394,-0.9504689649306,-0.0204620898349043,-1.32938421165783,0.868451289198014,-0.0043950521481574,1.74477092463699,2.75038679077993,-0.590272663844306,0.525556748121797,-0.311369758877756,-0.713069090476996,-0.481568337807148,-0.168132090772324,-0.345025172575191,1.28228550817109,0.0827169698491025,0.0103756043519627,0.0044487555873919,-0.265998215949822,-0.200340698461407,1.27691863020388,0.644267058562029,-0.2504519538311778,0.3763341980709398
0.801342353603691,-1.22836014176107,0.614882424610951,-0.748922000419057,-1.44726783656825,-0.477056570671182,-0.512092864982721,-0.0007446229853606,1.87822018212278,-1.09047300186339,-0.802668724835384,0.0773548209769281,0.0536476936136056,0.266409851891683,-0.655225083714608,1.02764621200912,0.227066516555194,0.380346055064704,0.374039179109191,-0.381376085320897,-0.09017009998354,0.437942514929452,-0.520059755125512,0.0517806849596677,0.0769054902226315,3.149909609233764,-0.4913962035766644
-0.56043213245038,0.223967227690543,1.5151653371932,0.835285133814761,0.697757702708924,-0.0512384307540346,0.243480790312786,-0.381908592742829,1.93949730071263,0.343525026431416,1.71716161219919,-1.64407382069381,0.785695365543462,-0.0974791139451664,-0.277255707879796,1.04779349088931,-0.345242788710052,-0.0476699374528999,0.18544889536251,0.0033707489703926,-0.0127314796385038,-1.15128044654799,-0.715309558872057,0.0161162419110541,-0.0659607533012652,-0.09873452927270197,0.3008523002705855
-0.313404524115419,-0.975166549428718,2.83824758000784,-1.38620749216659,-1.59720672937291,0.843185817256316,-0.388249374756623,-0.3508815452794,-1.31506013655948,2.00381257594158,1.22057451352037,-1.19550022979414,-1.19901558649582,-1.29908532769902,0.955907583047437,0.386840475392619,0.962207076137271,-0.188254887026151,-0.245088615263372,-0.206917429835637,0.198884585222995,-0.575366906799275,-0.174591217982414,-0.467799184332705,-0.609413345385601,1.0568766513697676,-0.04173656547375967
-0.552775240285695,0.766538095175182,1.31924314393224,-1.29040444575714,-0.143655668605455,-1.05006778629033,0.581360785912674,-0.0046548446385773,-0.208908128394536,-0.346087032519145,1.38522982844903,0.601364908733907,0.256142345413515,0.626120632431857,-0.802340020760454,0.0044849086816001,-0.495351948788197,-0.021029912119136,0.0084819341910312,-0.0483770270672642,0.567003190561136,-0.289382742249038,0.724346267657721,0.0398471612435173,0.084156516153828,-0.30176609650952574,-0.3472484597779495
1.96400972022916,-1.61231079362985,0.0603460603268546,-0.793878444076902,-1.75770108275837,0.100353885411244,-1.74545871190028,0.283893459267148,0.901985453679906,0.691181147999076,-1.21060501933834,-1.51787730113609,-0.48309731574011,1.75308745734975,0.0141814907622186,-0.459944884521175,0.12194619208897,0.0514205177653195,0.449581618667522,0.184175340637819,0.658652245054299,-0.504275219941605,-0.122055660111617,0.026469081822021,-0.0154366645521346,0.945626477541371,0.5170621641552062
-0.69432036311118,-0.431068078252497,-1.24644110353866,-2.92137450099984,0.900310503096505,3.32776641976487,0.442100941692609,1.16041608841036,0.508499580580845,-1.79858143575052,-0.164244239217593,0.306695847874289,0.604202026424323,0.0910602185107293,-0.589107950000275,0.642710876127,1.06311917325516,0.574786498970277,0.16879804610819,0.669845175448608,0.989783393238591,-0.105938841600799,-0.222337098291761,-0.154908198018077,-0.0075249746416279,3.685162008065637,-0.01256856448660734
-0.526236659693131,1.15720329656662,-1.03127902360739,-1.4450594739329,2.09116753962251,0.26746833008117,1.63118003341234,-0.264890901999832,0.0066207571747863,0.103984413095735,-0.130234600156764,0.168250094319487,0.375994275218406,-1.69350306331895,0.288396063073408,-1.86361272702831,-1.2593690484047,0.0268479843109991,0.273577064886873,-0.142563800702643,-0.289093592380049,-0.494028204347387,0.105781139807737,0.11993384553568,0.103929398808884,-0.1988596857182589,0.8838597656100807
-1.10103196503798,1.33090284931416,-2.08312429368392,0.317613335618954,1.23936979596595,-0.0697383117052555,0.776364242455387,0.829322740492742,-0.846720969405208,-1.2558237573071,-0.632727563971626,-0.675975835013775,-0.0298345677210046,0.704806199890955,0.63614888052195,1.40942462789411,0.190108314119609,-0.452338800389269,0.0686298486589347,-0.19812037449152,-0.524387645016829,0.572756791003831,-0.511063670262429,-0.26726610584074,-0.207959330147917,0.4960367125573633,0.7512287989940448
-0.730708865012242,-0.546420347921398,1.40860901054014,-3.26046228030313,-0.449719540904703,0.27774659542752,-0.348102970031645,0.3146992808566,-2.05704184968966,0.754835768915192,-0.0491672279970866,-1.35296323467174,-0.301388713959894,0.0568456004474019,-0.0577940447349049,0.829132269815438,-0.416630825301252,-0.171514540258114,-0.160842149545399,-0.290497905077139,0.224983722744003,0.655293783190909,-0.139989918270573,0.25140715409114,0.104975062587341,0.23640661938534274,0.5683940853122897
-4.29803815943307,-9.44920256855105,-2.28939633963738,3.47909664950065,-3.12636622945333,2.78697282261015,2.70227988210695,-0.0461571891481736,1.26761868341404,-1.56438651064461,-0.922005451867906,0.394691876305358,0.223138542652807,-0.0067613822727698,0.151712670253605,0.663029492543381,-0.0020517890024753,5.45269161959563,1.38324514846348,-2.61369359778705,-1.22969728530587,-0.480709171942069,-0.621092843109851,-0.439937200851897,0.492054897159833,38.84494507022667,-0.2655968599154457
1.18183170281496,-0.0017068383816696,0.588197752183906,0.837013117311335,-0.399432648152504,-0.115757933343316,-0.169576886891241,0.003890005383294,0.528202567372771,-0.274306885605123,-0.468018719858119,0.858091491908923,-0.2753884677219,-0.684832236853532,0.335892695416402,-1.08217231491675,-0.175229253885526,-0.118266735556302,-0.0542418418651673,-0.0657597371925966,0.163725152831126,0.532330312172863,0.465587602011065,0.0042098443571057,0.00882240289438,-0.2087331386455291,-0.5402602439088882
1.47855540451693,-1.34507847707041,-0.538994719726979,0.341647820605551,-0.731977373954761,0.624947718346225,-0.679481058195621,0.25072082869745,1.3501003826513,-0.12162366757551,0.264246705652012,0.805670184986129,0.0070761544267373,0.837214246560915,-1.10989509907659,1.04478289601995,0.111519523796201,0.336239438205212,0.229475977572397,0.010215920140829,0.185574571795275,-0.430525816896704,-0.460637151338861,-0.0010375854681874,0.0087499268983075,3.295786399666249,0.5032185279090879
0.374830579730005,-4.34348121187423,-3.74542094666825,-0.768405660938329,-1.19540905382124,-1.09385089246509,1.39794650286352,-0.879862721985212,-2.14500535409737,1.26996364682299,-1.09811570192495,-1.32542200405461,0.63639362591444,-1.2385362252323,0.837612424588283,-0.0764781834608794,-0.315793793461581,1.66662038470567,0.741203039685091,-1.04326834889598,0.828987517391339,0.269254969932013,0.157742273100682,-0.278747559177642,0.101421654395406,14.594632179112777,0.7800677492045491
-0.176819120192152,-0.846124678820489,0.652978049983586,-0.38699157364966,-0.727040137718058,0.868999903958226,-0.504455689189116,-0.142471578109575,-0.551419865536766,1.66252940544869,0.615163537660655,-0.988719271021718,-0.454901173576895,0.980435825316135,0.111783529150861,0.311931431085981,3.41735665992942,0.0808872643754079,0.312837864502021,0.482084712947024,0.220894886652963,-1.83926883139484,-0.104631219898975,-0.0511777087965537,0.0999194462562758,1.3098317341120844,0.4343646528954999
-1.62111997933987,1.08282915478718,0.62160238965424,-0.803733013435941,-0.172182526089034,1.63412161566232,-0.514002304414779,1.40977025244221,0.150664361581958,-1.09377800808839,-0.539827394126524,0.629992467878622,0.297202599414228,-0.802487156840957,0.974361677606273,-1.71619418297956,-1.88208586199594,-0.365463894554929,0.433565211121766,-0.0826771053243021,-1.30318260543813,-0.358885906848537,0.742255492292892,-0.0777177158316872,0.0325255320564762,0.35321930190515916,0.7216142290957274
-0.682202048350662,0.903486339288523,1.90996548489224,-0.502692808737041,-0.124079687893258,-0.462470011888534,0.250615966508186,-0.117141551507749,1.27774211617951,-0.80061594137773,-0.0182842627530214,-3.22816359963559,1.48772861926305,0.531611554154163,0.206667198884578,0.276396527233516,0.175442591551775,-0.095754178957032,-0.272127847446204,-0.105643691956976,-0.168336772857774,-0.391712536063237,0.736285411322242,-0.28785904184662,0.0866396568148906,-0.23654568210262822,-0.8393438962549908
1.77884890906236,-0.47122061578653,-0.878886700056165,0.997146725057748,0.189087895387218,0.659989262762001,-0.280988156338532,0.124049514142406,0.579966351123848,0.255662956552767,-0.26920162666812,1.01327475415863,0.0458458959859379,0.86212811254426,-1.37308901621801,0.580862115526808,0.27586943314099,0.0628732031622364,-0.172656855377199,0.104619238600115,-1.50272983049274,-0.266855153963466,-0.924089466399011,0.0336002929878642,-0.0284641883135816,1.3683771380892782,0.562400660451916
0.0776624128033332,1.07225607186498,0.268595801107011,0.971457256442823,0.539215484687166,-1.19487621128139,1.00424671218849,-0.308861425466965,-0.651307086560814,0.186543940728179,-0.385260715952611,0.437723685205413,0.326610812608541,-0.600167677718709,-0.194268648082438,-0.223159484447839,0.375964894888069,0.151240218803415,0.158759808400841,0.0424217408062276,0.424378432945915,-0.673900905269308,-0.418696731535428,0.438781398228463,0.23542103325237,-0.18092059518842996,0.018397463958657122
-0.346418575505306,0.887161767173624,2.33868303172245,4.70029886313515,0.143940129409644,0.444046038513683,0.553858045798411,-0.0550489483714698,-1.53695101783346,1.44950920727693,-0.882277145973695,-0.812984063855335,-0.0865936839679221,-0.361244707422655,0.404585587205023,-0.339130316589732,1.35886259909359,0.403968216946973,-0.307805473573259,0.3154565299507,0.366286346537722,-0.831931573912044,-0.107960867779725,-0.002790972591821,-0.037603997689403,0.6645807259073843,1.000367244170366
1.48661700046347,-0.951111815527844,-0.75392537596651,1.06272420945835,0.118226724586351,1.61721422131134,-0.624658027187129,0.528232061544564,0.747515147483155,0.195438775616564,0.740151423581185,0.672704008568388,0.398811408620644,0.0191124489819577,-0.405522519281233,-0.190151018116234,-1.35530386064917,0.0137258605655146,0.417252143178097,-0.0191510967731672,-1.65355815764751,-0.334377057491502,-0.46674980673933,0.0646009769415718,-0.0271641918294141,2.2667222917535805,0.643793720418482
-1.20528187468084,0.0827285235213806,1.06475744893558,-0.0574889448763904,-1.83351968900042,-0.57074234879114,-0.259229509808287,0.0021692780478504,-1.27033253072945,0.845975151952821,0.0717377622171028,-0.244673330997515,-0.297938988474365,0.708395174792218,0.881963885296476,-1.1073656542685,2.11401427794582,-0.239274349219126,0.208750109931562,0.213283873698922,0.792583106115282,-1.0082957794215,-0.273090297055184,-0.150480294740392,-0.0142914405952675,1.5953274926992072,-0.011569660343211711
1.34446355479958,-0.866911050795755,0.627910311020948,-0.909773445370761,-1.15716066029163,0.0476770690324486,-1.17440081717668,0.178582419238268,-0.468994071620045,0.793813234100883,0.490174388633865,-0.688979944268813,-0.119621513939643,1.9604901207962,-0.443290882474157,0.0240990533848036,0.822315994231412,0.118106163965989,0.382660344812097,-0.226972259211491,-0.476903897398489,0.468628391705433,-0.0147669032740145,0.0225512787581681,0.0093630985100231,0.180642469753859,-0.47167666060468955
-1.85322195101187,1.68933851046331,-0.183099970002323,-0.145376088935875,1.49436490553805,4.22615162902552,-1.05108863607875,0.369086325761684,0.0368517976891525,0.714945238441428,-0.368747243134555,-0.104794721208839,0.160269116701263,0.463689759129969,-0.638629080419441,0.916500258652061,0.870131152625351,-0.244825080914978,1.04757613366864,0.0941090620098366,0.971044767183315,-0.394280710199099,-0.444907199870817,-1.108209747057,0.0973838582184461,-0.03560005562508689,-0.438501291230503
0.191962058248512,-0.450097056978118,1.46665219794392,-1.47366377415213,-0.712094184333914,0.496915774696586,-0.565269670666192,0.183908547296137,-0.120699601649449,0.62509770502806,0.260511433423617,-0.345511699451309,-0.455693855781496,-0.780594582279161,-0.660538401639221,1.96978776586687,-0.976937723015048,-0.564045793164149,-0.298509503842457,0.174239155383031,0.643998108467143,-1.02772546656134,0.312759383785733,-0.252564497390636,-0.213400390235835,-0.12195800305937976,0.5452077573720595
1.15371336703625,-0.549351614859146,1.53905418951489,1.09796228045392,-1.29541083767813,0.63523598012072,-1.12550260965179,0.349226876692891,1.90312489316833,-0.471691395060107,-1.90650306147992,0.391969066716703,-1.08538226134495,-0.314284650630529,0.245540305512682,-0.175929364975524,0.590764268047484,-0.139573726835238,-0.132828841497209,-0.121748318188504,-0.0440414524725318,0.455805020093347,0.517329788273565,0.0513640782550394,0.0220233466076606,-0.1599221248783201,-0.553751325751455
1.9317493707991,-0.462022548885597,-0.252899793060487,0.365542547742821,-1.04164180929077,-1.13733751809671,-0.492336245248945,-0.0586561299442209,1.07544233669391,0.10112238317694,-0.470947113172392,-0.472670944169965,0.483773331897365,0.564167404382309,-0.393767103029834,-0.347171006165967,-0.454090294381686,-0.26356196315566,-0.167171983124128,0.501614403850591,0.337090960480517,-0.818787688984313,0.219408075962813,-0.0565141336499658,-0.0384331905356566,0.13002364066193853,0.7623342627059138
-0.706139661329844,0.384906300027394,-0.301090468610876,-2.58389164674602,0.346341382850864,-0.247757383476217,0.15885758057094,0.581694944545999,-1.29864339264877,-0.0213156143548771,-0.33409794563619,-1.36864732102014,0.719602111473406,1.36950944979872,-0.0475492378838543,-0.820576951561148,0.637942245979541,-0.0720258756034918,0.0812496684171197,-0.187699687787343,-0.0289391365784475,0.114458815781645,-0.369732572619189,0.175634936764361,0.100415066264939,-0.14226115978306214,0.8785832013702615
1.57337395089494,-0.0390824145369714,-3.37842115691861,0.520248502817629,1.63021641900678,0.175952423545489,0.596484532991843,0.0539604406560722,0.201959007144194,-1.53009348275072,2.07916035485732,0.67726529280564,-2.54548110535012,-0.0205068544481522,2.60043573610059,0.519459874452966,-1.05444539267798,0.160023467229461,0.128549740048196,-0.209426807323747,-1.88730439009949,0.158919322048193,-0.42566002287747,0.0449079724959096,0.0198267153536408,2.293005145320539,0.3752530312333822
-1.55593237338999,1.38668572898439,0.416228834425354,-1.40125530708384,-0.82774854302414,-0.759277553542004,-0.377314531424558,1.0442716164741,0.0333103404954674,-0.297557701134876,0.564176740508057,0.499119231526779,0.743402448239199,1.18465417104562,-0.699242368088768,0.369487600394598,-0.411927531813022,0.0145069832115061,-0.0628944572097641,0.0572578346136841,0.0145984330626875,-0.116899073088739,0.742057904896208,0.134002515226137,0.0356619066102395,-0.2525378945904603,-0.4487253689334936
1.22387343619001,0.103287100812607,0.594925495147032,1.22951319352485,-0.19268094237364,0.312891610328852,-0.580789125152805,0.166356548906595,1.93540264748492,-0.313895253861751,-0.39519680344209,-3.68826313834925,1.96418815035926,0.469017739585326,0.220727469300643,0.558993659588881,-0.854973925378934,-0.320617451816366,-0.0808389082277222,-0.107157699468618,-0.887096286138152,0.456365347292433,-0.239557513231576,0.0180993222157244,0.0084523094239061,-0.2642191628424419,-0.7538612052072285
0.0756288830463748,0.919846586375165,0.110042740054612,0.716424715159898,1.03033270884853,1.16558544249443,-0.182389863097669,-1.50597917992068,-1.25825015093503,0.635772260656445,-0.237437842019822,0.883506658314229,-0.207674489479085,1.0973776608594,-0.904761490743815,-0.390358997580931,-0.411922309261502,-0.299756316800714,1.50566529694203,-0.274791364145938,0.0005637413109046,0.686595767365897,2.40588802924747,0.0208796053641206,0.202970789732598,-0.25601446252259763,0.025119501253037108
-0.309261547577756,1.01136869902556,0.821746736401557,-0.321376318498392,0.641232938769933,-0.0140294857636507,0.538670586998772,0.173087478095239,-0.512927799143255,-0.325921775395191,0.375520533711576,0.0164677846872067,-0.223904580580438,0.937055428250671,-0.643778999864361,0.785515311752278,0.64190120390705,0.136456099319329,-0.293454165636166,-0.169380776774604,-0.899659640024765,-0.0484752761084432,0.128237341035089,0.237972344264842,0.0755706729061672,-0.29356139618968147,-0.33003205307118955
1.29457024308161,0.456720474640594,-0.859157971191905,0.597029859063428,0.560481776426508,-0.485622948090303,0.232233498407669,-0.0680441517419152,0.0471924194564928,-0.61037746751772,-0.588287757615342,-0.804585008182205,-0.836755196129463,0.457468925726893,0.846101349152277,0.0865693325171927,-0.359190253684192,-0.146364297961474,-0.177177871012143,-0.141210975327082,-0.880925902435152,0.576367911287368,0.453804024270994,-0.0251800063425844,0.022565551597879,-0.29536921151439294,-0.23914352783563914
-2.18825324889429,-1.49212898413534,0.556037765026003,-1.38900473577016,-1.81413592608676,0.0208342451771764,1.58420147780804,0.349765154892142,-2.02158440400315,-0.603316326549989,0.386874510307372,-0.378517571070585,0.773367571780896,-0.520973718918642,-0.413913857184206,1.78744597370156,-0.88006953893437,0.704260533208127,-0.117578305872223,1.15797643130585,-0.110666756183007,0.288417073920279,0.719171539928257,-0.359040314216065,-0.0681708772348943,7.303573911834237,-0.40053118196801746
-1.21156045926004,0.453368353928095,1.177140322601,-0.223698684706505,1.10203809302354,0.608575328594778,1.36000406851586,0.176938122831065,-1.17300229614423,-0.760501113022112,0.473625159814256,0.589157508039999,0.410328389107828,0.577674374539375,-1.08162751436251,-0.167505797215414,-0.339499481346388,0.326201205490859,-0.297304798183065,0.198526172641162,-1.2416721198983,0.404488766924409,-0.848767726389172,-0.0241452448247753,0.0631684344435597,1.9190654985398412,-0.3195964427260682
0.391242150102679,-2.86670283217758,-0.403629397189087,-1.04649769628112,-1.91885444257817,-0.398581177741001,-0.22659408251462,-0.198804336311489,-2.07839009830026,1.36768212693201,0.808223001958534,-0.771856103773244,0.259280041653794,-0.020003814420287,0.242668025684459,0.615162046749512,0.0865795672918012,0.797780538134509,0.016226189393411,-0.43707544687903,-0.039159036082404,0.07380645121838,-0.394050304663494,-0.0945440307895013,0.106036667834509,7.884856070087609,-0.14912463679551552
2.07625113837812,-1.00232381164942,0.0756225394988942,-0.0366594209310163,-1.06128940866319,0.504666510246132,-1.39339327882591,0.0558593910773457,1.90467959436531,0.196184924583963,-0.738811367535734,-1.76744767133894,0.355505089990196,-1.52765172363044,0.7472483073286,1.10619753789856,-0.573071048190662,-0.540153007182598,-0.731756334437645,0.41261005477672,0.427448824733951,-0.560991143377087,0.358636326746247,-0.0049683688494771,-0.0358031658175632,-0.03560005562508689,0.0910119192767934
1.15281511212297,-0.714168102756797,-0.03219602742806,-1.33634930439498,-0.826623612393113,-0.738013710954194,-0.19767307265638,0.0094858504650903,1.59981234918924,-0.990234042156602,0.685935059051642,0.562782716426827,0.534437366679806,-0.649106742268327,0.0146636115397288,0.272265623930889,1.55920777369368,-0.0520932278497766,-0.162589644071684,-0.129340425857712,0.0183247529901322,0.519643265514851,-0.082658894896435,-0.0187501751635854,0.0061215021361374,0.7107495480461687,-0.5996891645342022
-0.899574262503993,0.81088477984186,1.67504620157655,-0.057371843810988,0.318539213744302,-0.899597241757871,0.426253547213055,-0.0118808896415112,-0.697733069569588,-0.0080009631587073,1.59965312681962,1.1438627736818,0.18497466420289,0.265511780833192,-0.621947738235019,-0.0214196081494168,0.262978359220536,0.0808452859546691,-0.127708794196197,-0.0539363960818423,0.550684817988306,-0.452159709483717,-0.0015482056965257,0.245807590444113,0.167514269697796,-0.2921707690168266,-0.3911062275797434
-1.75801703199076,-0.0463954717748305,2.10765054802908,0.329437802561752,0.161437348947754,-0.367408781746844,-0.645824088078929,0.798970547273309,0.119441852770582,-1.12376784821014,-0.927859812728843,0.171648037531494,0.0953173399354838,0.323257521048849,-0.203060815892386,-0.179034357868683,-1.38992791515983,-0.0620713881875902,0.21840984896159,-0.164872838706034,0.0646403157136661,0.0218969450889356,-0.53805218591273,0.0321251086835793,-0.102589502913278,-0.29203170629954106,-0.2317633889879632
1.83471633305316,0.0118031478191468,-2.26560214327242,0.733486602571356,0.515677690400411,-0.891173897587262,0.342540614199858,-0.196655529637358,0.597518569900447,-0.942292750147769,1.04399580636636,0.744834580936269,-1.92095203005324,0.37000559920207,1.27431781478564,1.06545190871105,0.31051835787403,0.0149649509152375,-0.0961342283146836,-0.0725268292158215,-0.575985857690506,0.176763210595489,-0.298984924978949,-0.00231132518468,-0.0051012358180668,1.012376581838409,0.69666512913774
2.0855954107357,0.152530916015378,-1.76901771356536,0.381248725662312,0.489955238267347,-0.792066917132011,0.181505657564321,-0.225771649950101,0.506969799519158,-0.377599698387639,-0.710183473637425,0.0870221459822315,-0.850730064978696,0.362734891825377,0.417531950742173,-0.254801830523321,0.111823352705952,-0.151416600065929,-0.374941431425098,0.320474223460983,0.378515173082609,-0.237839860569296,0.181374715862109,-0.0630416755765942,-0.0320314777772415,-0.27840356000556243,0.7538377015803251
1.29282057264228,-0.752900798505392,0.156895809121987,-0.666778063005978,-0.682787748086855,0.08709468397432,-0.647234648949905,0.12420571500354,-0.664421413701626,0.640915868328173,0.90964025664117,-0.0279250414958278,-0.0765336594800672,0.501902786158383,0.664079347630107,-1.51948022441981,0.987799440732126,0.0428560281686207,0.11812365226714,-0.14161960025216,-0.267880372961078,0.597967130355948,-0.114122178375238,0.009378834383717,-0.0053623137605763,0.1780002781254345,-0.18414504088162104
1.15846820477009,-0.381948681683121,0.388173981984125,-0.737213440508319,-0.690154653494613,-0.343561911396858,-0.300175459301693,0.104445453637982,1.42997995382013,-0.989983140170093,1.43559787549055,1.57609862737983,0.226820262154015,-1.30508238106033,0.386482045906067,-0.228002543667992,0.778713783167381,-0.178719093106308,0.0483371877070234,-0.127794199036208,0.25939603471029,0.722470588120903,-0.584187915997228,0.07708774001486,0.0083592866340645,-0.16757057432902236,-0.40019037937791774
1.97930462669076,-0.404069054100848,-1.08783682844122,0.742910488843352,-0.392037603218417,-0.933163810721857,-0.0509268801149135,-0.184814988389736,1.11092740621657,0.0776596872677157,-1.43086943087834,-0.443653675774324,0.339312843216109,-0.346277859355788,-0.0231878940115285,-0.304002862106412,0.0976516435751348,-0.280789733091855,0.0643316529438168,0.0402094410470995,0.0004991836140981,0.0711373669638493,0.460523185349936,-0.0637549772193603,-0.0632717957945699,0.1939924906132666,0.7330839990245995
-0.349844835293223,0.789187511019485,-0.0310732479907238,-1.21463580402884,2.45550348047823,3.36827738472137,0.118489998123219,0.936790344223184,-0.521408793131064,-0.249405808267194,-0.179983156655211,-0.245117249011059,0.290322235418524,0.52690422908994,-0.891184884203028,0.0971591244533268,0.387297516638333,0.212998193828568,-0.283445981123357,-0.0624997817340836,0.983538607210835,-0.0367227313834761,0.086464531375859,0.268219765277045,0.113918614698791,-0.29356139618968147,-0.21771997191316586
1.31011572736178,-1.09774712582898,-0.262901776169116,-1.36570498152423,0.895943010684826,3.9337161008696,-1.78923291381613,0.951279271308537,1.17983354989033,0.109084679405577,0.520809368123643,-3.0024008030556,0.746378035845971,1.33791483574327,0.692788490497416,-0.539984331414757,0.815828333800779,0.246817447772531,-0.0365327699448619,-0.0881111209876553,0.980773430750536,0.4833172119923,-0.209211875008363,0.0223070570742909,0.0230564112874978,0.5056320400500625,-0.7041980415602883
-0.654673676440034,1.23240601674117,0.811137705774612,0.726019421727709,-0.0594990937907336,-0.267424653830073,0.684165949439425,0.394673844431998,-1.24331781189944,-0.370963321000962,0.918345531028817,0.854183432017075,0.883496925200679,0.170940455000967,-0.393864433975217,0.207794509540382,1.09108112281371,0.0468359027317999,-0.230750666289565,0.294275919365291,-0.0668284990091641,-0.621787740424018,-0.858839262688274,0.0236248066395773,0.102235420301615,0.6178556528994577,-0.6783323001530673
1.96134279693536,-0.715028930352972,-1.70314738910013,-0.613581701074005,1.71386543663058,3.91313557523326,-1.25267075731091,1.05491129997518,1.31441746215163,-0.149155521646091,-0.222887249463381,0.496715283384215,0.0003878053898742,0.0010226417360928,-0.583562117993249,0.0751878055539178,-0.358385742990446,-0.143399193587018,0.191787390273079,0.158595297019324,0.72662126496658,-0.0601175113651956,-0.192346057041349,0.0609136593463354,-0.0428457237360223,-0.16701432345988038,0.5689229169176169
1.99907529689362,-0.131906309407268,-2.03923204175446,0.169050945599574,0.789482451111368,-0.341783958350946,0.478674238257422,-0.229449867148888,0.278767036723246,0.0658957182906712,0.384831072989242,1.17208286375196,0.549726448917878,-0.447179316458714,-0.579716768931063,0.0174530752587997,0.719012184646456,-0.0943734314902384,0.0388674706907275,-0.0536373257498983,0.235177897271067,0.422051195449643,-0.247473197696163,-0.0506509238155929,-0.0665308730799524,0.3614240022250034,0.8940015806189092
-1.29301382118923,0.407426996523929,0.162783780437313,-0.761167266926503,-0.400019612536592,-0.0269613197851702,0.403815485803391,0.633511320251313,0.312996011092278,-1.3428406304793,0.854853286108657,0.159176689687602,-0.816141569253448,1.07663085548877,0.280220769833571,1.09394617993349,-0.044810497727923,-0.145321135045229,-0.222759224875546,0.553291592129119,0.591919499980939,-0.0818587735004744,-0.29733502804096,0.128448432700077,-0.044554957717352,1.8368794326241134,0.8038181641904616
1.02823175753713,-0.175396106953903,-0.31561958609648,0.632405372541435,-0.092923310339169,-0.802508834412066,0.532805452396689,-0.331373173006233,-0.133714516828434,-0.0976820922466044,-0.736429618174891,0.195813010854117,0.352918276678244,0.162335070213964,-0.497134890594678,-0.318873907715006,0.0401267774980971,0.236572498546547,0.0025132995292122,-0.263351574297707,-0.0878124696771696,0.596617436509626,0.383077851862683,-0.0792021896464429,0.0277476402246686,1.8676122931442078,-0.6509035675567686
2.04235951279128,-0.103477273520187,-1.37259923928479,0.172172194982255,0.14333611338112,-0.74396696002009,0.0637222376548782,-0.180140162825326,0.437471475757149,0.180460381810076,0.709720342032794,0.756873096555177,0.692470598180311,0.0663929296940259,-0.819553410342764,0.523522711751165,0.0883219419427301,-0.246825122510328,0.292118959107067,-0.0427903311477787,-0.364504667391794,0.243756459202937,-0.0948858121917794,-0.0188775060810099,-0.0722229041491763,-0.29203170629954106,0.5799578697487756
-5.44870609058651,-5.9122185240703,-2.09834347872291,0.16866172898118,-8.25353268310429,5.59231986431515,5.36820973469261,-4.10353018867594,-0.952662002182185,-1.9674149035285,1.3220432256783,-0.0747584780790184,-0.0316594759291138,1.84385124514724,0.801903757366107,-1.8619460678984,-0.770275201192765,0.686472357073743,-1.27483790935032,-8.12395839391204,0.354375650137266,-1.88019859983269,-0.479030804068124,2.04272485539652,-0.447826749861326,47.88847170073702,-0.49318247922132485
-1.85193706496964,-0.0273852916751507,1.33970457570684,-2.32015990437576,-2.16871029867832,-0.559545937889375,-1.07947528392837,1.00341498179327,-2.13876810427185,0.646815231689427,-0.680300430672105,-1.37908261656999,0.183696425506795,-0.0699886802993704,0.942977832742912,0.0581927344043081,-1.48520414380641,-0.367851266997241,0.0225050547564799,-0.13903982933956,0.364478949082487,0.345377520523048,-0.148394200866247,0.251874160414804,-0.0343623982116958,0.9039076623557223,-0.43269589538535663
-1.29823357603676,1.49653624783923,-0.144168463649986,-1.24656327338155,0.299259191709114,0.503392880743585,-0.332488638842434,1.19497254671394,-0.0370731793923905,-1.584788520563,-0.103358793365299,0.442758996242392,-0.676107159542236,1.27703947347477,0.122594358025341,1.27783517338595,0.335571498931466,-0.11764696341529,-0.170076455450426,-0.0879184227077601,-0.49650535746578,-0.122808911863814,-0.250554656755287,-0.0162304492175238,0.0837009949627459,-0.19691280767626196,0.8678890511292023
-1.85084110363269,1.18498122456568,1.55298877777716,2.01853572344542,-0.0860572061073265,0.359523500690249,0.250921691729372,0.100026775970656,-0.35230111376696,1.90025745624124,0.721821751720027,-0.267653113888768,-0.0782687468574045,0.926062236220888,-0.9882742418667,0.783565721320824,0.121493829407941,-0.186892833253911,-0.124789419026315,0.3292826972325,-0.0491773486315564,-0.62071977352614,-0.217604212321571,-0.499038692930178,-0.176432814764045,0.12654707272980115,-0.05116151986203371
-1.22053857755899,1.23784561287147,1.37555548810014,0.278340352667924,0.619730366714626,-0.525813415128112,0.242913754252681,-0.907850295141444,-0.601387954629016,-0.255105920394423,-0.427730557793082,0.291002353360143,-0.618856550339479,0.206035021790682,0.100914994420368,-0.0074396668659601,0.869933890768404,0.0126980052479203,0.433240413074039,-0.235786652536335,-0.158349102179523,0.196303534404545,0.274673300944886,0.272446774276734,0.118943855930325,-0.1821721596439994,-0.6411143069514914
0.476530887480206,-2.33900929197054,0.676829722502395,-0.178435903247477,-1.73444270031376,0.967705931757685,-0.933268245889639,0.295837883936169,0.0707831310336575,0.293011039974524,0.641402990627464,0.451625304529058,-0.816332826259711,0.668650666340759,0.680549227391642,-1.00501207210828,0.74253649429743,0.874066671822451,0.596697123368925,-0.575517316010014,-0.187368091973217,0.430993415319364,0.0698498429529539,-0.0012115325845413,0.0758654691666356,5.53469614796273,-0.5347133879596795
-0.701449356915908,1.05322776809713,0.38327424416274,-1.97544014531378,-0.0486155672484824,-0.170333632804291,-0.451345492420573,-3.37939715579551,0.25669575676191,-0.782829776015907,-1.07044408194862,0.546359892130238,0.0282702864279098,1.22216428640563,-1.05987382797446,-0.548629722482716,-1.44676368521845,-0.817320919126642,2.87492432898014,0.0168303487068881,-0.404841531102016,0.920246739848245,1.14085882496107,0.117105930946891,0.18480119654114,0.180642469753859,-0.28626829977700935
0.0835661496931469,0.442766253592443,1.52177287599511,1.13990141973167,-0.26078755521187,0.110291852103927,0.101358748131092,-0.227571162386483,0.481454168501462,0.188196057396531,-0.796053568010176,0.0575367699207113,-0.405183333610197,-1.19234746619126,0.363587701054067,0.564373818755332,2.45483515566579,0.247631731475827,0.274240904279756,-0.0581032549462528,-0.0148276817833276,-0.838280734661103,0.119700112142673,0.0362105517117071,-0.017028155201206,-0.16701432345988038,0.4815011766503218
1.5447421719138,-0.779284869630224,-0.520910007229997,1.3041984196605,-0.5258492971643,0.0335440634481668,-0.258964754542874,0.0048901221640692,0.531145875057305,0.277758976456953,0.614656231184309,1.23707815938215,0.0767498189275397,0.740836649318301,-1.1928437202261,0.893761527938555,-0.422706191481384,0.233912292173976,0.387432301162242,-0.102460213393984,-0.320571694010617,-0.125983969312173,-0.585593624813601,0.0191741161363871,-0.0060635027578983,2.61437908496732,0.8316699620710221
0.666862946303234,-1.78646448091839,0.609639842688624,-0.41972106791074,-1.87501914392557,-0.521585484967798,-0.594966031097817,0.0116294392364266,-0.658894174861856,0.636158466859667,1.44097247444208,-0.377196766245731,0.14153229343441,1.64706953141959,0.0161923789909966,-0.564716893326611,0.520508861680539,0.708240967016954,0.381208669172752,-0.230181811614104,0.526270239159082,0.0481026499000552,-0.360397261206338,-0.0444816604502076,0.075803590605621,4.567514949242107,-0.5786534184556354
0.152822004695784,1.21481061551351,-2.26121734396262,0.976300379836389,0.952616220332402,-1.02861207636367,1.41015845418345,0.0730297196083508,-0.614756359673356,0.224934334758562,-1.68864405969188,-1.26442734749269,1.66441289883409,-1.09642917534685,0.28087693189932,0.138144382221529,0.464648265999818,-0.162712320460055,0.556725523860729,0.154550386969723,0.661403161834341,-1.12699307009146,-0.381724709428212,0.444868425413444,0.34970424424893,0.5979696843276316,0.32303972406742015
-1.08540163401019,1.36243023354996,1.64685895461459,-0.327717500806034,0.03973060183765,-1.18838209175384,0.943715253360216,-0.364775082469577,0.113529399877606,0.522619197392317,0.0801736412787693,0.326480662030772,-0.346895076773489,0.0437643833240201,-0.567582828542812,-0.631904377694087,-0.477915417331139,0.365165687513054,-0.278093595512334,-0.018173814722825,0.70280682383064,-0.318488413811719,-0.0666065217102401,0.244541076752731,0.105245624142027,-0.2921707690168266,-0.21826055533194466
1.67109582711002,-1.20743095595384,-1.52062328467721,-0.541871857267013,1.36694527308171,4.07707457666262,-1.28431510080717,1.10214879840796,1.39224231493883,-0.226682150353004,-0.117929699233681,0.521799935150254,-0.0365452076532829,0.35553826349752,-0.749597606004188,0.154434749812383,-0.483172231709553,0.155287258294846,0.154323245446097,0.184253321133843,0.69781423898219,-0.402060978205129,-0.408747475191486,0.0504332367751733,-0.0075561590382557,1.7800027812543455,0.5040294030372562
-0.337913905347,0.0276314289739845,-0.254121783395647,-0.646067398535174,0.605538734530519,-0.501521041881704,1.30784443852741,-0.158584220098699,-0.225231781214233,-0.62726929364519,0.362025243020952,0.666714617425195,0.467490029065309,-0.0608697740588172,-0.929825341305161,0.7299178117525,-0.137201568486156,0.197578802982432,0.629764278381712,0.160953817119523,-0.356765883284614,-0.641845087173913,-0.232547688375542,0.195476535425154,0.257898063247158,1.891252955082742,0.9415494178445412
1.79210725670759,-1.6007249031149,-0.2480597724108,-0.674365953301784,-1.23793991277234,0.462921091214063,-1.18121183013771,0.183103245089609,0.236673111849994,0.602130886834482,0.769386121396924,1.06583185948536,-0.925807657914741,0.956133517513583,0.248389971980911,-1.27207564331606,1.07868380163498,0.340868539033675,0.112559235847189,0.213296480404218,0.743093999353978,-0.445811959910548,-0.435698699874455,0.0123962819526932,-0.0153173411423173,1.8773466833541925,0.39592447109494583
-0.583727312285964,1.24203723001366,1.17809645421497,0.0182360213078614,-0.0531353941766288,-1.02342807117105,0.659392109094479,-0.0311531017941978,-0.119898640929862,-0.186069583241213,-0.281793173987328,-0.362048781421082,-0.39114327592586,0.388196069369886,0.0304474709175247,-0.0870088090839555,-0.115199236973106,0.199467257444455,-0.302892851924072,0.0258060597267922,0.314833885112794,-0.121878368504763,0.0794265647248272,0.352148000599676,0.154270825626849,-0.26880823251286323,-0.15678681916603257
-0.518285949632245,1.00494448923522,1.39802231253154,-0.315732894650523,0.539154030465662,-0.546277549466282,0.667144816960951,-0.0439927492680728,0.573773385182766,-1.11781332190754,2.00416374167859,-2.01315494937805,1.21623851404126,0.876735712435278,0.114133891878461,0.698535802875272,-0.496759486136051,-0.0943947951962624,-0.283184466800715,-0.0081545306445485,-0.112919269397752,-0.475654923426275,-0.139754059051008,0.0486010004636007,0.133952498446777,-0.11138923654568209,-0.7109905897353785
-1.3155138551431,0.475986247871533,1.89968652784797,1.16609342865012,-0.214031792683451,-0.244062459316292,0.162705041148291,-0.0408508531539925,0.414075068324511,0.118970660009351,-0.807192315094373,0.337872832431356,-0.593057606432672,-0.484402085068441,-0.0094337393322263,0.16214986261689,0.636585684143472,-0.204829733099186,0.0836927938936314,0.105904417398013,0.450043972351524,0.0489568526906967,-0.18098642316971,0.202094537630548,0.139851425069187,0.046446947573355574,-0.018138924062719428
-0.396368676058507,-0.407380191299101,1.08970746200934,-0.647956498565446,0.969836128122933,4.97983479664987,-1.09258936350545,1.28640811219511,-0.0506642549770372,0.129445516344514,-1.59129650821934,-0.0096994658525391,-1.19474199102943,-1.83572124843126,0.103399668969205,1.6180863307638,-0.0121161115464607,-0.412229569321775,-0.463861333071352,-0.117565859380639,0.986272278606897,0.156789048082783,-0.313291647612316,0.0404171486994269,0.0327045701386367,0.5284383256848838,-0.35871822970682166
-1.3214632796506,1.66736002482921,0.411520936304508,-0.313764041795222,-0.233671988478318,-0.208785651379846,-0.0900049146734165,0.958963661301093,-0.839623236513046,-0.301041937707392,0.397268445430735,1.0370670904514,0.723921178261913,0.832395192212491,-0.653478347734285,0.393983578233952,0.570819433020253,0.0811835785498196,-0.170598694966474,-0.0336014485593828,-0.502779973131213,0.0050014322884987,0.112358472508304,0.12904925136789,0.0277463319391224,-0.17076901682658877,-0.053676407940700346
-1.83580917667751,0.369228011501564,1.50930227479451,1.11477323487631,0.610392550387264,-1.13588989752826,0.182003167582124,0.533472163603678,-1.01761600257977,-0.472226053445486,-1.37122159464131,-0.955485550421587,0.667252707112877,1.42626627169793,-1.00297754469989,0.17249650137276,-2.6821218657161,-0.178052199275358,0.348593339044799,-0.236717520338148,0.34992558748627,0.321187017651708,-0.161346776895687,-0.0926368169598678,-0.112100282973634,0.07384230287859822,-0.40452679854159995
1.23423121281145,-1.37970389110674,0.114680363490382,-2.71955447202332,-1.54049930022534,-0.764310635026676,-0.764567501606293,-0.022358378120723,1.05868300116229,-0.636127167536449,0.727431963320202,0.749005337004154,0.284023707011451,-2.25457283109168,0.0536817745023333,2.16845425215516,0.821785069767727,-0.381651903360966,-0.287413374383601,-0.162286998060492,-0.0155715108667995,0.57192058366549,-0.736183229104261,0.0823179653825982,0.02899102383944,0.945626477541371,-0.38103492345162515
2.03792150340763,-0.254480933072476,-0.504607650392915,0.389298161686826,-0.310172198057335,-0.181600165262122,-0.706707307376054,-0.0414290348475739,2.78003902103621,-0.556318506979229,-0.27117951303956,-2.57577077390645,1.55027447864865,0.277508486029626,-0.0340196103240619,0.863460716793882,-0.400356036829616,-0.288661266151924,0.0397308335315709,0.145434927158946,0.39372544685099,-0.0485048215920847,-0.614910168381745,0.0235919319386806,-0.0372348354065487,-0.2905020164094006,0.2492030801503057
2.03314343414176,-0.149038674885185,-1.57145937240243,0.155358673605292,0.538863137405041,-0.319236214573148,0.253649017367458,-0.268986122914534,0.399319754285675,0.0104332182594282,-1.23114520469373,0.766849463795464,-0.0037838924920617,0.0930654001807595,-0.649607595152926,-0.720935589421451,0.417357920266085,0.0028661776096177,-0.301861446188213,0.227067886962584,0.0648124329447272,-0.15807504486759,0.199182507911661,-0.0782395116639653,-0.0496141317412617,0.3892365456821026,0.7395004891692349
2.00298384705945,0.0825944135827079,-1.61410822496416,0.352878296519636,0.369046370249847,-0.661927383539746,0.0938232907236294,-0.100505863086952,0.228760831961966,-0.211815221208186,1.28922354686591,0.86843992728504,-0.623864149594017,0.461844954179278,0.294198275898552,0.134941313334161,0.269537167887376,-0.137685983996772,-0.29624733542643,0.343923925012342,0.668727102387094,-0.318086389934978,0.141881268617108,-0.0681807336631478,-0.0374143421235955,-0.16701432345988038,0.7677283450802502
-1.36607572025146,1.79121416261265,-0.792604848122663,0.952247658004079,0.227135743272426,-0.348030326552712,0.0954122216501639,0.315024331096921,-0.653621550589541,0.0475600814524866,0.973226962045072,0.199999115273183,-0.310691524828197,-0.525004161174285,1.33909924495015,1.60496197949606,2.71261930282435,-0.0455582215866716,0.412932694645106,-0.396830426744058,-0.502498376256619,-0.085597708609484,0.253103969251502,-1.00986006522858,-0.179612649307916,-0.2250034765679321,0.6823514203535533
-1.22135689813476,0.597587199134254,1.6013222517963,2.08381776010168,2.4211295084993,3.24218525280815,0.182718072636158,1.02966915061536,-1.57497300637215,0.275445024346263,-0.204175222716508,0.0830951006163203,-0.0090321972357095,0.281894645387331,-0.335673382651691,-1.47337002365109,-2.37794904018558,-0.120778867760562,-0.106675910114369,-0.0759243530128327,-2.82268359235889,-0.0165003487473668,-0.125638807469902,0.0975174677479583,0.0723604706551106,0.20442219440967876,-0.4744383367658422
-0.0802687910291559,1.11182289904184,-1.25794337471757,-1.14954685800719,1.10233027061913,-1.22543750073069,1.37442650086635,-0.280127920971989,0.258571619274328,0.0411234934133748,-1.42988894717404,-1.31128444221438,0.930992450878363,-0.431408715449149,-0.406238624475252,-0.0620939177120208,-0.0407851828332906,-0.0549025817937216,0.104640538425121,-0.256382178033056,0.458028437869299,0.308709090379023,0.166084113797321,0.146704713122819,0.0924136456242986,-0.29523014879710746,0.8894301251861928
1.24781099171068,-0.0871259883776797,0.659114281104905,0.404339417032179,-0.72116799982466,-0.717595238386563,-0.28624899070018,-0.209748783393965,2.08224251404481,-0.732604719939661,0.223619036130007,-2.08620750488832,1.22815657565586,-0.388614056778008,0.928353415488853,-0.427492911706051,0.255859382632261,-0.12148768327394,-0.262045108009569,-0.0542885362923434,0.417463706646333,0.413699933627328,1.07311502464324,-0.095948965952362,-0.005322180909518,-0.1015157836184119,-0.8538808894947602
-0.991241488618386,0.981469677507695,1.12006772624956,-0.638138089391901,0.525129198893364,-0.208160338931489,0.77036236058318,-1.64425985807415,0.127438821084476,0.568673210425837,-0.600381508149138,0.297323078523725,-0.74630611792234,-0.143326336657598,-0.630973576898116,-0.247080783441982,1.22096908584469,-0.0357240526214574,0.663146465933082,-0.221553429469395,-0.350315018564629,-0.483400647819064,0.917823473663811,-0.882616702192875,-0.237850848965307,0.18078153247114445,-0.008725721487897102
-1.69328972486802,1.40191784992159,-0.89973131470554,1.16867261672908,0.760615430177663,-1.24015974542296,0.467077242053929,0.447803286271305,-0.869282818008493,-0.0089676637411252,-1.10544456929,1.00314041917541,0.76867192948888,-1.028593015678,0.442426536708166,-0.501625304856911,0.72511966241959,-0.0761405044361065,0.160139422242468,-0.49283268417527,0.07092191156107,0.0906357819874092,-0.38564476639983,0.306491230556944,0.0225639093704968,-0.1729940203031567,0.7485493855270542
-0.19352995939928,1.29169477692135,-0.813708608745532,-0.526184006608897,0.661879325933724,-0.81679836986169,0.649636509077634,0.306211187026889,-0.25193079488284,-1.06977214461596,-0.889824894268354,0.152689719893742,-0.762615239864835,0.473714655232534,0.478283427828047,-0.173808649592002,-0.195067110357693,-0.0573843259805073,-0.30023041821453,0.146378221626899,0.478962473645957,-0.370434102660826,0.120392009914068,0.0968767365064274,0.0212898425750116,-0.18092059518842996,0.98118828461717
2.27099564440158,-1.41351441438339,-1.01360396727398,-1.64792312828594,-1.18365175128049,-0.522699993588175,-1.1462437863737,-0.0863326349013915,-1.38027986688526,1.76127549617584,0.351272916825225,-0.507571706551239,-0.0817322046536375,-0.370548924462824,0.248503159594706,0.432337544532959,0.212279961236271,-0.472091863068425,-0.139837415764739,0.19086645569395,-0.429171239646706,-0.190422925526766,-0.152776606445868,0.0038265631351887,-0.0667053400086276,-0.09734390209984702,0.9427951100704227
-0.463015199549927,0.325771929635978,-0.139411116478889,-0.905965869765145,0.959955945273613,-0.809819817293059,1.6877800668204,-0.374203219082104,-0.28844857905364,-1.14167576991173,0.892286749264196,0.126686227725331,-0.875556097895912,0.669798301725114,-0.371441408902243,1.21709653719929,-0.766711225857931,0.252397703310671,0.317513147240558,-0.13433481263493,-0.43090490539295,0.508170840988152,-0.22841906083269,-0.208784942695559,-0.187704358389471,1.7793074676679177,0.6539942944945691
-0.95904315177979,1.30973904229204,1.23096268294852,1.19709509598111,-0.19646126017382,0.350721762807499,0.510060937232761,0.335825755449605,-0.486874461682901,0.246114606869334,1.25099338820274,1.05588096278524,0.221903642648369,-1.06150645416046,0.488942525393332,-0.277622067453371,0.941227856502111,0.0389797871212601,0.0409762797861564,-0.100131438412369,0.241216716288511,-0.162637456982745,-0.303081797062939,-0.105349797440419,-0.106769267595726,0.2567097761090251,-0.14511726840848127
0.764032084309965,-0.521550453459208,1.14000944215445,2.69932006662736,-0.716956411803746,1.21071806492594,-0.662164437616456,0.57451934047218,0.313945034837062,0.552791496160018,0.133278763254384,-0.266681131465393,0.176601866540639,0.466454970356731,-0.151753783560498,0.0177082797580364,-0.586251595716474,-0.0274859464191094,-0.0794743560755234,-0.0633321510804169,-0.363778134271855,0.129497825709913,-0.0671230010866556,0.0119636732091494,0.0381485799547785,1.793909052982895,-0.5373928014266701
-0.436599037467512,1.0499396726339,1.69989536922789,0.0460109969040144,-0.24015142260588,-1.08508131180193,0.711007709363058,-0.0839647351025851,-0.407981275101835,-0.311244411977517,-0.118466770872809,0.022087528384797,0.175197963207822,0.106445036120692,-0.270585373009362,-0.450505720057202,-0.109075152291842,0.0834274314857269,-0.206899020794365,0.0208328518649373,0.690489862337699,-0.239687989216087,0.0511691076317358,0.265061365468102,0.124200217321997,-0.25615352523988316,-0.07820244261442594
-0.984687199416372,1.02421508813778,1.4297158377729,0.43175238259131,0.604192596669741,0.0797966392112654,0.399412192449897,0.0722807527893883,0.881834400637167,-0.317692481062224,1.7638964905478,-2.91700993908343,2.20859049658759,0.0086982417792921,0.318388469147287,0.485410879521993,-0.201597380220941,-0.365144305612837,-0.143880936858869,-0.191026183430688,-0.448100964394824,-0.226216291575075,-0.610317724161539,-0.286850133156381,0.102006675124391,-0.1564455569461827,-0.8954940609272768
1.72011057391711,-0.826211116344238,-1.45822082493249,0.183729920842964,0.0335210367880187,0.0246257273718054,-0.0176254440568204,-0.0447923133598045,0.97727958682072,-0.108974190639251,-0.0810624123572162,0.758288000397602,0.390848705136045,0.149049072601194,-0.954861471522905,0.806849925841249,0.482090095745016,0.113913799116515,0.246612094281447,-0.216425601974899,-1.08040576968937,0.187083716379499,-0.492804085018694,-0.0021824769340302,-0.0372444799644454,2.1051314142678343,0.7707368093238888
1.24533323448537,-0.533644752916998,0.855397604758085,-0.701462330031628,-1.43549981482725,-0.882969555763389,-0.745889422360623,0.112114997896367,2.2083219813837,-1.00484128566902,-0.878326614941404,-0.618353838727476,0.359029233633798,-0.321263807181292,-0.0008108884399152,0.502603865572032,0.575153645352586,-0.289163873606587,-0.0420323986426416,-0.0056554626451696,0.334065509786329,0.414488868077043,-0.67770323919576,0.0769512367068821,0.0297600660376991,-0.29203170629954106,-0.0016746334168691406
2.08564593249558,0.157522173909142,-1.76758521303261,0.380579237435856,0.496103930073655,-0.790427729119111,0.186179964045893,-0.229685778215858,0.496537802003358,-0.37962325509229,-0.698434074553976,0.123664064519002,-0.864441363826592,0.3595030873155,0.413594890380783,-0.263254628478533,0.111358190458545,-0.147002352595702,-0.374149286400954,0.319647259488107,0.380401505188395,-0.235508703189684,0.181143838113175,-0.0625912810033264,-0.0318835098199365,-0.27840356000556243,0.6486472193740397
-5.80967660485652,4.56239884486821,-4.3905203810322,-2.63181150356932,-2.73745534549758,-0.984151264412695,-2.85883953059199,4.51890854321277,0.613473155617041,-0.496999286766304,-1.51740909755892,1.77253708437943,2.71431427513814,1.2363363834974,0.747858290914889,0.437522722674069,-0.642128738140852,-0.0992921903334509,0.256772061000387,0.339764554382724,0.293265587486798,0.619787025014755,0.79810633358017,-0.0294956377113118,0.113366537846022,-0.2503128911138923,0.5485922796461529
2.33453942773216,-1.27018484008068,-1.16076371296033,-1.64552937871267,-0.910570397838026,-0.49401784344524,-1.00389037275043,-0.23371459241945,-1.31868109092201,1.5577962497353,-1.18885510916691,-0.599312304707855,-0.541977225273017,-0.544169008455918,0.355529383218134,-0.0949302287492371,-0.008762799217018,-0.370296029624353,-0.188456238361508,0.221045643131431,0.47184997997526,-0.0871807972383546,-0.179876283992559,0.0077209152871471,-0.0462620281738319,-0.1112501738283966,0.8657384692675388
1.17995376059419,0.22701534078091,-0.0871225946919405,0.760652990762777,0.635492804659749,0.747794349128572,0.0373713079959479,0.103312174897438,-0.392396473146712,0.124824499522164,0.560348412596526,1.26313992694063,0.201701117091568,0.454604022722152,-1.03503697264472,0.151103090477825,-0.0024042954602831,0.0335933310527048,-0.03030597949416,-0.211998656800356,-1.32250755067125,0.649329812691033,-0.333917020892531,0.0351602386699661,0.0066464222667026,0.180642469753859,-0.11849941094035073
1.16429584764997,-0.65095488959238,1.20707126546179,0.759375416634336,-1.50644098916694,-0.229023483355463,-0.879209776923437,0.0563564920758126,-0.321754000557301,0.702989360053975,-0.968380421926191,-0.133148623247056,-0.293928877313482,-1.17846992930705,-0.133048698374811,1.43933029445038,-1.17722845208521,-0.447956119026495,-0.356821761906439,0.0417492605967144,0.319485948993508,0.237082431491401,-0.400505025422359,0.0791843197709105,0.0522984766619143,0.5840634125990821,-0.5657499272856543
2.05648565875135,-1.76266847091819,-0.423806423712893,-1.38296568369235,-1.82948882509968,-0.723316396866595,-1.25315413263944,-0.143991588700379,-0.941910342943903,1.47128778603102,-0.935443459560925,-0.79154574169886,-0.518101671312164,-0.282365390979905,0.455202356314751,-0.210691317927594,-0.245130654193528,-0.250323922812972,-0.339391206812669,0.386627818712848,-0.0858424191916666,-0.671761523742007,-0.490649326147116,0.0203242175145162,-0.0179997265803296,1.3112223612849394,0.7120129975056776
1.14186748598678,-0.866742639647603,1.82229131396005,1.08058132615501,-1.62585000590825,1.03031074482824,-1.45604711927607,0.400215570231461,0.542734597226776,0.351560122486135,-1.35225212952492,0.947462371307119,-1.35355510609184,-2.35054710943961,0.810451753409731,0.587812868839429,-0.951498932688744,-0.544610889028618,-0.389410810780167,-0.0005215394213425,0.0922493695966549,0.39451990655917,-0.196459510121608,0.154550035984205,0.0430752843560038,-0.0584063412599082,-0.09919118143918583
-10.7930000893493,-16.480875533288,-0.162296951062137,2.91613460110059,16.2380564482585,-10.9087782135743,-10.1792851273369,1.22739409992401,1.95197882248678,1.19605244860951,-0.417270563647766,0.45968997978803,1.55157418618162,-0.0815992900563015,-1.08484391635849,1.62569082402427,-0.406489682701602,3.83920505267204,1.77749601805863,3.11203117594123,0.079931079335491,-0.844300860170435,-0.905463051594387,-0.394737931057927,0.441425226703398,-0.29203170629954106,0.3343214649810649
-0.129995570116932,0.704444733619308,-0.116913744928975,-0.621638387272128,-0.542491441145066,-1.31503186869508,0.273654090515786,0.0511991932259471,-1.92042051817094,-0.134834823801124,-0.119982679159454,-0.605434891270108,-0.760829245128769,0.82820613056296,1.48068504371627,-0.902401271133699,1.16469132360245,0.207365122849659,0.35718497121238,-0.0637575193984348,0.376316525650751,0.0330605969878836,-0.0411937630482555,-0.079754504688,-0.0127341583689811,0.3892365456821026,-0.09010702964101149
1.23664620272336,0.306498656550135,0.190288499262265,0.497587339281147,-0.136113375069999,-0.553195816214468,-0.0115825602815148,-0.0450152452981987,-0.229983477436431,-0.118387468966489,1.36283488233416,0.903553672703899,-0.144613039467679,0.76439660703063,-0.387069007773896,0.284370701415899,0.215744013734517,-0.0476071215280537,-0.255791109040581,0.0734336110554394,-0.0378375736616216,0.23620378079468,0.097068593795914,-0.0262578683776328,0.0176568812980066,-0.27840356000556243,-0.9871582058506403
1.27746712165456,-0.42561000552875,0.226724183936346,-0.546969162684461,-0.805828233286446,-0.62271011284975,-0.594040176118992,-0.0847210144667245,-0.822914816221779,0.150880857214867,0.377946685119128,-0.330399087725032,-1.27395629546562,1.25177442589359,1.15672552634501,-1.42875523947284,-0.0412104358741969,0.189602695025536,0.112326322245657,-0.008696327131631,0.0313245031960569,0.298576217493259,-0.259220896754584,0.0408238598286658,0.0469408614923168,0.3594771241830065,-0.35943509032737614
-0.703455074032469,1.42494403107294,-0.942249056928246,-0.426837859721305,2.63806348126879,3.14481435800715,0.0424176251481945,1.21021281739368,-1.31833269372482,-1.0555798214224,0.137577090607612,-0.530242567627301,-0.585404991034171,0.410559126831767,0.90402411120111,0.922982968290643,1.23854953823023,0.155459751600339,-0.09104950459527,-0.352076826373074,0.925897449157549,0.53570753793807,0.566592434949232,-0.0887515396690602,0.0252266934001204,-0.29536921151439294,-0.17036016370276139
1.16104329940635,-0.606562059336285,0.876336165068191,0.646710172757412,-1.26968349518116,-0.364891212615314,-0.6119952486224,-0.0821496268418779,-0.523264816197125,0.649940431226757,-0.848046750958813,0.274161722351279,-0.344284986921962,-1.46234642633558,-0.0897084837874228,1.37799167915941,-1.13792211088186,-0.369543352392434,-0.195129103023212,-0.1203023932574,0.38875670682193,0.516446641137222,-0.231522896436916,0.0678864650511885,0.0474917926122467,0.7926574885273258,-0.5140654517250193
-0.679292516376208,1.12083709270351,1.31939419830188,1.24982671561708,1.14778623152507,-0.086534157696287,1.00143570313602,-0.0397520218993301,-1.37449674298139,0.0128740291760037,-1.62708626618207,-0.498173772726061,0.0577680840126235,0.992143289635796,-1.21235531446267,0.0997742226842459,-1.11099839548213,-0.0111407993525106,0.0675208400013839,-0.29695379235294,-0.619849585874601,0.282799352349897,-0.059403790583127,0.048695127049257,0.109199770651984,0.04213600333750522,-0.9901901737211823
1.32440784649299,-0.821571130496202,0.236852296418439,-0.908054633250364,-0.925343777831054,-0.196700478110089,-0.819089657531657,0.0976906373993119,-0.668022621572029,0.808354028085591,0.476458615918897,-0.933589749268205,0.21422919861595,1.77637639563794,-0.284293348122239,-0.3714946193895,1.07065497402071,0.11454379133698,0.115254778835346,-0.121113651517072,-0.528211335309329,0.37653546067474,-0.248853045816927,-0.0072512889586774,0.00787434880007,0.4825476289806703,-0.6448043763753294
1.20963283691006,-0.0133698954075489,0.35926237982868,-0.0584468747223325,-0.316764644482663,-0.286542032216639,-0.189782434884525,0.0209360072767849,-0.122919209076227,-0.011165800373976,1.71600940436467,1.232680641288,0.306450879633256,0.116706978077161,-0.316606993573929,-0.348206054887562,-0.146738771352404,-0.0584491963029606,0.1467486597486,-0.0601601812032312,0.120937852266118,0.321427962627288,1.12567858283297,-0.0645447438241884,-0.0114883229978133,-0.27576136837713805,-0.3627843571611144
-0.257349814514764,0.955209665338546,1.22314565374,0.398007414389273,0.452466801617171,0.140241297663751,0.421980874036183,0.165878193190626,-0.92126329713697,-0.317393605302381,1.48515457156627,0.636031767645273,-0.132614650321643,-0.0210996658083665,0.253991054744193,0.13602934344664,0.968595446789629,0.104078050384807,-0.101550506683783,0.0138270002611243,-0.334943843077072,-0.749384016817347,0.180750575386018,0.149315461185606,0.152810559080517,-0.2810457516339869,-0.4476324502824842
2.05843633939826,-0.0578661078934462,-1.09490150705152,0.392024487858934,-0.0743098874182169,-1.087760663644,0.171459589754041,-0.307034881750715,0.538453136114573,0.0636751992936499,-0.746480459477875,0.457726794245763,0.268479402731924,-0.145212992663547,-0.259708293542443,-0.94074448222767,0.100505524948654,-0.225709213971602,-0.287536360053936,0.337728803218276,-0.0826331687205025,-0.30261803395233,0.205290327583902,-0.0673756266758656,-0.0611215199020348,-0.2810457516339869,0.9857244846095313
-1.1430950739428,0.381046771023367,1.19067442852215,-2.29394295231924,-0.930131103607057,0.528412176878259,-0.957069612789134,0.794073125848615,0.526669593227354,0.0833971309866629,-2.53630663252176,-0.560589333553083,-1.29739489714657,1.3778236482044,0.0332757284108558,-0.985797096306125,0.386228053666687,0.274426851248746,0.0847712470153165,-0.236083193184392,-1.03928388104181,-0.0125997898073709,-0.209586777277507,0.51856554375525,0.267483493958051,-0.25726602697816714,0.811468594747527
-3.82021720626292,3.36271486188881,-0.382107492682805,-0.460945070749528,-1.38176996784277,-0.906852587821271,-0.337679602673015,1.1978309917619,1.26068270475683,2.38522500221224,-0.0700215578978566,0.408079012697677,0.270150011679383,-0.0995841437172288,0.330551265972673,-0.941630091952805,-0.775245845535601,1.02195328611622,-0.399221934657268,0.270398338112544,0.329573460803857,0.223503887895781,0.0913413399747521,0.630701607295142,0.380709125344891,-0.16701432345988038,-0.059552314666556985
1.16315752732164,0.190572230523339,0.612773077322819,0.656831361874521,-0.429997471122789,-0.693574437285333,0.0422241129305985,-0.116938492444399,-0.0490712869434689,-0.130676033534616,0.372225569387847,0.795102092255523,0.204030051590044,-0.103262861093301,-0.0503514461385554,-1.14807512098904,-0.608531098527837,-0.0746545407070931,-0.19350639468045,0.186857092306551,0.407749844382393,0.109858639643051,0.100851144732482,-0.0123521912515215,0.022677870728148,-0.055764149631483816,-0.02904460694590934
-1.01176439278356,-0.419674471901679,1.21808429205155,0.650592711944169,-0.64347304397923,1.7482728297215,1.36177180104818,0.221184389171151,-0.0191827435433566,-0.934325712653886,-1.8162651104338,-0.177415790517788,-0.486605853529556,0.349514698484156,-0.692183201787545,0.472823937608568,-0.252124468409706,0.841810929018238,0.379193857396112,0.53192458315254,-1.35046762530444,0.334606566153456,-0.181385141515365,0.0003230867255518,0.089064555028566,5.21485189820609,-0.5721781692437414
-4.78481950627749,2.06074424530227,-1.2523555195796,4.30130418307627,0.498768036470594,-0.735365762334195,-0.294451580571278,0.192398708855999,0.132282725026195,5.86156047127073,1.19107605733964,0.183227058770104,0.135470752114937,-0.075136039544722,-0.0998247287781481,0.138759633249928,0.995575081216575,0.349247296130735,-0.407579196390194,-1.0788758048313,0.417331294692917,-0.952735722377301,0.110259771534673,0.693554371772601,0.311092667731915,-0.2347378667779168,-0.22889594650574516
0.749919562616559,-1.29897042290289,1.75046419036238,0.575322559555906,-1.49393020213149,1.70524299143785,-1.45027729560518,0.725771848689257,1.77583061552557,-0.562111559569696,0.796409666084673,1.65777776706956,-1.04982763585826,-0.690106352863798,0.71870554431781,-0.665307936006915,-0.0174760537776427,0.130715924732891,0.218877716806958,-0.165822365849804,-0.139780527230861,0.0663935737362963,1.27998969074516,0.0248422445469685,0.0269261450374384,1.6624947851481018,-0.16583571552385176
0.883697682404114,-1.02987985919972,0.903135732959938,0.340457255235685,-1.35250957374849,0.0844774398801666,-0.685121110440181,0.279938343253465,1.51791300808284,-0.499698030351553,-0.945909941041992,-0.503831280413124,-0.055789857400086,-0.290194723085948,0.553264113172411,-0.788141517200741,0.0753018125408397,0.0478461688991081,-0.142829210267467,0.0073655527970911,0.108158794389999,-0.0647467182708336,0.963596014032663,-0.0593148424261694,0.0317856249911136,1.8495341398970933,-0.33352234166634837
1.93809144496298,0.0897577189215293,-1.23803531297509,0.986414109933578,-0.35112814233553,-1.75518317711892,0.193076549021809,-0.35913388728509,0.540036448122345,-0.379631117150923,0.270806334510388,0.221923289335479,-0.879058634954326,-0.0867376807850907,1.02513266647929,-0.17257377113798,-0.727870930795654,-0.210701812422392,0.138019449743961,0.14218891217392,0.819157670663708,-0.0472552446008774,0.403120554527422,-0.0430314893092108,-0.0264164641031261,0.011125017382839669,0.627611473295473
-0.994984527093111,1.15548140196534,1.17490667319159,-0.295866077399167,-0.293185973073164,0.0270367593922636,-0.257573274006912,-0.25612843903488,-0.975615466159702,-0.462320761729515,1.57051920146426,1.12911326281539,0.664708579933659,-0.23006783909238,0.314205500664925,-0.17311527644078,1.13476902821015,-0.134411129464549,0.868206745202079,-0.0002854961257693,0.0915785632748139,-0.350183577021142,1.10066088042659,-0.0310228119594982,0.0107729887609884,-0.2525378945904603,-0.39540739130307045
-1.41824675618299,-0.541426222210378,-0.537696311644873,-2.63854168700637,1.84331776742803,3.05448048019245,-0.525760644855051,1.1935593423947,-1.57996040570252,-0.129851347727034,-0.393969655048303,-0.89062568971327,0.134793733802045,1.72185977793059,-0.331035395049037,-0.778755698268667,0.427329971997561,0.101788431137886,0.234647951671175,0.10179047452337,1.01365901408721,0.313719946162657,-0.347276177117665,-0.115362984499503,-0.014087971178292,0.980392156862745,-0.4834754813102097
1.25758299235063,-0.456403043473582,0.152057908364255,-0.515016352409838,-0.822301076322488,-0.652734648445673,-0.601239529678234,-0.0646401648232858,-0.767273810142112,0.0989192728528324,0.35130600071333,-0.577641964846999,-1.33647633110337,1.31948838910178,1.29382841015777,-1.31189715316976,-0.0633287762618616,0.186872735059419,0.105344546878616,-0.0144766452782697,0.0079406697099494,0.281168653018347,-0.258785348438037,0.0380816491118039,0.050936984529607,0.4922820191906549,-0.39919147523452214
0.988076942475409,-0.892928596828197,0.579875132102811,-1.12026031716665,-0.903624050480451,-0.0202190353456646,-0.611787202428272,-0.0388009143614106,3.1480514672951,-1.65935667157334,0.38421623345044,-1.53482182948898,1.10458940596035,-0.593953491216712,0.701546664005905,0.150919950086188,0.269820048484064,0.1993257357059,0.0503174798792339,-0.267705042332208,-0.425247331217514,0.430965322264067,0.12136585274371,0.0109968031296386,0.0348876948822116,1.7800027812543455,-0.9310080411783543
-1.9028768022413,-0.133934825737387,2.00970205803023,0.157475002201878,1.16928405495213,0.877265560278496,0.045595470520143,0.474842977224163,-0.200057865529121,-0.632726713875816,0.652307018200812,0.594491038334278,-0.0685229799575838,-0.727140165509906,0.364396063958895,-1.80566664020342,-2.90304101957164,-0.470897059441247,0.341768367092989,0.236983248099357,-0.615199181887069,0.0127541798889316,-0.311142778392503,-0.0567571245759842,0.214216632963978,0.09734390209984702,-0.19664897039424395
1.94913034998169,0.0602493735182908,-1.57248562221505,1.31764334081903,0.337491562771367,-0.8917290214606,0.495071851816552,-0.224460755869305,0.0878501775877496,0.449368920976576,0.629301858004898,0.502781561728398,0.940534872972395,-0.518050429718663,-0.288389495594869,-0.065304460310767,0.0359711255351848,-0.326792329424951,0.104937405458527,-0.0053550519307921,-0.0034479802856074,0.376741853487465,-0.510421286125504,-0.0279134323812324,-0.070820236630538,0.029203170629954124,1.0088638052959547
-8.4824324729,6.98324860336108,-5.96265606258738,-1.46549582741185,-2.91205933848125,-1.56770537849614,-1.74360783668555,3.45340183433631,3.44243640722161,5.13667061753829,-1.15946753031869,1.26504946616424,-0.526334062862718,0.657717425450619,1.33695671602716,-0.3660507917354,-0.944023434189443,2.09016339101631,-0.988742672612318,0.49194679424381,0.547009542490942,0.720901771365985,-0.0546642861126289,-0.761809038733528,-1.55311943015531,-0.055764149631483816,0.7205683176985248
-1.70189727814724,1.75732757048365,0.294909711873572,-0.0964178706443944,-0.0071066920528647,1.93778044221313,-2.91597042389661,-7.50681244428691,-0.567688248725138,-2.54091265305565,-0.252421583912066,1.47035833899198,1.27267158016051,0.374862958452075,-0.0606739951831045,-0.385130355553967,-1.3767152561096,1.55201202491183,-4.16604367828101,0.108872545833776,0.591714328105863,1.76886890007472,-0.863620844450946,-0.0925060455102017,0.217396527474484,-0.16826588791544983,0.7039982607316091
0.886305842816765,-0.545110402632337,-0.0275475822777233,0.188202026546294,-0.152221066244699,0.196378719356699,-0.0278138139107986,0.0654536522036184,1.44946159410197,-0.583395573565198,2.46831239065074,-1.7926125823435,2.06044060591834,-0.697101289411893,1.17491315219679,-0.757393459594802,-0.312390562620015,0.0623936171051578,-0.0505018636590914,-0.148516382070937,-0.255881769236591,0.257195685227732,1.11201058260826,-0.127795190745214,-0.0068870051674633,1.8495341398970933,-0.8500145428691465
-0.468434566664948,0.965177166051542,1.25755972183542,-0.150188780566474,0.433961225569159,0.271962918656806,0.423633652602259,0.371828470246159,-0.611595185278923,-0.420018696632846,1.88242140894491,0.60668626992442,-0.109113770878497,0.0033497627417882,0.339906796379411,-0.509152948204942,-0.52294095894967,0.035070484207575,-0.16095501448739,0.0324647681173875,-0.34709995351002,-0.350370365255462,0.114903059506004,0.273513950573949,0.0804653805838507,-0.2879988874982617,-0.21835456983955837
-1.36382458945557,1.24652583577312,-3.19963601420708,-1.49185750200428,2.75930059839378,3.33142749133644,-1.04624900004338,-1.13580193709896,-1.15595753876545,-1.29137636628276,-0.692136293944537,0.457397460485618,1.71270562538181,-0.285502277099221,0.172174330321986,-0.632957165638944,-0.365907924514149,0.239323597572622,-0.967222428545953,0.103459867870358,0.764933275709643,-0.098446555148582,0.59731998457867,-0.343903089171907,-0.1380775344508,-0.29536921151439294,0.5840710044568752
1.96134840713891,-2.42711850770987,0.642947508992054,-1.10385900206671,-2.54027084200706,0.975071376526394,-2.47313718539113,0.440234895937695,0.352163554354829,1.30253288975728,-0.580989412278794,0.28315336860632,-1.69097648792106,-0.491561049392781,0.595834490563956,0.864078588567775,0.535278188501872,-0.253110108158462,0.0089550272283743,0.0618430284463972,-0.365939912653975,-0.365370491839503,0.018419900190424,0.0987418316415679,-0.025973166833853,1.1465721040189123,0.5012794786895552
-1.00681690268965,1.45730145637352,2.17895449615141,1.32076283471669,0.807245846594781,-0.630206543652581,1.31164302356106,-0.373908315349203,-1.3443496841122,0.345243445370786,-0.467377738864717,-0.277917385871196,-0.0504360768319869,0.680093370787147,-0.899992077260341,-0.804480170004447,-1.15002885244792,-0.110543396501753,-0.461457492516629,-0.110875743779722,0.29143475889831,0.0870921785351069,-0.61802480726668,-0.424619528830092,-0.142318659700463,-0.2480878876373244,-0.2193417221695023
0.948746079703393,-1.4332836028691,0.805992257461186,-0.593692814761838,-1.38632895570356,0.550530983259103,-1.09697040819932,0.265915021353536,-0.365423147470673,0.548395427354554,1.07491592927862,0.231746084663124,-0.477626547940051,1.20482669349545,0.222836737811352,-0.841548755648952,0.456903627876116,0.431333026041426,0.474215532270028,-0.28481246363349,-0.232874591986476,0.33372468141013,-0.033443132570217,0.0286227737929037,0.0400140832210665,2.3223473786677786,-0.2641983941146918
1.88035325829465,-1.26735468642591,-0.453404717174108,-1.57470933243798,-1.24608951094801,-0.388779655523225,-1.0795674974691,0.123989210344372,2.65627851721729,-0.923683321328457,-1.06281570143117,-0.223381297885768,0.081203562056195,0.430208651038323,-0.758972701872421,1.02696721006634,0.295581843087287,-0.022525720301956,0.29012191335691,0.127496270739989,0.474557476600992,-0.398273926369279,-0.228141078235213,0.0295280461761827,-0.011586236886731,1.0846891948268667,0.8971393148105167
-0.344522144407301,0.998830062110778,1.25567424781854,0.080690634190491,-0.135710741121445,-1.02477655252845,0.595281119652275,0.0279131895287599,-0.124618554749569,-0.460138853535182,-0.516191315168232,-1.03135296141719,-0.072887136150989,0.466555573356193,0.110883208620635,0.0812488913725904,-0.0795365818807838,0.0017863059305583,-0.283578491540087,0.0096477621131326,0.285099016139253,-0.220736154478362,0.0778104558808846,0.233511229737712,0.094541478176231,-0.243498817966903,-0.6249555634553857
1.8429109533019,-0.210662765385835,-1.95160452192675,0.619112536383084,0.0430298459566824,-1.44120030664726,0.361374992028649,-0.359676583215679,0.737867385061992,-0.537610551489957,-0.622521593547987,-0.541878484894496,-0.612315441736301,0.341804019962139,0.484628167766104,0.741817993713693,-0.422422702057539,-0.0286905364628614,0.23850976057293,-0.12991203167697,-0.204941235613517,0.196113835190543,-0.103168671189889,-0.0297992919723465,-0.0124057401040929,1.3489083576693086,0.5643397096714486
0.235943156660757,-0.650941582515361,-0.522606610939365,-2.23805777539195,0.43701898502118,-1.38936506963441,0.0297694182132542,-0.0078013227036694,1.74888303517231,-1.19651091647563,0.350653979218982,0.440622672144339,0.902933903588788,-1.03870771055742,-0.187259920406578,0.654693768871252,2.58042425758617,-0.0279835319111771,-0.135675391349606,0.655601121952636,-0.512562870282363,-2.36035581665356,-1.54408567065348,0.428233943453789,0.381285143576172,-0.03434849116951743,0.48019672535718166
1.19909897438377,0.0797969609217008,0.845765899853284,1.00698917920879,-0.839893427312077,-0.892640796930718,-0.0885810165835419,-0.167059043751809,0.496674000762063,-0.228077660213795,-0.214198628063693,0.946442701680412,-0.272521387706164,-0.548123718858577,0.250881452453995,-0.807593004186532,-0.0153720599494722,-0.116153576769955,-0.0505657951941767,-0.0242144333095399,1.00714104714785,0.536267828398624,0.403558373999295,-0.0104660497157788,0.0165773337550753,-0.29203170629954106,-0.4685271745996304
-0.516103695142692,1.16593514233913,1.12549948909676,-0.378525517436109,0.755223863519664,-0.597530735379098,1.14125069166021,-0.247580822732102,-0.736018910151764,-0.904780475268279,-0.164653554096718,0.686076941332043,0.167298120922346,-0.886071747036523,-0.111675939908378,-0.0152364964647677,0.478167522091732,0.115434870116838,0.320081750715876,-0.588841667058029,1.16690316331974,1.01447989016116,-0.214312083067419,0.0691774685845987,0.0694340410539057,-0.29203170629954106,0.3258249038554762
0.0168268521411902,-0.40583368440469,1.63619966668035,-2.19665319608203,-0.913028343843529,0.0314019470342501,-0.706003965211715,0.0880391213626317,-2.48906341095358,1.14929678480525,0.557251346642205,-0.302996572358708,-0.624957892614118,0.116603586923877,-0.161142741566467,1.08760540188453,0.244196638307144,-0.186795749338096,0.0252739215590842,-0.240787828673524,-0.33715948695874,-0.0030063785046355,-0.120683963520879,0.0786385794466931,0.0167426059258965,-0.23362536503963285,-0.2896880774914579
0.0577799473883394,1.55035563102476,-1.95040789127973,2.04147284682958,2.25842581160402,4.69201245680565,-2.30390721573361,-4.49213343553933,-2.0131129049969,0.108543876628383,-0.444927876407597,0.0792469166580135,1.64257503801011,0.379159778767769,-0.199043721195383,0.250599297100118,0.591391396606646,1.41934330744359,-2.47711057326212,0.284486744686328,0.993048818450469,-0.0392524194887331,0.1734063267318,0.181839892265238,0.378080367888493,0.06953135864274787,-0.9919764493658427
2.01739731120348,0.0033485279699598,-1.63520904800713,0.360430965318091,0.247823677417249,-0.699232865763941,-0.0149662621931195,-0.0162301429464565,0.44877624685355,-0.165589761291528,1.04237140567288,0.0986297163627376,-0.337740305869737,0.528656373630141,0.376639070248429,0.310808923376387,0.281863890892574,-0.246697227660122,-0.317735886973347,0.368350178449399,0.628703115221519,-0.364099619338312,0.14758398616526,-0.0761255546300907,-0.0419163522902978,-0.27840356000556243,0.8447849858831341
2.00980855503815,-0.081239053022432,-0.890568139795921,0.53979156801063,-0.166570991834609,-0.922993932988807,-0.0868105417434747,-0.206997948739862,1.74166393656888,-0.0945871828304764,1.78402397625677,-1.98651389600148,2.1515040070502,0.0913867634934142,0.295988065894499,0.0163794558358284,0.204524742071921,-0.330957115599891,-0.394094132488748,0.363083287110815,-0.0162580059723644,-0.405617314026286,0.137825160479714,-0.109509964632921,-0.0776886419745409,-0.243498817966903,0.19973969733204455
1.1851282293285,0.220677231457992,0.152752288665431,0.455521111159519,0.0137221929265213,-0.0926475641011534,-0.10714409181788,0.111644024979019,-0.18278983979289,-0.154346538057416,1.53052814705292,0.808877804392687,-0.0470460976561742,0.486974924569666,-0.0871474051556581,-0.123515556452897,-0.143580893380157,-0.0932625486129612,-0.229320691425408,0.104168150708564,-0.352881469094171,0.149640623687681,0.127158724062929,-0.0127593860920002,0.0142629820193073,-0.22263941037407864,-0.4099913917966466
-0.226943047125467,-0.738498169642484,0.989649142618503,-2.88408385141767,-1.09523309582391,-0.827541070464683,-0.20726219471984,-0.148296413027257,-1.68946885190598,0.810702512461336,-1.14654410779826,-1.46883742744842,-0.45165918976096,0.17539049546606,-0.0832040254981956,0.0829530613229156,-1.11340221549385,-0.546868317610944,-0.205479101441107,0.268619356178249,-0.106606447321754,-1.30497391098985,-0.712101604314245,0.161018958607424,0.205783494567252,0.8413294395772493,0.9444756193940177
0.119452319683423,0.99745193125923,-0.278779071466133,-0.418084751128604,0.741041032872337,-1.40999804512903,1.14404022167985,-0.331494199341652,-0.155708550773236,-1.16837228995975,-0.502866308339204,-0.123164477192004,-0.900498962692798,0.210648749332789,0.267910382105343,0.602650295769837,-0.636805781083118,-0.121348967146828,0.283294494015798,-0.2685738217608,-0.0162703323648279,0.0110855895954928,-0.180323144513161,0.069467508034567,0.0661016562861143,-0.10916423306911414,0.6550637095186751
2.08996178965456,-0.779272940976245,-1.39461795298216,-0.411360956865001,-0.363521809310603,-0.662920138869889,-0.197883941153208,-0.269229345919678,-0.453360039224127,0.82071665326853,-1.18324611850197,0.0328068504850043,0.0882310119871252,-1.68735586346082,0.0212268179952771,0.517242594939428,-0.478754973074697,-0.487681511922503,-0.597205989683509,0.344433365094614,0.639717950981874,-0.316998221582601,0.357608197812747,-0.0719780095937135,-0.0449686072825456,0.5071617299402029,0.9846080623316186
1.3936179561126,-0.589817864581876,-0.14020071873426,-0.933875734728505,-0.543879176299843,-0.38770664503361,-0.487168457217614,-0.0678120253331825,-1.02556736514106,0.830899257339725,0.619882188571181,-0.475786758047266,0.184705828792859,1.45410632338599,-0.229328954734333,-0.556855628664309,1.11545206522862,0.123102027396114,0.218640356400562,-0.24432608948687,-0.474680916589524,0.685074640055337,-0.0834170184612628,-0.0187431948711835,-0.0048980083109997,0.19121123626755665,-0.4252099902166153
-0.598586500031372,0.481272516697676,1.31270323006654,-0.117247426696918,-0.226351608581214,-0.658813852112269,1.37496189162155,-0.315617521893528,-0.518828255044264,-0.035103334945494,1.38636983830106,-0.0861159482264547,0.561952742499961,0.248293594852481,-0.56002757024753,-0.123032904608771,0.48161532628141,-0.0463090422252626,-0.365454888374675,0.350743283399546,0.45506422511298,-0.927088298801292,-0.199050701793056,-0.173315481461871,-0.0837216402019635,1.5004867195104992,-0.2265338320019508
2.02557153147756,-0.0514128690684906,-1.25094900875206,0.275171103916483,-0.0338177842690302,-1.10131375407218,0.150158741576588,-0.259868996318191,0.345732361538112,0.187307171770013,1.07036199052309,0.964667125407207,0.709393238912105,-0.0428808317721074,-0.714134805382912,0.411938541871066,0.0234979832801148,-0.245272051112382,0.301422076450528,0.0006711217465162,0.112080908913299,0.222566356386394,-0.133489848179578,-0.0238244474064848,-0.0681838405054486,-0.29203170629954106,0.8393673998818942
2.05727642884313,0.219676654822835,-2.05861725068126,0.383398963097239,0.628250780911435,-1.0725845125021,0.386491653775349,-0.427789542821605,0.444011897556358,-0.562760246757513,-0.775141410261419,0.469101145734001,-1.12282798033324,0.399399290939115,0.131809359260705,0.640920227226435,-0.181876450731378,-0.0421697559517436,0.171653890398491,-0.154422324334087,-0.752384122168903,0.386362552493262,-0.0639405649192823,0.0009705709029183,-0.0289660623373707,0.1243220692532332,0.7660008285028483
2.04733875090153,0.244928181510295,-1.79927397531427,0.517598181438907,0.294341726980212,-1.4397141946554,0.333973229410946,-0.426313189208783,0.499889369778967,-0.537182204083525,-0.342043088048019,0.33319491849274,-0.965201210921899,0.250366725178669,0.387020141059638,0.517398751060754,-0.399989936817134,-0.136963853318319,0.193783375941806,-0.0570447534679134,-0.165066824573576,0.290684800697381,-0.0974909830729206,0.0008855074852024,-0.0271699537515115,-0.11389236545682101,0.4750024238115244
1.67720182008617,-1.73057609589865,-0.984643793857605,-0.804122994143218,-1.03287734902382,-0.0783842433154124,-0.712578031458297,0.0160085470483828,-0.241613438536297,0.799480521458414,0.918665890296506,0.0744629793438133,-0.0966565850852675,1.26253868435669,0.0009565581408491,-0.82252488616879,0.688389194218288,0.454345234448096,0.408496000742867,0.0113081786950972,0.731396306915927,-0.296961900723098,-0.251735626685504,-0.0502212828967246,-0.0129736184299587,3.1150048671951045,0.8284147097448975
-1.08339479598929,0.331431916838012,1.42447840229282,-0.2528114244716,0.225578544806904,0.0076449332109638,1.35314452772428,0.156218811249766,-0.413057588120199,-1.02038117955554,0.933334384267624,0.915428507687785,0.132949141221286,-0.0071927357145198,-0.559263968584795,-0.48805058668039,-1.76472935035687,-0.0198465142882708,0.158972397444272,0.160950338086533,0.183522444569078,0.153609580134929,-0.707166839103831,0.0531375940107945,0.126564391973906,1.8092059518842996,-0.06139734937847596
1.28986524678291,0.209130876628481,-0.181220874993417,0.312658951482047,0.185415097888108,-0.096836877209868,-0.0888645645703984,0.0603563131471916,-0.0329557249816924,-0.0911504720652131,0.458889682274966,0.136074689168404,-0.0098805934597567,1.05143495681872,-0.637370549318856,0.670616478292482,0.535607335423276,-0.0747668748055532,-0.319761126974616,-0.020791637067695,-0.898553965026908,0.315295902998654,0.151634604344682,-0.0338764264966264,0.0076460219079986,-0.243498817966903,-0.34669612454571896
1.76251710707973,-1.23380122593597,-1.57413936071005,-0.172781190850078,-0.712014410405076,-1.2423456973686,0.234678759955267,-0.488767943487136,-0.651861193014711,0.796434201291991,-0.971649410386011,0.0892457027142143,0.273706718507111,-1.74796644195861,0.0522351009788753,0.521742847419241,-0.665566794461411,-0.173725604995624,-0.391590501886417,0.11015362484401,0.0480678870314661,-0.298174756430097,0.454417298145798,-0.109943271516228,-0.0258653511809708,2.850090390766235,0.5490741039976731
-0.346982592937932,0.512938422846481,2.67089032430595,1.28996370388393,-0.341938479641812,0.33043073692885,0.0796346116804314,0.0574501767195645,0.269909222282606,-0.212312763814151,-0.244153946416001,0.348052158494121,-0.583485557411303,-0.896663800221558,0.400632459958901,-0.368595375883196,0.43451429629123,0.117982388923541,0.0606418465087638,-0.0546223693459966,0.424707458779926,-0.53181719372171,-0.357531665138196,0.0707936009500766,-0.0558788362400547,-0.16701432345988038,-0.36553428150881534
2.29425758724375,-1.21470681450913,-1.67400034164632,-1.70062203380938,-0.674624089192663,-0.970130508760858,-0.549486052715486,-0.374150091972977,-1.71648771017413,1.65333337747714,-0.983388257671552,-1.05806736792198,0.0326131990784385,-0.552013019444867,0.375433587038003,-0.294944236485596,-0.0154391196129977,-0.347836164307489,-0.310749362333542,0.276897638616783,0.526185528849364,-0.151659267406023,-0.339712445757062,-0.0359015131370828,-0.0462375798827084,0.4102350159922124,0.37669850428794294
-1.09713819355353,1.01058622198559,-0.277702870377906,-0.771039676852748,0.62910424967168,-0.449046723584839,0.571911223190468,0.606851727675766,-0.123988808438567,-1.65290370232649,0.789717254673281,0.150298855768038,-0.992193761678568,0.326417895657754,1.13898983640882,0.846646303815133,0.181165672524488,0.0583705478583388,-0.116860958764616,-0.0720281326967254,0.541806555873781,0.108790859610707,-0.118057685384452,0.20393164052268,0.123567914285015,0.37463496036712546,0.37361952916359403
2.11478044447023,-0.56740182920394,-1.57423199248032,-0.103849207928302,-0.706623812471605,-2.10045665027528,0.273712831749245,-0.582535193357325,-0.768763734149253,0.983184870150778,-0.442000385397847,-0.340728959146495,0.708373988175256,-2.35500994438075,0.572932039800835,0.386095222673588,-0.937570191000693,-0.686740487584314,-0.203951551136804,0.154453605472986,0.94966218914526,0.0748389947177686,0.772371224274198,-0.10736951671401,-0.0702270625880382,0.1344736476150744,0.4169602171735126
2.14457381094453,-1.67207171650948,-0.761331590285474,-2.00302201259641,-0.561402404127841,1.80237993833026,-1.84321067812929,0.575854800472691,-1.13280878795219,1.54322987165596,0.724406077577416,-0.0281381265321352,-0.422905788336908,-0.662666083738969,0.666649774646101,-0.677398083692982,-0.686302837956535,-0.463534065301379,-0.276240338656982,0.468184954403662,-1.01051449294112,-0.735371783892515,-0.361304287791812,0.0826873649252044,-0.0545381350087335,-0.09734390209984702,0.9603993266210892
1.25855136875276,0.390653106661767,0.314421515155954,0.687047113464248,-0.326752419387032,-1.05939332245446,0.1172452870831,-0.229793207215903,-0.0376696874691695,-0.295990426948275,0.008629542697119,0.48124398366461,-0.380832975494022,0.458106794159491,-0.0338973726443698,-0.354830639368868,-0.199281767136371,-0.0523186218209642,-0.283077272218987,0.123792747476426,0.352543915209471,0.232886070050276,0.0932687302541963,-0.0198803177030942,0.0316316507118217,-0.2921707690168266,-0.02124140281397173
0.241106836068393,1.9985283765657,-2.34464855648753,3.86905465965173,3.24545274603675,4.14157844245431,-0.290417622308884,1.5096954178365,-2.15272721621289,0.519324629228987,0.401563148540771,-0.908279749432278,-1.9794465440192,0.704420052462066,2.4200076113763,0.748558191575338,0.632754844248006,0.25635843471484,-0.369181421047905,0.255722552408221,0.401049378344057,-0.663104922019682,0.0719863655631569,0.204553811609674,0.0114151079756223,-0.2879988874982617,0.6205133779706381
-0.879373436573905,-0.557694988814983,-0.0645309455787046,-0.472395738281282,2.32117375698342,-1.71713589279172,0.282798100528297,-0.457872330338858,0.341310858173651,-0.108730566257898,-0.999337138046856,-0.222571004011002,0.239081052983293,-0.254818070631592,-0.797506842407865,0.126000285474333,-0.353964727081946,-0.361670850136413,0.300990401543995,-0.349863376090401,0.801354918340071,-0.841963662817165,-0.380902229239056,0.134350978671952,-0.0299516661303557,-0.29203170629954106,0.6582014437102826
-0.389072401019914,-3.69167920204022,0.0267339842775292,0.0412711083041858,-2.31189040088111,0.323822301422054,-0.0932632223958127,-0.0400306921329628,-0.392834114814382,0.269948247335021,0.80136848131512,-0.009122854812123,-0.27506581351631,1.60852628031377,-0.0155729870164889,-0.202927965783973,0.590682832875357,1.89598350515357,0.875524834537329,-0.941326785297686,0.0874736144164372,0.13257965647279,-0.137315011944092,-0.125091606179389,0.16695792643525,12.261855096648587,-0.08734535347985886
1.77342345398441,-0.655143942244864,-0.840950873993905,0.0264975544333237,0.303924331741737,1.34793715306793,-0.565590792369018,0.465055779515185,1.06887413898622,-0.231867458284138,0.860647656969858,1.42274360156792,0.171806319994621,-0.659231723421462,0.0938495618956,-1.2980062931835,-0.250585422363656,-0.197477966262271,-0.279403614560803,0.388552991183097,-1.67767212697312,-0.63016267249371,-0.485329962380783,0.0509191432821146,-0.0556359706803852,0.47740230844110687,0.8320812755418321
-1.06420611161941,-0.598781415078809,1.09279396108869,-1.08257087322275,-0.38362232497559,-0.836002143546304,0.170100743687739,-0.151608817676916,-1.42274348963603,0.709362527612026,0.955341482867239,-0.151536654113067,0.206339756454277,-1.12824732177602,-0.294024474540558,1.73387134216254,-0.299768295749862,-0.840858936780266,-0.269732756251054,0.49099297303783,0.366428135982648,0.0241096776748664,1.11009084851108,-0.0923004290549864,-0.145937869517275,0.38937560839938806,-0.1449409912067056
-0.238410956047651,0.509262765356428,1.95200070367158,0.779065947843994,-0.378940129678235,0.251136557509835,-0.0724120571147944,0.228754858539793,0.210899589494045,-0.373814133802278,-0.715860805290488,-0.046921901071111,-0.245975394600895,-0.781586719542126,0.536186774872255,-0.283086494259136,0.681959757026682,0.0046060372239028,0.217448611754668,-0.121348659882854,0.141224739734299,-0.613853852033799,0.57592017928351,0.193591768719634,0.165131782369547,-0.2643582255597274,-0.9942092939216682
1.97978613144964,-0.471571631520787,-0.228349905379871,0.485641500199881,-0.821181900508531,-0.486125339847429,-0.673703754512609,-0.0239758307447822,1.28750274607616,0.0026966674347122,-1.01475292838226,0.292037371660463,-0.234630180060278,0.283466833924474,-0.442695311385731,-0.0583915194873155,-0.313490328865043,-0.200955453245299,0.162464370120495,0.162675658393801,-0.0286112965660734,-0.292099906537304,0.576171271206718,-0.0171284990130498,-0.0478792776144498,-0.14601585314977053,0.812902315988636
2.05314305702278,0.159668030942397,-1.78907777189208,0.224207917378335,0.691859856687246,-0.367044926517093,0.133204164397314,-0.117988501056655,0.128181400831056,-0.233495217905432,1.00851329475132,1.1815499989214,-0.831637007851092,0.56001634413457,0.0674586306356087,0.181873254549974,0.448236358387279,-0.0813638119698916,-0.322651256463391,0.280570165576563,0.20864613475529,-0.220561551679739,0.169724567933799,-0.0614875282772774,-0.0418002026001978,-0.27840356000556243,0.9956195115358739
-0.508014094644977,0.318489467192451,1.4044885274221,-1.08766027526019,0.6246987599862,0.405238867098631,0.660376001315826,-0.219995181189894,0.811483129984744,-0.875316761750458,-2.20276986717462,0.66132377692839,-1.39216420317292,0.0067126505410457,-0.880690677527585,-0.0309705664793943,-0.141561363054838,0.0028408441363103,0.189156532995694,-0.528559090873457,-0.849055639071633,0.200243861285658,0.795496889517127,-0.182930819274234,-0.0939839855478806,0.024335975524961754,0.5534457786017105
-0.729210632632912,1.54209138636716,-1.3283382632514,-0.235337425057063,0.373914607405112,-0.831306860221064,0.144338768558107,0.633737140873282,-0.11114879679498,-1.55011544595704,-1.06950706805494,0.322918400930303,-1.36742524279503,0.36385634645443,1.35487972731333,0.366154713291667,-0.306717493092903,-0.369797407398445,0.185775299715028,0.0190114690765013,0.66931540055032,-0.411274155489964,0.454360088757111,-0.421244642265738,-0.0032463859506292,-0.29203170629954106,0.4519218621923596
2.05564045388341,-0.0375516442952207,-1.11156522334124,0.397128859702978,0.175471100890737,-0.581643067091336,-0.0555016440642443,-0.20923742218836,1.67596601468757,-0.112865767472205,1.39313237825771,-1.80557602653957,1.97869480520989,0.224507293012564,0.0493232055789833,0.116444913062361,0.415258816692521,-0.273585956783396,-0.425188573330305,0.286776571818988,-0.567537996009338,-0.305180734024766,0.171090661358338,-0.105209392887331,-0.0824436911976123,-0.28118481435127235,0.2213277786428418
-2.86473862840014,-0.690425232056592,-1.08122330684404,3.3489240944928,-0.929938938007784,0.509280093121094,2.26418952980225,-0.237365322044854,-1.2886535270138,1.43482826930192,0.637718850411545,-0.496297284159637,0.876718420380176,0.460636503770403,-0.315551899280535,0.59845395152566,1.48017066101417,-1.83543668097133,-0.446289039343783,1.66108610099492,0.0363087707526716,-0.54904462348075,0.198478763146578,0.742944340711885,-0.0677727381698961,6.048811013767208,-0.5023371419002095
-0.640292638858829,1.72697681642985,2.08184614288484,4.34000378917167,0.246029239891177,0.80695470025152,0.688319361239901,0.132554736071113,-1.93213877464597,1.45408354176843,-1.06362437293174,-0.728374213907812,0.0942192032246826,-0.187121964519129,0.333123740076578,-0.451877277058645,1.51713602005961,0.326528757487805,-0.507323163489492,0.0363227439539979,-0.175916066595396,-0.118661716222679,-0.0140901463858577,0.22723508697335,0.146733300602074,0.22152690863579472,0.8966809940858999
-0.763133330751271,0.488299193634638,2.4014137104902,-2.15520937389,-0.193154207210896,-0.209095939760871,0.435818823624794,0.0053774548448119,1.0380004536393,-1.31967265161054,1.00257736892938,1.37486992666944,-0.541175268019918,-0.126203652300203,-0.894159062303304,0.735448562711664,0.4203582550195,0.168284102226765,-0.0233667069772616,-0.465222587246338,0.0383933427619276,0.588966543774521,-0.785619550051378,0.1920633541295,-0.0967290689239179,-0.29203170629954106,-0.06387698201678746
1.39465876053399,-1.13490359584929,0.148942234320814,-1.36195206183867,-1.55076019581825,-1.08300538102964,-0.751945464714967,-0.0949157337484732,-2.06411237787117,1.65517052801558,1.1297914531845,-1.24043482916759,0.573896221825968,-0.319984730282698,0.573208977487263,0.138002000389034,0.248962517140683,-0.388812332213105,-0.501918675268543,0.213773164853928,0.413731237931042,0.0831733990905637,-0.55896768785783,-0.0167788917006423,0.0142102085292595,0.49506327353636487,-0.2201643491111222
-1.77336959018449,0.622853636182841,-0.638289460829565,-1.54756272057789,2.42830138738693,0.260479840741261,1.70139498420714,0.0030969611723228,-0.911460812259023,-0.247996926693231,0.776249505263529,0.101480993856738,0.830963177331565,-1.124337300989,0.0349185197296397,-1.27992889823009,-0.989659981942354,-0.167759137903803,0.232746882068529,-0.803572951067217,-1.51968480744696,1.34046030474847,1.111582599287,-0.527239760110661,-0.484426979221145,0.22569879015435954,0.5414471770675112
-1.47659536285005,-2.42673133795138,1.58463834605817,-0.30892520854756,-3.33951683551365,2.07044818048302,1.41205907913282,0.309123608937613,0.945503426796589,-0.979917502806743,1.36719241121772,-3.33715149550739,0.759568436905148,0.65077669635451,1.63649717454328,-0.426624178690972,0.660299643377057,1.5405039168169,0.507344681122478,1.6054100772291,-0.121631550687528,0.127689488083395,-0.202459589753195,-0.18538325858885,0.0623272183341782,10.12376581838409,-0.7174658389472726
-1.87414236290575,2.30886052896075,0.135440175311553,0.456605878192993,0.163187096031537,0.922956507131214,-0.896194724942581,-3.61415203936783,0.0280651346495624,0.415208464708831,-1.28260265543163,-0.391149369532353,0.668009450986021,-0.29051471006233,0.21001663574047,0.105745510127611,0.284927210853641,-0.790837902017803,3.90100118632027,0.36269077085723,-0.850869231083286,-0.104456511692857,-0.240938399035433,0.170569644010641,-0.0346540858728794,-0.2628285356695869,-0.9874402493734814
0.0976605270185489,0.900660452096125,-1.75375495130129,0.226410315035396,1.71313577852995,4.23195037621588,-0.358673828844342,-0.860543254259281,0.444762129261015,0.543003890287655,-0.619599308370931,0.198863237901721,-0.0117322559839493,-0.275558980656479,-0.308869250734652,0.102845488919061,0.794948257410517,-0.513570325299597,1.46689845285713,0.384371720240519,0.972335012863189,-0.480677960653067,-0.473332599821409,-0.260654363710832,-0.164432466517274,1.0706438603810315,-0.5069673564001845
-0.489290990516603,0.773765360200204,1.39331588973065,0.533051050784336,0.459349190946494,0.591888031394875,1.03027582944483,-0.0511019253529946,-0.278918541906012,-0.0925084554977546,0.709783750152326,0.490338285958046,-0.0141229680511546,-0.617576467126926,-0.197560965573759,-0.171776004278275,0.222988897102989,-0.0865173024717004,0.0003949108595777,-0.222798215965533,-0.299423955355659,-0.153599730796334,-0.442024964232452,-0.10927696830757,-0.110311513277587,0.4986789041857877,-0.27415218010829295
-1.10750804899018,-0.372067425803992,-0.480334008755671,-1.22526841552152,2.02357000201243,4.21447281602655,0.867866356623066,1.0570528013314,-0.341031883664757,-1.62948795128913,0.201900892296754,-0.346950055768818,-1.16240663041231,0.775995320644389,0.299771465614595,0.249492638548578,-0.555106989742482,0.756776313816407,-0.148907549344818,0.619562394337521,0.527023892885885,0.477800158186783,0.0836577001046374,-0.158349129250893,-0.0063949057557912,4.0702266722291744,0.9930106089495936
1.57107789769844,-1.62710182075604,-2.62465666336681,-0.22258876584653,-0.149464358883982,-1.01157500012877,0.762633770642149,-0.624956936675579,-0.853696479777383,0.795879729694653,-1.73056868727583,-0.316559889030861,0.480268803238827,-1.87913544879303,-0.0741051736829109,0.865084906822306,-0.433996706860432,0.129135880740491,-0.093025657382816,-0.362524291351995,-0.651214787443919,0.203963978947315,0.83440725031756,-0.167306726933824,-0.0251622815924294,4.887220136281462,0.9367546779562421
-2.67202860824894,1.47997754251233,-0.0358361215703508,0.131858812491867,-0.680911617759554,-0.637295378382281,-0.199196539759367,1.01270299283929,-0.762276356669865,-0.525442856529481,-0.42058596213722,1.1233964737837,0.764857986109216,0.105189237219365,0.319913479323239,-0.857297515742327,-0.304756894909615,-0.399286304590269,0.0489107285849006,0.043094127599712,0.124639631396389,-0.327999694794828,0.0865546724204199,-0.582685380919894,-0.186311944584972,-0.11208455013210958,-0.12924056843521667
1.94160078430007,-0.105717356292605,-2.02509880048521,0.0216889760114591,1.25767915726358,1.18016063951567,-0.212450850754217,0.406611155606572,0.369452441471576,-0.321224382349214,1.16058223204227,0.526687819735691,-0.45674239950752,-0.168835620600994,0.893466306865605,-0.893428332627689,-0.517444126055926,-0.266748203287075,-0.275531871545875,0.353144111643246,-1.05840066345811,-0.454838616936555,0.282256038843102,-0.022102722773294,-0.0582968967993054,-0.27840356000556243,0.41956911975979294
-0.189568762811295,1.04893672918544,1.71745257545934,1.08583621167493,0.40060844664075,-0.413380916151643,0.850939200614778,-0.356816609290453,0.729729006001546,-0.425837590994615,1.03873741251551,-2.4857314709685,1.6024974593986,-0.830624891715618,0.832875363166122,-0.208173813289476,-0.249820723415181,-0.0026362950174699,0.0091118131511945,-0.117125300589597,0.35910940331855,-0.419105649404195,-0.393104792378766,-0.0003663280886442,-0.064677024851721,-0.17090807954387424,-0.9171056458649776
1.35404438739356,-0.11555309867299,0.230075667818881,0.232281447617434,-0.353668008302675,-0.319170477168267,-0.176596901858277,-0.235556193447179,-1.20407105697561,0.729897598912878,-1.01341782859044,0.58315249775503,-0.189576321155084,-1.1046703792236,-0.624550153330202,1.08143522465844,-0.752621099754993,-0.364454562056008,-0.613883265241763,0.0400662392502361,-0.502684749198234,0.417515522107568,-0.584776094472832,0.0558098238953747,0.0336879336462703,0.08010012515644557,-0.4433665419995123
-4.1084908320555,-2.24972043036472,0.625640563260774,0.162799579858491,-0.08135763276367,-1.6385592651251,0.0736935338720007,-0.0175573916929618,0.660637922084396,-0.287395171229568,-0.463279813802131,0.372154984252327,-0.211918130859565,0.566884305958499,-0.242867638989936,-0.522378540026694,-0.311467327245285,-1.4522610563113,-0.390874787019887,0.267334130532288,0.880314117052412,-0.261875412665764,0.830062092122052,0.232054699286806,0.0699251093193862,2.1276595744680846,-0.16397892899848107
1.22094039305866,0.121750231107626,0.0391100612247233,1.20701766709344,0.18110314498379,0.272423087626446,-0.0038961402064976,0.0839417845376483,0.474843838697883,-0.0993116970329977,-1.42820685318079,-0.190168102505826,0.182133153725709,-0.439891701378054,0.0070541131249547,-0.602755949656905,-0.0467038303327421,-0.214961814402404,-0.165771484080463,-0.157161331015724,-0.781271077915455,0.74610355704896,-0.257509933414332,0.0332126481693789,0.0058024687689525,-0.17438464747601165,-0.40532592185631644
2.04869740513962,-0.0027861542360558,-3.84395484523623,-0.634646309691128,3.12065385879551,2.64189533261093,0.169525545650279,0.529414297542153,-0.198884200631158,-0.249508456865321,0.474225310528661,-0.0708988644620959,-0.243695869297917,-0.0346415434201358,0.529233840384383,-0.276139571939567,-0.345179745176285,-0.0659631142535343,0.0259307402351217,0.0353322156632481,0.66218433885278,0.263761088460263,0.633789804052714,-0.0872524255132743,-0.0565892597863666,0.10985954665554161,0.9439115323483355
1.92030581085309,-0.0634174322821494,-2.25555225258768,0.147416032811236,0.73636867470572,-1.14761698483818,0.921994786659499,-0.498661051114588,-0.111440315169666,0.0565852889666805,0.962457194394908,1.42156531742977,0.883979251747391,-0.587638368344415,-0.652921476704974,0.0326869398648844,0.352849001740677,-0.0234410307537103,0.273710415711899,-0.210418148155689,-0.337592995364831,0.586934669615718,-0.422079571411549,-0.0466391826797644,-0.0665885863981949,0.945626477541371,0.8001163429531719
2.06140991049983,-0.0420918464526958,-1.05869246722259,0.417580069113663,-0.138151438702343,-1.21627256902806,0.193005310480223,-0.342222404075303,0.523361511913691,0.0697987508814621,-0.713391062156659,0.503168206132676,0.252943711417873,-0.113208270644858,-0.29144198758452,-0.886718503229457,0.141924681868165,-0.216900870128096,-0.287237394491171,0.339764298165958,0.0494909577316738,-0.2957225144134,0.194974799714502,-0.0699991331046375,-0.059565572797467,-0.27840356000556243,0.9440878095501112
-0.296289459816792,0.0354286296846762,0.158718091084871,-2.00880823551289,1.37355986530473,1.4697707004645,0.204069025549049,0.1759903022243,-0.714807541374221,0.556430725296938,1.50738306438125,-0.48471454560747,-1.86244227763349,0.64322760967179,1.36898008184887,-1.8486443486539,0.4520194373059,0.487518541523841,-0.40445403871097,0.174126413577658,-1.11536397714212,-0.508620186456099,-0.55033308165927,0.13551144358421,-0.283126560471632,-0.028507857043526635,0.42399955343108886
-0.689506806167807,1.30727668551896,1.7949449648802,2.36414363557407,-0.36556898416485,0.757913751738183,1.11238869464532,-0.0899251347127131,-1.39931543957457,0.514444151444028,-0.116018064111295,0.313595931277248,-0.164078431878106,0.119462269433464,-0.185470286124686,-0.643572187201182,-0.247457207459784,-0.0180058730140903,-0.0606956971982239,0.0924255885240746,0.0830595399513064,-0.691108846976425,-0.1845325738129,0.0015718030189392,0.122477351758116,1.849395077179808,-0.23869695892447404
1.18131845201926,0.213797993331271,0.70762532220222,0.696257560511712,-0.558917604495042,-0.829697365436964,-0.0105960263952662,-0.0967795926544933,0.0158849648379578,-0.108065901328906,0.469371609634114,0.591704431574243,0.313788279432859,-0.141700847789797,0.0530817853235176,-1.1563262572909,-0.677244648508266,-0.148756163736276,-0.196179942259385,0.233492368444793,0.599176419761697,0.0714370775272357,0.0916106367311925,-0.0121780912650601,0.0206957902842984,-0.29356139618968147,-0.645850287772532
-0.935602247237685,0.921283267172435,0.763320015883024,0.821400569998637,0.871227021722619,0.584040932894078,0.840122971046548,0.185507492384848,-0.711875759618097,-0.721228568526522,0.64202508655374,-0.335461596173208,-0.798319346418776,0.275768385677651,0.516931412386338,1.32763601479925,0.91985677899166,0.0901903644672957,-0.0291561183681436,-0.360463631348497,0.150338951672319,0.647455253300999,-0.427111522823141,-0.0270720440611518,0.119149585544536,0.9796968432763176,0.3661336239948527
-1.16950017150879,1.48005858771799,1.85159387761628,2.90911358926775,-0.509910592095516,0.881308157305476,-0.10846346102714,0.466653625679205,-0.394262096011814,1.18587484410116,-0.760666309988027,-0.0001993218971952,-0.397920279017009,-0.599356526320521,0.561552915172591,-0.262127745551476,0.507220869709951,0.266027101755707,0.14909195045912,-0.114136404972258,0.119616196359086,-0.319900494043575,0.328845566527696,0.0044694649777137,0.0152260283326528,0.1105548602419691,-0.03658927118190926
1.81293601726501,-0.45751537317751,-2.18800121035466,0.162852277104668,0.530085672668707,-0.0184701915694041,0.0143336988253974,0.0601585277394579,0.955897065156538,-0.703406276302528,0.3570211888702,0.153217516941148,-1.06701226623312,0.438247695048921,0.639671557953319,0.865788781953015,0.622289797059153,0.0393221695032296,-0.189494712935497,0.030686295272836,-0.254628612540308,-0.0631909757455867,-0.0967457757924324,-0.0419271530636215,-0.0152653903373409,1.4240022250034765,0.78617869219944
-1.0854615752515,-1.2098995996068,2.17018234199625,-2.44243618874735,-0.660695867623265,0.352033516379552,-0.737841369613904,0.424885899120789,-2.46265606884179,0.721681808609538,1.32045381980406,-0.677578651838102,-0.242979181215721,-0.38770663938949,0.530928694799161,0.117610034528593,-1.31579837477979,-0.0744979986264092,0.181843307469411,0.0566365678420247,-0.333851007263859,0.205129693757749,-0.135637212405237,0.0475469054570239,0.0661082422450151,1.040189125295508,-0.6258134458373608
2.00137202569396,-0.104307083439555,-1.22537310311418,0.268232534309649,0.206585442603177,-0.415698162006691,-0.0178650537566635,-0.109047761529289,0.1033258058679,0.32902352999001,1.13823162404286,1.10751286208885,0.483523606971282,0.270153999500107,-0.784583922535323,0.143059069522566,-0.107420498850998,-0.136531657384137,0.205543934354502,0.131555623878403,0.7580369893913,-0.0364260566374007,0.332928222618465,-0.0631056927822239,-0.0615851714858055,-0.12543457099151714,0.6438172240453855
0.998094998664332,-1.15832457454546,-0.589004753773268,4.30931447343192,-0.473106744684518,0.675246528798842,0.235876729476848,0.110570410621907,-0.45434263788715,1.27420300084645,0.0031607781666222,0.369463353802049,0.122716524396376,0.577728013466123,-0.496470329153809,0.0796998556617285,-1.21200855767379,0.508223487503706,0.399524026291323,-0.28650656463697,0.0275392537782153,-0.135428629616613,0.071433734232424,-0.0895316150405884,0.0166546630714184,5.708107356417744,0.6652172763409554
-1.78095236752843,-1.51933542554543,-1.04008071412082,0.871760759697833,-0.261455774933254,-0.922774074010838,1.11918521637606,0.146665244728581,-1.76749374817384,0.437276930366094,-1.57146902788061,-0.831441030814339,1.01982841073592,-2.07312135479781,0.361148464392691,1.59524037416353,-0.371096550937793,0.704830411030107,0.220477724771359,0.88303415580314,-0.182592148984801,-0.429694842970362,-0.481408524575944,0.27845173590956,0.0518826347892942,5.218050340703657,0.5642456951638349
2.03271795746466,-0.208579757105947,-0.978781754923846,-0.0037013033408155,-0.0062091297249996,-0.438352535734874,-0.101613991238988,-0.115424418608926,1.22123155046498,-0.384456388988287,-0.996235724545267,0.74461985908107,0.0653435755265027,-0.202838091223329,-0.454226573799797,-0.557307394198142,0.520602112512231,-0.175138297458988,-0.476621307398777,0.448744018342441,0.398762031289971,-0.323927023750351,-1.10553823555798,0.0285518601036608,-0.0280207589739311,-0.12348769294952022,0.6023920816280962
-2.53335674230032,1.91554485135015,1.44772075758717,1.31801107076007,-1.18585008531019,0.968488107519041,-0.659927122501581,1.10778923901979,1.22307642508333,1.07384384182146,0.502507958885219,1.15721847574611,-0.462681424191447,-1.46962932803162,1.17462431765619,-0.58258725036625,1.43363009210587,0.288929793350011,-0.367448473697958,0.0047145415556804,0.199584048417837,-0.0432286333170046,-0.516010073476112,-0.672528187075649,-0.487666171650549,-0.22389097482964815,-0.30967791217282215
-0.161019631485883,-0.247438888160859,1.69732320342411,-1.93857036767815,-1.33890697117551,-0.683638109726608,-0.218625379640993,-0.223419749127772,-2.40249662685309,1.03658645406739,-0.379239727102047,-0.573734067190526,-0.754733671080002,-0.324111470433743,0.362044412040544,-0.0583147297304962,-0.104840374234547,-0.223221879943477,-0.27488896077247,0.066682457169346,0.363954424263135,-0.269900980636434,-0.46524232151072,-0.0383678889029132,0.0284384905721838,0.4450006953135864,-0.15731565077135964
-0.0485764637429797,0.023835201671097,-1.79481235938269,-0.822604236263959,2.1176608201679,-1.85076767083458,1.5322082503454,-0.531986243476119,-0.681248345891935,-0.290530614799051,0.432191821662865,1.08639112950444,0.867018413272963,-0.784504280438967,-0.705419757982441,0.0969813570067913,0.262046042710013,0.0726478367182813,0.657720299131099,0.0803763024431586,-0.224820924198514,-1.0513124336275,0.0886662121206216,0.238097533848906,0.328288129788063,0.48671951049923506,1.0206861296283782
-1.34015796505608,0.785415340823232,2.56701264488941,1.35350287811943,-0.818079711934266,0.892740670384757,-0.743661752800149,0.862730419219819,0.879474482901836,-0.775686945615397,-1.90577268415187,0.764673947630969,-0.958134924485979,-0.841717599582299,0.643999823151657,0.0055826149213117,1.10236327333933,0.0643392979194733,-0.0540996634098053,-0.38908829751798,-0.051992992068117,0.567526882431808,-0.326381654616195,0.167954007888552,0.0763322973416444,-0.3057989153108051,0.9572850960563852
1.2537636749299,0.360732797634199,0.651938397230696,0.825909748299156,-0.39129914019505,-0.936982273189632,-0.0104295376120179,-0.298631214303388,1.29934901441874,-0.444579048033198,0.762179041767313,-2.03228537294557,1.63502235561878,0.266060150504715,0.296484940827168,-0.291091337289114,-0.323563617267315,-0.113000772329682,-0.402775397837247,0.140746210563506,0.319456126430254,0.199773453538911,0.0550384593588862,-0.0554659457356449,0.0138961560967809,-0.2088722013628146,-0.9367311743293387
-0.89996946722117,0.0526473862259878,1.46274550355562,-0.248840279846233,0.678599684348456,-0.500020293760185,0.324689707228912,0.177233187778332,-0.165633733459008,-0.612064735745106,0.316261390760764,0.468192383412321,0.122122069669126,0.176496782687221,-0.562359048962508,0.11217569724792,0.151766807564344,0.0277704859671018,-0.0427856013107796,-0.0082414164628122,-0.0419639641377824,-0.181373842094128,0.081241744176758,0.049069400380384,0.129083310362452,0.09219858156028365,-0.21206734964289176
-1.34569038878747,1.79294136290962,-1.93743831774175,0.882793455307152,1.56443437783585,-0.081358764632151,0.548341982639142,0.803093045963855,-1.19318005184363,-0.603648913135781,0.149072095280807,0.840905130210676,-0.498241079205967,-0.0491058333743049,1.03367297954657,1.0518578136257,1.11902151212466,0.153400896529831,0.0845357174998777,-0.423528993563651,-0.283260152485142,0.234150880528298,-0.36871558934887,0.374836201531625,0.0948686412805762,0.012376581838409128,0.9525726188622482
1.25823933993181,0.341059760310347,0.300208640766588,0.693660764967792,-0.38814071279218,-1.07582118927452,0.0703695241799431,-0.190625969170573,0.0666620663038024,-0.275708283508275,-0.108865880851982,0.114820679424871,-0.243742626616578,0.490411649804371,0.0054702662599332,-0.270323148543562,-0.19459820563846,-0.0966647425505667,-0.291059315544569,0.132150527155333,0.333675462903869,0.209611213801825,0.0955881729722587,-0.0243653687407444,0.030134559365197,-0.29356139618968147,-0.30897280336571936
1.25609486494544,0.0703536531548812,0.174384360080235,0.583878569002621,0.105794673950975,0.254021177699589,-0.0774857571261443,0.0198757491524049,0.41805254390149,-0.254106483014578,-1.07959744481129,0.634588291803441,-0.224149303096051,-0.361817850542953,-0.0327457289409392,-0.970797134421655,0.173357280527922,-0.0899316986349634,-0.254417336002549,-0.0655596354862298,-0.704437433578516,0.517224102550395,0.348730113835828,-0.0019080555819718,0.0017860751583535,-0.2653316645807258,-0.33321679451660385
-0.765454309976952,0.855891026239338,0.0218746357271887,-0.866788172325878,0.361880955613378,0.552023999550185,-0.0744376851942083,0.667267018434817,0.619764611626403,-0.529248346829104,-0.109431302488528,-0.704244285177171,-1.03538615578086,1.27506401734854,-0.105192155551249,1.67069643653883,-0.160949834422605,0.100317674256479,0.108655720544116,-0.327129160638218,-0.29416510080912,0.0574848932152385,0.647509410621365,0.0985421045525869,-0.154846361007109,0.11111111111111108,0.7241878762416526
1.37877400230526,-0.901983906027727,-0.466750760590575,2.00370349713977,-0.534267681908072,-0.085748134388007,0.0835305523665663,-0.197994660085818,2.33672083271922,-0.540308818422865,-0.259027566015469,-1.42621554791349,1.10723806242877,-0.486192653272657,0.687445151361439,-0.697129099692464,-0.132853335267014,0.28366490722176,-0.492294646604006,0.187312839007566,-0.197479591669031,-0.431730595904151,-1.16912393621843,-0.0189842443088371,0.0135304484227915,3.7955778055903204,0.19750685277621904
1.23876497065835,0.350004680933274,0.205279491778624,0.492656036684828,-0.0886165886806567,-0.543666623935455,0.0244352898952052,-0.0763599537120486,-0.313582659720703,-0.13405529140389,1.4616535783536,1.19809341117252,-0.254074726332341,0.7368142901978,-0.416540233886201,0.214803168032966,0.210284980680959,-0.014738584285303,-0.249757941363181,0.0684729498681073,-0.0172667915081777,0.254488692480677,0.0949962335592111,-0.0224461770588819,0.0187055513393879,-0.29356139618968147,0.0028263111351370406
1.41784431347683,-0.981648229227369,-2.02487805818662,0.527933152371671,-0.0918510542534805,-0.626832390667417,0.358656755090078,-0.142288585269436,0.837723511160876,-0.79659652521582,0.879346709432019,0.628116618842898,-1.08502680807202,0.275475117952984,0.808687162384722,0.652788113397631,0.37388182769693,0.398028781949295,-0.0367363704485033,-0.114861464533329,-0.510886585940114,-0.193539873661886,-0.112457253996582,-0.0674638596508048,0.0152608254179531,3.9614796273119173,0.43906537827618525
-0.861539607130667,1.5543185837596,0.484928734834071,-0.12105063514244,0.0551214845683368,-0.407826171954621,0.0331283635828837,-0.358959782504096,-0.401146902795564,-0.652899525746473,-1.15829899953242,-0.257456889974317,-0.0902992734238078,0.764911902165293,-0.0507540126642997,0.214688339555942,0.206916493154986,-0.153836413224242,0.482570733198502,0.0462010912728666,-0.528314941113308,-0.0145346147242791,0.133511257127321,0.153392026382338,0.0340316418108455,-0.2980114031428174,-0.12012116119668717
1.93992558254789,-0.322162143968392,-0.0292671988615409,0.623025108948846,-0.934518051946666,-0.835066876755476,-0.507357598960301,-0.157575400828227,1.26792061010131,-0.200844849279981,-0.416025479086072,1.23063768788892,-0.39835326348802,-0.103472967869956,-0.408682192247433,-0.0810439035192879,-0.40168213415959,-0.156429532249722,0.236688792795275,0.155029500228937,0.51642947824326,-0.116005427972587,-0.245503106880826,0.0491825142581956,-0.0289953267619914,-0.12529550827423167,0.6861120006581015
-2.07994520177852,0.639820251779169,0.136470276016582,-0.581375800881432,0.415424937371677,0.552693675801045,0.428124718134084,1.04550992775155,-0.737587156650242,-1.45646974783084,-0.709318664025456,0.169613355768681,0.983690470063028,-0.938185399693714,1.07131875298923,-1.98546048869989,-0.870985940177318,-0.350278390915389,-0.0546317209268303,-0.0837318644454018,-1.0228417822935,0.394276363021595,0.500992617220954,-0.308535433725551,-0.251944141724146,0.8235294117647057,0.441615521795207
-0.680925482551247,-0.267584532365461,-1.95069919061176,0.712923053365296,1.46863073885099,-0.172263248002888,2.00448822787452,-0.934874505861289,0.459738020623831,-0.750961093115697,-0.434664028741996,-0.381842543208814,-3.65941072814562,0.314348310147888,1.70994481844187,0.736336237695107,0.557789472872437,-0.290741859016329,-0.423562313038782,0.156969694264569,-0.119736374528283,-0.407341944699388,0.263113716723828,-0.538631080714846,-0.0960291730645259,3.440828813795021,1.020533356053506
-1.45508591688268,1.46954876282829,-1.05646459414318,-0.449155191314083,-0.575906192311114,-1.09927545690781,0.183758749180144,0.919976825350869,-0.5107079552519,-0.920459018645135,-1.35053337951974,0.941960507638229,0.830668679307268,0.304569233842534,-0.0266352271745154,-0.685312905629434,-0.029917394639873,-0.425023730941236,-0.137673258366867,0.312620207374305,-0.0923841432336226,-0.3701721565444,0.133387248336548,-0.288882347796717,-0.234077687014594,0.3892365456821026,0.9800601105258056
1.08028910382485,-0.0044824971234479,1.41493757170565,1.3643231253344,-0.866940728675505,0.102099422695946,-0.552805201275689,0.145556920077369,0.703920902298311,-0.27922564063845,-0.0944094843611565,1.24290398634359,-0.52271368570071,-0.359856036256379,0.0887798605991843,-0.748760903628376,-0.701548618195247,-0.101262317607112,0.0012486127100435,0.0490630488693615,0.427337126043302,0.332917633195993,-0.403130753925341,0.0957587127614776,0.0410309177657869,-0.12529550827423167,-0.1726752709527489
0.0010856767943664,0.980243999948458,-0.50020016890423,-0.81798899120828,1.12725467126474,-0.329605983451421,0.965733338378573,-0.0771970214540448,0.247532743675796,-0.106428418486557,0.588012496105463,-0.304574062528695,-0.866939052991407,0.586475300835167,-0.0523307067161109,0.506887500003475,0.176244586342225,0.156148952035221,-0.410218313587198,0.0228377447731349,0.138222571387744,-0.422924108461242,0.0970615751560391,0.152587365777888,-0.0948183113159139,-0.2685301070782923,0.5251239081830815
-0.0482106858919114,1.09496849240837,-0.170662214606952,-0.522994120073474,0.818830230754623,-0.999433883954596,1.16841248670631,-0.323966803657466,0.261433264520523,-0.324205015697283,-0.127333862373109,-0.0415812264668629,-1.25942754221245,0.0411926214810979,0.473931163539931,-0.49162779220859,-0.495924148362496,0.197283655667369,-0.388694247622773,0.142378955982936,0.979266426313752,-0.468407487728482,0.0660567479847025,0.169826622213788,-0.0718320734512671,-0.18133778334028644,0.565679416404944
2.06038003088162,-1.86967778259717,-1.3603778672917,-1.48456217788662,-1.28128252277016,-0.681520192039978,-0.867709025139739,-0.250571320112567,-1.04735189582108,1.54458840714259,-1.79252941376422,-1.55590611692827,-0.187391154999743,-0.363066212334877,0.339791364643311,0.22685409061686,0.0866134698964904,-0.189216053895974,-0.135935951698522,0.025651316211021,-0.692391211427653,-0.165920687905061,-0.132412149676008,-0.0269147840014396,-0.0346354023916007,1.9730218328466134,0.9311255593128714
-1.08067616891566,1.25122493433732,1.08216810905906,-0.404172700664208,0.33333135662773,0.33798206191175,0.279086221884723,0.707757745587567,-0.915783550754635,-0.513388343048836,0.555281661894312,0.328057737399827,0.747623041983194,0.352779600878876,-0.383201237074345,0.066615980690729,0.353647091176404,0.0181004133682573,-0.13341253825421,-0.236071828079154,-0.822081289598747,0.305281691385608,0.291047219874235,0.12964284771691,0.0374644865036214,-0.2085940759282436,-0.08220981100146016
1.40199635511778,-1.01537411345919,0.590582552637744,-1.50679832230591,-1.30644360727548,-0.174879256127908,-1.06601010280206,0.0260380234445445,-2.21492275267825,1.51282315984516,1.64548874258396,0.363847638648873,-0.238003279361523,-0.399223437592945,0.45482064817852,-0.284619633536199,-0.230920079090565,-0.274378618148742,-0.359546485084522,0.210864608338271,-0.0166594275246391,0.0384000674360994,-0.471928708748026,0.0510375315417081,0.0183839406002752,0.04102350159922123,-0.30806791372993747
-1.11309790357532,-0.577224704536981,2.85883114153404,0.187946584657789,-0.607663779151307,0.17784860146893,-0.817501916320068,0.257990747305857,0.0107940342709268,-0.0906323492175537,-1.73751575580449,0.821459505878062,-1.56014317916216,-1.98912472105284,0.283967960941339,0.962655746042212,-1.03180189133405,-0.600516123749107,-0.38259889982944,-0.175411651936843,0.419380242176444,-0.112940658379679,-0.472861326415078,0.150487966191191,0.159371719290095,0.04171881518564872,-0.15998331242489858
1.23489518959283,0.36645636405779,0.443662900400683,0.769274051575866,-0.528883675156216,-1.25979888558011,0.0933670560256123,-0.225090276842524,0.0087080360092188,-0.283076041815193,0.227035640763309,0.347916945523308,-0.270178599627953,0.38292361155077,0.112565034709688,-0.406909164101845,-0.321020289703165,-0.0922787736536122,-0.266548239893685,0.170206751092255,0.671736505103808,0.173253268076345,0.0742606228337209,-0.0224285027481029,0.0340103909574971,-0.2921707690168266,-0.3928219923436935
-0.658764211300873,0.680162371573137,1.17894324067802,0.729879025641404,0.592221986922829,0.441455009258557,0.531250819236627,0.222866607316249,-0.808473945748974,-0.0229498308722148,1.59035996687776,0.593477524543149,0.618615027547868,-0.707020128101344,0.128306661536321,-0.266469273984615,0.0059890483783515,-0.0656323825900817,0.281582812129851,-0.0270294608995063,-0.276691436180666,-0.433164759544251,-0.303189179967212,0.0656239839518017,0.175539843812911,0.23640661938534274,-0.357554800175102
1.73721310642751,-1.75939832158315,-0.999794855756335,-0.746518009914458,-1.09529045172314,-0.197320218260639,-0.754217187810094,-0.0866714326389681,0.172105356821028,0.635807924440828,-1.17756996665431,-0.806132894447335,-0.393383318409142,1.31338269981974,0.028462448402575,-0.923728197360646,0.497981296302754,0.466077497024592,0.436023377542774,-0.0706657142975949,0.512261616259286,-0.189536678350801,-0.128946620406256,-0.0419050316589939,-0.0034774488090446,3.156723682380753,0.5120088843709695
-0.525226564300113,0.182829499493907,0.798174762699127,1.02990388020002,-0.429219155745941,1.29217744713609,2.28886644622614,-0.534330982832131,0.178333330617337,-0.0269796119403435,-1.41135368860884,-1.0325162043522,-0.247600384317901,-0.832216251204885,0.0039600629309294,-0.304331003403059,0.74063051981821,0.0490475159868313,-0.159076973109845,-0.064270149359981,-0.776670023318617,-0.22856197702244,-0.324375930328141,-0.1091867362974,-0.393558489435067,4.580725907384229,-0.14829025804044388
-0.572274384616243,1.20407201906879,0.636879742901747,-0.333166363818502,0.760765108000011,-1.05850637917737,1.13243627874451,-0.17898570743538,-0.447677746004902,-1.31173219359724,-0.640930179063901,-1.00521741992831,-0.590638207549227,-0.0271213455369389,0.674378248198773,0.782617932809621,0.046969493119291,-0.0551725522367945,0.190989092492141,-0.648401305527771,-0.164879017325402,0.942336564104573,0.114880013872219,0.0344637503519956,0.0715669606333473,-0.25490196078431365,0.7343061876235777
1.95193267860764,-0.380368984927315,-0.740430001747316,0.216068635812988,-0.0621485574206372,0.108809621665814,-0.376163158799041,-0.0317079303296343,1.12483931503491,-0.226960084236799,-1.24277331390083,0.90743022452364,-0.324290006822972,0.371655967861269,-0.887896415348369,-0.0718850419994441,0.175364362963379,0.0007671531124001,-0.188782323885179,0.26568768182414,0.0740817713157146,-0.293003453790392,-0.62440932928475,0.0282297735845136,-0.0197202269730124,0.4587679043248505,0.8725545210695326
1.96975839506091,-1.29359277295833,0.455089923039772,0.727150636833933,-1.13717644139419,1.91402367138641,-1.92887075965342,0.56518130243554,1.05236772570705,0.756326050952639,-1.43227491056087,1.28619467127793,-1.48169293246341,-1.23537625107854,-0.534068309921268,2.26096189064676,-0.185981565229085,-0.548680511476909,-0.258535957845713,0.0052780310851653,-1.43545760690912,-0.0734592862984069,-0.405912064101371,0.162452424581425,-0.0331167197530346,-0.004171881518564882,0.729417433227665
-2.42587402863809,1.13080723009707,-0.630706166393244,-3.27716369583895,-2.58462901143009,-0.681867909188492,-0.941918263557041,1.2137267604274,-2.11714074969268,0.156299161384991,-2.0363946391769,-0.723009664335848,0.363814557425203,0.418550597422884,0.532326648558966,0.137551514860803,-1.37726258754969,-1.19494251131043,0.121931496594402,-0.0342450945593443,-0.144076195849177,0.0105029802010341,-0.432678941788915,-1.25317713433591,-0.192456459996616,1.3628146293978582,0.7145161337708925
1.79673292495637,-0.64891325067272,-1.4531572367526,0.0567311660040721,0.558043259401035,0.983920442418032,-0.206730429780851,0.247665853718908,1.13650066127073,-0.376774136740671,-0.480659114117566,0.68757221541978,0.151601504456269,-1.52663604077601,0.795935511852588,-1.79835303325371,-0.85196476809419,-0.184450108803557,0.195013022689671,0.0931854773078149,-0.284402459598549,-0.0283364771395243,0.255063086017464,0.0088786520471443,-0.0560964288798726,0.6946182728410513,1.0052207431259237
-0.111539620945298,0.880817174447774,-0.267387310971766,-0.620206904271069,1.20937232296008,-0.286153902411727,0.891741288411084,-0.156295001654035,-0.0833669286314622,-0.150942749011323,-1.53821221914589,0.134977245131044,-0.0102111697137709,-0.128350418196614,-0.584478808225796,-0.453445250107263,0.732651256353098,0.0705007501473287,-0.215322664460619,0.0842860152986419,0.0547432522288742,-1.08138581080129,0.110275500927487,0.320193783262081,0.295319329798344,-0.24363788068418854,0.7574690119369045
-1.72866606641349,0.439289453866175,1.80649112977274,0.69312352644448,-1.30517982294712,1.60211171895048,-1.58078305138878,1.44556343326556,-0.634232081020837,0.319273158630488,-1.14024910108308,1.30264783199805,-0.760219778087649,-1.86052573738773,0.614254564421417,2.10822689834519,1.31272704446632,-0.122641057519097,-0.427032869055806,-0.359321074010716,-0.809658274454285,0.534051546581643,-0.0229184576134533,0.310499449308716,0.0216896316884234,-0.02781254345709915,-0.009125283145255353
2.05405986115934,-1.08509646908838,-0.57792467671831,-0.86753783174834,-0.934946506980512,-0.235428219868212,-0.906879329444307,0.0284828531006737,-0.102860919275779,0.786655030267136,0.61552856268865,0.413292488879914,-0.35119759419808,1.14730600338191,0.0630531931931803,-1.35577430630653,1.24081199098369,0.0467332409872689,-0.151796638248177,0.345393690661,-0.425833561610794,-0.491733872349378,-0.571114968547095,0.0016158072184188,-0.0502298676246039,0.36921151439299116,0.5635523381701839
1.21385397073706,-0.103240315104087,0.698631080599498,-0.0300327090012156,-0.805635711962863,-0.751422592740115,-0.30927233485989,-0.0210179133561677,0.441325684154601,-0.244042196514042,0.204929296730913,0.162021891402091,0.273065472008177,0.0412147996962631,0.0602882835092248,-0.915240877558437,-0.450015368774211,-0.135039816789039,-0.0894981562308312,0.17141236743235,0.449875369531361,-0.015425802241617,0.915305827063629,-0.0572489060188184,0.0085945500292888,-0.25365039632874425,-0.2580051884256389
2.05475675901676,-0.102357813976494,-1.23987482904584,0.186807604113552,0.157190035575657,-0.614244455067845,0.0781458585611925,-0.16368884730552,0.297224080958903,0.23991109716963,0.551309227350686,1.03108714076938,0.420438187606282,0.22455520992519,-0.718451172664984,-0.233195683468618,0.614579857144784,-0.192403003441648,-0.268096212496357,0.268349261335909,-0.489579764692947,-0.260754087226578,0.207706487686782,-0.0742549290889785,-0.0748536994971587,-0.29356139618968147,0.6019807681572863
1.25289607954752,-0.105324830320529,-0.929334912242835,0.310783111798845,2.01018618450577,3.78960555303606,-0.65346226579047,0.926201540131911,0.396329016770112,-0.0546655172398818,-0.645907200273983,0.269092290138726,0.0105452307487575,-0.0786753684146393,-0.493487155114718,0.0566663411977144,0.335899077394605,-0.0454480930419039,-0.115967880401344,-0.153885658142499,1.02304573024938,0.897302275812398,-0.255753060328239,0.0404937759534783,0.0145950209520292,-0.24335975524961753,-0.08258586903191499
1.41596304773589,-0.389235311752669,0.473601794650646,-0.671734935799515,-1.0303270463789,-1.09087718278515,-0.464277769481554,-0.237392309031964,-0.864177968554483,0.617092390947121,-0.144818849285842,-0.435030692428721,-0.159830476035499,1.16242391755466,0.224077931128605,-1.59767835320656,0.600896589973451,0.0798161695046911,-0.0449338737330096,0.0885015101202079,0.388414486034997,0.320401930720052,-0.419872804306318,0.0065260261249603,0.0200684349987659,-0.19538311778612152,-0.6013461702308938
1.24112686724835,0.39695730520145,0.316665995481522,0.690981482880564,-0.29535555278871,-1.04787226106119,0.161978067800684,-0.259842685989011,-0.112025334488999,-0.314334250784735,0.0958434005376941,0.739557397784949,-0.474299027717688,0.435087097733994,-0.0591323991961793,-0.413878062261804,-0.207498285448062,-0.0033164478915637,-0.27172240737565,0.110765729292285,0.371746108154212,0.245135023796558,0.0903511261885008,-0.0184254956858567,0.0342892007495383,-0.16701432345988038,-0.2113857444626924
-0.503284675867316,1.28152199528756,2.28859362633605,3.57858848434558,-1.28081068737595,1.51441353984168,-1.54639491639078,-2.93738949846803,0.179539349420047,0.585006418615712,-0.911732612982412,1.46198201950328,-0.967223890362773,-0.971977790899084,1.14423929681141,-0.760570412433503,1.16713277661164,-0.507754518928571,2.786903283182,0.276974054046653,0.743774903923387,0.72925088963594,0.248183434908532,0.363964031333283,0.253400107859249,-0.023779724655819783,-0.6871696638687558
0.915790739341438,0.141762616088225,0.799491689284163,2.71649370311654,-0.176264911867584,0.323259212747161,0.0968115187227103,0.0502315661112027,-0.446259376278959,0.408487876688642,-0.509807462094161,0.746440012943237,-0.226703586962883,-0.0656511938269076,-0.0019583651363658,-1.21599692143727,-0.980094125690946,0.0624744193202738,-0.175980034630207,0.0013195020962546,0.0880386971861152,0.320624698463135,-0.145635310784127,0.0105197600839791,0.0421042583171945,1.1828674732304267,-0.6153308282384325
-0.769354266420409,1.22640732755602,-1.47018726969186,-1.08414772371299,1.77183928849003,-1.46008905898935,1.12972358428981,-0.0345981535823184,-0.334580863529772,-1.92768683521697,1.26041507958643,0.590731147149021,-2.5985299981966,1.45131978019066,0.832802371348336,1.74848259674983,-1.6831757455635,-0.309352764114279,0.288548427170827,0.0170882298855203,-0.678954300660619,-0.546566527396717,-0.513152862700147,-0.122690429003287,-0.0231560686550107,-0.29203170629954106,1.017372118234995
-0.338372564363491,2.09086045630452,-0.300740790647805,4.13354651209408,1.18472339671687,1.0536269214504,0.702228022832028,0.452081396857452,-2.60918105181965,1.74723370251179,-0.0678481992203702,0.271935942953289,0.775763315165906,-0.358262518426103,0.106010564415584,0.351912678001718,1.89713521747027,0.215591660855724,0.133209323207386,-0.123545267482567,0.223008617140464,-0.410104096550188,0.358068213802085,0.194832211050621,0.193362488900415,-0.09553608677513556,0.3884503177396562
2.15859678705929,-0.753522184770571,-1.68224676622809,-0.937232078873132,-0.208720716916376,-0.373626658311825,-0.702312671763069,-0.0507687202506266,-0.31287742422972,0.425140501926709,0.339347287046583,-0.473236452193655,-1.33890873628103,1.84441260906568,0.590638644234473,-0.0782429786060828,1.10340442224804,0.0684039006625276,0.0951350370252427,0.0070314733129587,-1.12803363727229,-0.0381266920118075,-0.160307345823882,-0.0061785196042376,-0.0432297605999143,0.1926018634404116,0.5575471614963584
-0.771673619508246,1.11872132142669,0.742268939218182,0.546574871178258,0.575318514718726,0.518465699110437,0.561604669847767,0.239909917807814,-0.120227591892021,-0.355400871896105,-1.58374063837279,0.102365150694103,-0.126916526578387,-0.510271086147569,-0.0546711602839863,-0.523613428563768,0.155299291391831,-0.165996754703225,-0.072306302851528,-0.316961425509942,-0.913012069123148,0.342575134343621,-0.343332857557765,-0.489220112595142,-0.275365878157771,-0.02697816715338619,-0.07061077112461916
2.15180582292081,-0.410314553778805,-1.89479122417245,-0.848208836384295,0.0866340014285772,-0.843589662891389,-0.187698434448608,-0.259789839399458,-0.981446516718332,0.413596306196002,1.57972630580885,0.623853742130982,-1.30942855658963,1.17760717948596,1.01540327225843,-0.957398505572187,0.918391116926655,0.123494474683416,0.0286205281518387,0.17533385091105,0.700747274347546,0.007540608776455,-0.339629704047448,-0.0286152402977128,-0.0341177439031111,0.04171881518564872,0.5433274672197853
-0.971294229630263,-4.91345837919081,-0.435219416246907,-1.61531539431656,-2.81372076859709,0.219627463482154,0.410800073511129,-0.146277850792617,1.11465445821538,-1.3840331642019,1.45726856200911,2.22926622564127,-0.176492094230084,-2.85758458594945,0.717732160339639,1.35539030072421,0.180409272373461,1.86723408817566,0.287051397779565,-0.961271680328831,0.294650184938474,-0.0337092377468033,-0.96334761688839,-0.0660349666616798,0.228971374475637,15.948268669169792,-0.5175909957605332
-0.31490416378978,1.1634685896165,-0.23451856814209,-0.22146161700154,0.806409525888101,-0.344513586451194,0.67733615915482,0.228797002815586,0.496677848529941,-1.12429645690654,1.75282028094428,-1.12848326781256,2.15923582898989,-0.529939731241887,0.507473765484947,0.218228538631486,0.495885626206344,-0.162648272405075,-0.0647583070814405,-0.0510736240292285,0.665918834376579,-0.014342095649025,-0.438200043231134,-0.0988856217281466,-0.0356526825881637,-0.06591572799332496,0.10732343634777142
-4.85192243632745,-4.41176493526977,1.45237221505943,-0.790837565475325,2.02261433620585,-2.24943284036995,-1.16233710359139,0.418087913731345,-1.01536979366733,0.523809472130344,0.884955763980633,-0.537885059050675,-0.135182395923088,2.00274220115967,-0.445388841057775,-0.50405349929657,0.80798449437799,-0.495565197645016,-0.296839960767412,3.63521198681341,-0.107227227575485,1.27448371373364,-0.342917891801347,0.433847851437994,-0.631425644940602,-0.16687526074259487,-0.29381296401300927
1.11478340708068,-0.214017516527652,0.718692491997134,0.814836286730369,-0.823251764103964,-0.426012011169773,-0.285338732876424,0.113189361346772,0.791930680546582,-0.22534285468656,-0.433872048400129,-0.279485844520074,0.291137326735443,-0.479752378956565,0.51252614494851,-1.07873133140049,-0.222501057562525,-0.224131282641043,-0.260447970305198,0.152682293053854,0.374285473120443,0.127617929515977,0.299685465263852,-0.0226313863699712,0.0154816090130488,0.1105548602419691,-0.09288045761561581
-0.244994684678013,0.730962388868558,0.348475503004633,-0.727135382329506,0.881982604477228,-0.448025822045272,1.14817211573656,-0.131414490322856,-0.291722890895013,-0.760095111418404,-1.16730477942819,-0.0628687972824083,0.170286801734784,-0.291365421643647,-0.282883650222084,-0.714022882340874,0.099347828742511,-0.0640619517521757,-0.139509483850501,0.0220361736053005,0.61302551367303,-0.46055641170462,0.185339610890652,0.0850109900565853,0.171283788876571,0.08955638993185927,0.7627455761767238
1.25645918948424,0.614952651490946,-0.320327216203801,0.910075297204564,-0.0973962080030799,-1.59697022256761,0.408612187230719,-0.343010372672213,-0.193397142472105,-0.599860101539332,0.417914658350403,0.0724127873021634,-1.01133172804867,0.359143970998789,0.929282307395335,0.0220713930845757,-0.447329861052622,-0.0827822678239562,-0.115701932982079,-0.0397218663353556,0.62700161351945,0.530433168003253,0.348206532410426,-0.0330360946866446,0.0401265231521824,-0.29536921151439294,-0.004060251547566934
-1.73748692274682,1.34991708473603,1.22450714699053,0.085512899439829,-0.335105591461109,-0.404838481884079,0.504995052699448,0.307599509827464,0.432835352714201,0.382839837000248,-0.244649240770519,0.585369259730266,-0.313724312925003,-0.824718423957912,0.465957893123768,-1.16135413403446,-0.173258162012075,0.355107889897213,-0.262081782081548,0.0727599074707818,0.422323439190122,0.0657766796488062,0.24071027192969,0.364758037602468,0.136229184351903,0.07398136559588374,-0.2558781101908788
2.12897187209219,0.0060241583056333,-1.71530702342797,0.0202151559035096,0.58663620715063,-0.524254787597631,0.198769633945397,-0.291745784963224,0.69123192718006,-0.11880577755493,-1.22113336503295,0.445744887215899,0.294698616406455,-0.102849679145528,-0.833875284388378,0.244334463619479,0.0636471970072222,-0.159956836418887,0.228536994368678,-0.077563132850092,0.127398289359459,0.465522616416441,-0.415054968003765,0.0073252429668078,-0.0521736412026507,-0.29203170629954106,0.33278197741889043
-1.50316690269224,0.812421214533648,0.0292873203616671,-0.0259243845374673,2.79684646110497,3.54213689622118,-0.0993402274984538,0.658507972993536,-0.530771775446207,0.563129839121636,-0.170494170193518,-0.399560834026965,0.202193666022891,-0.07128683842442,-0.606633742522564,0.605221383697713,1.14278506289508,-0.0619770925873365,0.113957591702615,-0.43181864959252,1.02749765524989,0.562965993515826,-0.158477424187694,-0.771809866739874,0.306365171024589,-0.29912390488110135,-0.14713858032217597
-2.94396658926047,2.28006442699649,-0.195189977423759,-0.450657460639933,0.0457998983417399,-0.252439006444725,0.14927714835614,0.680356597958714,0.0282433903449991,0.739939168772283,-1.18293064514216,-0.166163863106142,0.499490611585429,-0.0442382644767902,0.0183741208232083,-0.482109342467041,0.0234663515296663,-0.0197375601036483,-0.0582269942071489,-0.103285623888144,-0.755267832081303,0.756799932398636,0.455099855814283,-0.453836772872165,0.183425602979789,-0.26157697121401746,-0.5922502666192677
-0.65072839926187,-1.04804295560414,1.98309979559509,-1.56095825785397,-1.26974868586585,0.264370722536858,0.132567036768148,0.132442579055912,-0.281460535119233,0.10469988603635,0.167315380854243,-1.37559881917159,-0.49822712275764,1.52852251558655,-0.164953594201581,-0.265019400273347,0.48707795135665,0.409057413494228,0.311800133934689,0.295244839797583,-0.0506839422942402,-0.40765340219326,-0.444664399335037,-0.08039449461527,-0.0679570445190644,2.4057850090390764,-0.5036180895664463
2.11927847125398,0.198271474090442,-1.93686683684853,0.269607151124865,0.772373837412928,-0.522506358474844,0.221257158586915,-0.239640094899329,0.42435187934044,-0.398356147263534,-0.977100431626298,0.338272459800177,-1.02585921166831,0.456107260346311,0.214685859111781,-0.20278021448686,0.273210914437488,-0.0915653298012885,-0.39599679536883,0.258011614763914,-0.0424338540986999,-0.153394582457535,0.206316319194287,-0.0585369229829614,-0.0350878481018717,-0.29356139618968147,0.9338402282202173
-0.648729986294837,1.05978851296498,1.9491026815676,0.319799797226724,-0.0704349074099505,-0.732443837289212,0.635424014829643,-0.121777970687133,-0.659801481635573,-0.32482221195949,-0.346668776702594,-0.226430675376102,0.224096956367236,-0.0764882925382291,-0.101972572653529,-0.244015227411725,0.779387473006111,0.0648738753726675,-0.182700487880639,-0.141483383123865,0.376601011067801,0.01787968801726,0.215523577539046,-0.116012582563098,0.0839428777460146,-0.27840356000556243,-0.028621541661647664
1.12895438069146,-0.338175224306717,1.98062860102363,1.9043677405099,-1.26260357279905,0.964912772334557,-1.38041505409341,0.355817937344831,3.24246552642295,-0.754667125186373,-1.05776780267948,-2.0560878066663,0.229756264303459,-0.261544126651332,0.807046085560267,0.515119319038136,0.0212027978004086,-0.222779036303767,-0.10823373164246,-0.197396138110486,-0.121547610623488,0.619120768342946,-0.104507999319499,0.0952828333648979,0.0281569440933248,-0.29203170629954106,-0.8909461091214638
-1.84372935589767,0.441563163096678,1.59872431919949,-1.0330564263369,-0.836334192249195,-1.20653439512406,0.547809517863362,0.32178277921305,-0.204942492112569,-1.00636370877603,-0.31604631212878,-0.057923363550806,0.330973416903146,0.742462649675525,-0.357061635317694,-0.443125452250271,-0.683281394242367,-0.0633375147279598,-0.185469233896029,0.299422495785509,0.724505824338435,0.12105046971685,0.670443223081985,-0.0030524191724061,-0.0030391476481652,1.2515644555694616,-0.4489369015756244
-0.748295400873291,0.448284867656579,1.05201999882003,-1.04891578343806,0.933151443472178,-1.39528577391744,0.93960288873512,-0.24742619460816,-0.661827815280355,-0.826340262985268,-0.596179476354877,0.425109562426575,0.0903305482333148,0.372254863507261,-0.69935534655041,-0.909395044050132,-0.286250355970974,0.0997743877309037,-0.299032669409401,0.147637907956891,0.0544830246245468,-0.436168246043059,0.415361480755681,-0.0156946136611559,0.1296064506469,-0.0030593797802808903,-0.656379912625267
-0.555465327338272,2.71893374744112,-2.95977766953009,0.909194301160033,1.63058501571402,-0.025819448168346,0.21386088993253,-1.47130319991951,0.257447934308603,0.283662061474179,1.62521876295714,0.247043623421635,-3.76080497502811,1.02605854503113,2.40753765146689,1.87578352490318,-0.128958859018019,0.374147761643737,1.26617016766526,0.207210876187867,-1.71427575320726,-0.110855084339808,-0.276905613330298,0.758049783763053,0.246335714734253,-0.29356139618968147,-0.29779682877314007
-0.164100774728118,0.993178954111863,2.22426836835458,4.02190564842648,0.699892902502994,3.13723517027098,-0.437659890080241,0.785538489243632,-1.15504710066204,1.79870668810987,0.427304202992835,-0.498217626931655,-0.112799286117975,-0.242485001787536,0.279472668805623,-0.0593944345956821,0.450847923382286,0.256893289097154,0.0891279953294127,-0.0379716141434841,-1.67965714436763,-1.13047413243178,0.33376177282505,0.383017005405594,0.0178361128982283,-0.28493950771798077,0.4112958430897868
1.10247435151848,-0.153547021503891,-0.388485621017075,0.934257355236331,0.642450195245904,1.15005343420762,-0.0048316907998529,0.248789493713683,0.207638291240509,0.0256492349248467,-0.457890940366329,0.417022384516967,0.26261911082098,0.0076722083835663,-0.588334339981516,0.15004239368683,0.553057907507375,-0.0028692466644296,-0.124664868072636,-0.347064521078502,-1.69810473375598,0.822189432636088,-0.229369285271154,0.0171488433540474,7.89414207691902e-05,0.8243637880684187,-0.4946162004624339
-0.864977475528899,-0.111617398339249,2.59963834626155,-0.795638195625271,-0.30389417984757,-0.362488171717426,0.226295739863323,0.0014177828422011,0.137860842835611,-0.600689478238541,1.21633775308367,0.879129795125731,-0.53825298816466,0.531681097294041,-0.776680596113728,0.373879149940148,-0.326823037442708,0.231637313647061,0.233872317604618,-0.0714630783003717,0.619116450722037,-0.213921782905631,0.902251634078749,-0.160153667343236,-0.117869428494182,0.5353914615491586,-0.5954467598781337
-1.26057146206394,0.625132114597087,1.65028229790533,-0.655260313646094,-0.216117305006851,0.77920960436933,-0.452355525168076,0.947911772398835,0.202745827677995,-0.893132572877438,-0.0502137071195196,0.19891071808697,0.269518155418887,0.722126485255934,-0.747350911102916,1.33417428318965,0.653224301096343,0.14806000290516,0.108216604291156,-0.277874892291098,0.165319185654047,0.472729182167079,-0.204457696729959,0.197578309310335,0.0407912872396852,0.1435127242386316,0.592849609105305
-1.96542509924213,0.785374235594729,-1.26347414285269,-1.96769381506569,3.63029817848941,3.48780369275745,1.47894715531533,-0.449523941813067,0.665096533464884,1.37846222661442,0.0561460232605719,-0.435591461382541,-0.589480768150488,-1.03358868118163,-0.637305923942992,-0.988597492492713,0.1291704770656,-0.367080846971582,-0.0255956953677739,-0.216414665637816,0.761408599044222,0.140705061350669,0.340190412757477,-2.31549814464071,-0.172535062581776,-0.027951606174384663,0.5835421728515482
-2.34943169348651,1.85328498601794,1.27616592834147,1.46244335307085,-1.27005134570413,2.27245652443276,-1.8169562859642,-3.82037511099084,0.561756892860899,-0.251169442514004,0.263532063169075,1.66094887010793,-0.0413309307700967,-1.21963105956324,1.44195527785063,-0.412075198583186,1.49521016249578,-1.28612040147371,4.31028197034491,0.577546992422196,-0.0553919660356931,-0.312457610498671,-0.409263909199952,0.43744236681047,0.0374352124208953,0.8281184814351271,-0.4072062120085906
0.956510125118128,-2.00917480554621,-0.220026325582117,-1.48166184416017,-1.30163306566609,0.105189614488555,-0.686371306311793,-0.060265782450361,-2.02148228507501,1.44928283239887,0.223539082596875,-0.601668071858503,-0.0793456149418515,0.316729322241019,-0.183771057027028,0.722059949257952,0.478790767516772,0.33477246645057,-0.29598248942813,-0.211261498401774,-0.883408240661979,0.126067475678678,-0.457642446545474,-0.0289638047740012,0.0593002128275723,4.143929912390488,-0.22118675688142125
2.08198499954649,-0.11250126720809,-1.48297508552441,0.190583023504413,0.1035997227449,-0.93958655354045,0.0853885683040301,-0.226711500178065,0.930752416354176,-0.0646814013954349,-0.961589491541053,-0.337722600213437,0.706710153151548,-0.203788238203559,-0.49126423528741,0.263062716310848,-0.167810249898551,-0.30108068645826,0.249563834869507,0.0250091423195772,0.724757963141529,0.315639500803237,-0.448936995793201,-0.004083469877494,-0.049632175455504,-0.29203170629954106,0.3337691297488344
-0.350465330557747,0.445112523669053,1.25846630673918,-0.271715543239655,0.604906851393348,1.17708790400112,0.342858989529263,0.476984277925723,0.185274160989399,-0.924632258378583,0.242870601255905,1.10918258488757,-0.314205607753836,-1.56347075695602,1.02106753886786,-2.59658665636816,-2.15991354789303,-0.317538995619219,0.229707589890251,0.201422109684344,-0.57656967182903,-1.28235379841832,0.160080136309337,0.277418694830386,0.217049520679143,-0.13475177304964536,-0.5415294397616732
1.81550655628475,-0.431153186373535,-1.24610248002563,1.44944535484367,-0.0053317391433972,-0.234941985294352,0.0442813866774222,-0.0452144308922805,0.964647616014722,0.156107804980018,-1.49693020118249,-0.469877702166258,0.412812529891474,-0.422577695844956,-0.0993535437505201,-0.123624378659889,-0.274518598761332,-0.176115218930409,0.13918549671669,-0.0149317479848959,0.647589944865175,0.248232429036416,-0.493662497640441,-0.0079207931383368,-0.0314230510460978,1.0846891948268667,0.7983065636816081
2.11622620649709,0.0656256755765895,-1.97512102914328,0.287744921861828,0.611620228527605,-0.564801366590797,0.100919472852982,-0.138106358479492,0.695477807216413,-0.346162860484083,-1.28257191336443,-0.614380352307519,-0.669161685209353,0.540252882688119,0.317076110894382,0.0171769308898911,0.285017681655503,-0.20450294978131,-0.416047228239278,0.278719418507385,-0.0914323076194678,-0.214335132256503,0.212223153608088,-0.0704172341431676,-0.0387783090296346,-0.2810457516339869,0.71429284931531
1.1531456659227,-1.6948800881499,0.759561848030357,-1.44202498347327,-1.75644943345135,0.335308736494516,-1.4412948884172,0.212722210598291,-1.68614622379287,1.46978313614679,1.07309063867657,-0.349867033578161,-0.30094948211034,0.0350045121389047,0.244514806447972,0.533793869277835,-0.436008874548594,-0.0621877381166423,-0.0052786621442045,-0.0551891936660454,-0.34209224527097,0.0516815604423867,-0.200661872119047,0.0487828340848154,0.0403469833632129,1.7788902795160613,-0.35621509344160673
-0.84497113897503,1.33540142126702,1.14070323669633,0.851416040995051,-0.0689283479428538,-0.199838796670251,0.429743376199166,0.328202037254958,-0.912271577999268,-0.474612826481386,-0.203536392156016,0.74779822688674,0.357700977295569,-0.429961874505697,0.145452149760099,-0.463343093754482,0.0828288850755252,-0.0812434123347236,0.155795320261967,0.0003173410316715,0.0915620677644715,-0.250376730265111,-0.398409751972767,-0.0575956681387024,0.0729715983637865,0.0972048393825615,-0.46517790776589213
-0.401116275960563,0.641352482327031,0.535663519931594,-0.986255519056917,-0.222150160744507,-0.87145016385406,0.118054836891329,0.407858991104508,0.334111040540749,-1.00594415798556,-1.50515689315641,-0.078757114734319,0.266886485018318,0.787481683156979,-0.71459421548958,-0.245566098480741,-0.739781112531957,-0.367226364619237,-0.0641317286484009,0.333611843549194,-0.14541850539178,-1.60207397179988,-0.0523215603969549,0.0875961645845,0.186700021946899,-0.21151439299123903,0.855032567213028
-0.734065499451255,1.05397646925046,0.803173976330166,-0.316151120769723,1.43930953921088,-0.352308301059075,1.95034428224589,-0.339690693093678,-0.943779638853528,-0.552337000010724,0.262590950608792,0.185150438465767,0.42082919722287,-0.342993885199757,-0.797549226944444,0.0566077656970756,-0.354561388480985,-0.0761722873197525,0.042036823174774,-0.667979725169494,-0.404384028202023,1.32169355378177,-0.475979072081149,-0.186950496346334,-0.201664478418977,0.244889445139758,0.6770396006733789
1.2391029652413,0.125956272382396,-0.284954942872378,0.35583856238283,0.187523245442977,-0.372270098252652,0.238933722435738,-0.115038717425391,-0.302967223744152,0.139010706686966,0.638928003072811,0.587698890853415,0.578780924925731,0.444014628793848,-0.834993234257964,0.290863994520874,0.479609589671357,-0.0138224118253546,-0.0423105799590595,-0.201064525020177,-0.460951322600573,0.636669570702258,0.398341173792078,-0.0628558255214253,-0.0073687986538582,0.18411903768599638,-0.26773568996365754
-0.623637013481606,0.390129286399035,0.738395929644573,0.865549916796024,1.2254223428495,0.139376040947943,0.818534813200631,-0.201387513210069,0.280222321907334,0.860543564764438,0.478267344500537,0.0047317584662195,-0.0502551447846116,-0.94818870853484,-0.250560242170955,0.479747853732483,0.974310851949815,0.365150242917904,0.0875622128927051,-0.234744004489966,0.702329645228365,-0.135879916651317,-0.443117666250319,0.217982879407584,-0.0545508189362516,0.08343763037129744,0.8503788490861496
-1.72919413190676,-0.497554287786783,1.86340310384568,-0.589278572033873,-1.79239453366711,1.01671042755389,-0.27078039503919,0.604114772746517,-1.00493122008771,0.0197941626069124,0.972473011130186,0.302005286307425,-0.587506623794973,0.487757120498453,1.1082853086839,-1.21657804183316,1.80469140068284,-0.286724582995722,0.0569224022516189,0.378786792298786,0.0672595058179229,0.275266016548385,-0.0828147266309102,0.0107361639411121,-0.164845600746209,2.441941315533305,-0.2629527018888102
-0.359620502986658,-0.226468127293747,1.32513877004026,-0.199483285669703,-0.202778017542615,-0.434536530034108,0.0258924070360357,0.0461714577762126,-0.891204288517251,0.250039915131983,-1.38655020183495,-0.258132091346971,-0.202263725767146,-1.23983915974863,-0.446839944216021,1.33412632446738,-1.4022163591229,-0.413311645047011,-0.328314776231779,0.417898277369311,-0.139491381402027,-1.16851542738641,-1.07075839425351,0.280634692532727,0.264282329075104,0.5284383256848838,0.7089457741947804
-0.77233490269241,0.156408139117659,2.57835809947726,-0.453458884048987,0.345226132042075,1.49766133197767,0.0155854456856058,0.532900732395794,0.575392896473103,-0.918347022371591,0.257171889607319,0.319703118873358,-0.528728271884191,-1.06021164343815,0.763131826257562,-2.17493028938825,-2.38874710247129,-0.222755953829678,0.100339490601939,0.0287889719278204,-0.627078714930916,-0.660836091542608,0.195243938837429,0.0033859935256871,-0.103707782850276,-0.14601585314977053,-0.6036377738539779
-0.625304431725865,0.737437088349461,-0.121394009154649,-0.256363216685161,0.597960136802345,-1.24418241767299,1.307439267586,-0.375139179525743,0.143291375400498,-0.213425790800428,-1.08568513782214,-0.321260919611792,0.466792575321708,-0.761366896322747,-0.126993603639336,-0.328400390273964,0.522877609897287,-0.138335544438193,-0.024302644101672,-0.0152692398730946,0.0343441243463611,-0.436415854629512,-0.420841562210978,0.185079641575479,0.315191498704361,0.4719788624669725,0.698510163849659
-4.22113324086577,2.67667770367185,-3.56790537846738,-0.258790539976103,-0.93032588492021,-0.320200947682585,-0.290529243404427,1.93463340456574,0.0034672973332789,0.169974797163998,-0.672584491065009,1.206360549871,1.91737278623572,-1.57215825179453,1.7849228674999,-1.83925900731285,-0.939858421174232,-0.717168377816832,0.503641796351074,-0.0584012389454378,-0.530949425843922,-0.504542362073512,-0.194266671379331,-1.14685771981581,-0.0531411276129814,0.6566541510221109,1.0102035120294501
1.19966626501084,-0.442960533393713,0.967080228918422,0.625876324669397,-1.20655787996404,-0.296847656940624,-0.735701648888985,0.062263570189769,-0.72382972348816,0.804964980117737,-0.262148865283256,-0.255118784509147,0.138345421782548,-1.41573794985233,0.0779437956942311,1.06222878982779,-1.87054514906175,-0.565021947358042,-0.181688095920288,0.0652601715349993,0.354457344598918,0.257612568677079,-0.280243685851263,0.0775168403821533,0.0396022536364672,0.1112501738283966,-0.1836749683435525
-0.380742934851591,0.0187112788700425,0.657595850014333,-1.33645228163329,-0.61713623833155,0.334977704250766,-1.1418844431465,-2.62820139687544,-1.5342588067861,-0.360134480290307,0.0826791073325373,0.262223457143983,0.613599354496006,-0.953582306172893,-0.363549869084117,1.93219813041726,-1.00528081649422,0.297865316015857,-1.33351448859764,-0.58087491540993,-0.288462858724809,1.71226303485535,1.12973069201981,-0.0785468322998332,0.141002467098247,0.7370324016131274,0.5910985889009998
1.78429764770949,-0.634896641736376,-0.439583185074743,0.518857362517239,-0.754796310170359,-0.632190832721911,-0.304180844946011,-0.113563019874686,1.2671283165042,-0.214788915577708,-0.929026260686043,0.520424792479197,-0.0333589673308659,0.245820032392212,-0.596041187115123,-0.133653060647076,-0.0554626506351337,0.0025765693846475,-0.123126366858728,0.257868273636449,-0.147712242478919,-0.446557829507579,-0.626925053751371,0.014882646389594,-0.0130526086592006,1.3064942288972325,0.9496111618724165
0.899468338716845,-1.00235046910198,0.289383450655345,0.51319605796985,-0.560836826768783,1.02813200936488,-0.660263244092751,0.401998899304686,1.08514508102542,-0.0938090757247872,-0.934628421477681,-0.548689993984955,0.145305731672612,0.986257257317912,-0.928118280100966,1.11888046126338,0.855270349632611,0.210985798982828,-0.065148921113262,-0.333214986801384,-1.39845996196456,0.315805196674766,0.393311378915875,-0.0380472142817632,0.0275074315378004,2.4043943818662212,-0.4526034673725589
-0.6382788235915,0.332141028259544,1.05238681314556,-1.88023912854884,0.0749170125501956,-1.01225372156969,0.80087452530704,-0.214266345234929,-1.6104774114026,0.0689798292392687,-0.716258518411147,-0.64339214804367,-0.254222555750726,1.20061395305723,-0.101485876875365,-1.72109367344406,0.400936060361908,0.382265137196408,-0.155130457156602,0.0124176128793929,-0.151429995284707,0.159169731528808,-0.636881416892609,0.275007013310857,0.16222083675034,0.5145320539563343,-0.5692754713211683
2.0688673592712,0.125255770502833,-1.67000019250847,0.446374522899107,0.318497727744894,-0.953126645621454,0.150735311282285,-0.212823205170656,0.567413560589464,-0.362368350319047,-0.566213859397655,-0.101757725771149,-0.732746549800484,0.311169298099238,0.541253831238323,-0.276330551999884,0.0178809253967298,-0.194883975677029,-0.364421193283039,0.359595362410199,0.624071502893079,-0.289538157555498,0.167127097134926,-0.0658866451857598,-0.0306817088109396,-0.2921707690168266,0.6719040581949802
-0.806660325054326,1.00686984904641,1.50680871441936,1.37699282776051,0.450775625857446,1.01844688388189,1.31797127543378,-0.484265388931121,-0.0403581848783501,0.664215156409321,-0.9411470000784,-0.139055883778005,-0.646681984813935,-1.40777111017789,0.347685703358067,-0.480673770600315,1.79067942892149,0.271204683376013,-0.246771048787335,-0.53764701091672,-0.715426466469534,0.462743401140209,-0.0491546819438367,-0.268727345270284,-0.330541655436158,1.2236128493950769,-0.3749122286432825
1.98986497297912,-1.00983975078804,-0.831635177246765,-0.491168644939842,-0.87123927374875,-0.489585556842531,-0.598390723879261,-0.0287821699529662,-0.39347429157853,0.988468584581355,0.328893293871014,0.23159822888275,0.377933646949547,-0.952510986455366,-0.437657047805717,1.15735896922122,-0.184713054379221,-0.514722825404903,-0.794136092364653,0.51953578284935,-0.444130225521197,-0.839003373605636,0.0401962428629857,-0.0570422268453363,-0.0471288711284742,0.7217355027117229,0.5620951133021714
-0.793436655213524,0.683115535420463,-0.168205613907651,-0.504654660536249,0.698315077731591,-0.345885861198873,0.445292189552904,0.37608724079615,-0.583958037685461,-0.483617710176948,-0.0540691652445562,0.462638489936706,0.764859209315035,0.16194374225493,-0.478189317758769,0.0916395351016573,1.01411553809338,-0.15056324749791,-0.0933645670803316,-0.016682645820598,-0.799864024048016,-0.73637069646794,0.202058705375263,-0.132054347815379,0.0913216360067288,-0.01404533444583509,0.7428732596298766
1.2812466310803,0.193240931063795,0.290459670270355,0.512685559847706,-0.270535724653551,-0.712195544944832,0.0413875613156833,-0.159284526241784,0.121790893781705,-0.059905329459933,-0.710202352900202,0.052544773538883,0.268179518266481,0.462475914624168,-0.587473179318673,-0.343134529069942,0.0684582877236401,-0.0808586004753256,-0.289131456860687,0.0720007041210285,-0.127417474721699,0.27158039943569,0.125683946385483,-0.0329460785684094,0.0146040079606763,-0.18092059518842996,-0.2990190173721182
1.96359550047437,-0.782099238018389,-1.08406678098666,-0.294900867265975,-0.827313167537554,-1.26899170022599,-0.163699624298621,-0.236421452613604,1.80128908125516,-0.463407571855946,-1.01909641736345,0.056575859678811,0.139871775377491,-1.14349993077671,0.568869737913939,-0.536498036686954,0.456784052730203,-0.24896994391576,0.275528672659505,-0.0702599833059308,0.515518671485125,0.206713711362869,1.04286252915857,-0.0802595193993225,-0.0714068619632815,0.3198442497566402,0.47671818857547454
2.08923713894486,-0.196359686531457,-1.25911562254929,0.313162517717951,0.0970884052992353,-0.61456324461519,0.0544127964984718,-0.304750164560779,0.787049921862199,-0.0268515620172012,-1.44190452826713,0.797682033620123,-0.25567608588982,-0.295528631754116,-0.344722057266669,-0.527030214479594,0.393057979216551,-0.133211640267461,0.0294919846815652,-0.0224734548016993,-0.471044112951485,0.183486891414103,0.784624114159602,-0.0640046520539226,-0.0727369053530332,-0.20400500625782225,0.5019845874966581
-0.682293466702967,0.461711739904932,1.32281049736106,0.358947341407151,0.71324374373513,-0.403668620590084,0.501797887434133,0.158766044464762,-0.268056495312681,-0.436663350626352,0.209945217690667,0.279157765332951,0.294974009938621,0.0012703835793219,-0.556852205128238,0.313933114462829,-0.0317273635268489,-0.14111590119057,0.0415633184425931,-0.15583292622668,-0.0324655695386352,-0.0826267747022484,-0.543975745589892,0.128788320113101,0.145861889573567,-0.23640661938534274,-0.4263851715617866
-0.272513081681096,1.27537767150725,0.81410685310571,0.731147380567443,0.461420733608508,-1.12280770588377,0.866314838821296,-0.134537651887515,-0.566607129063571,-0.976048257195955,-0.188010834858658,-0.591805216797748,-1.07664959846358,0.43367731316412,0.713710376552533,0.684958724475918,-0.439844080431682,-0.0715163526611515,0.0181207165367488,-0.264227393853365,0.258075693483001,0.237334760147476,-0.36649968593588,0.0538584923439229,0.0569492252129513,-0.29203170629954106,-0.0632776395307501
-1.12152559809849,-0.78976088349889,0.959961690285574,1.58583866840598,-0.281309658310829,0.175842339099046,1.25983601184327,0.0251659930108869,0.137126088563458,-0.712603406495653,-1.4228758474164,0.185217253131534,-0.17070246772373,-0.888787765622826,0.328022363111624,-0.496069674829391,1.07275960779283,0.813192102321025,-0.155350112518595,1.0690160459593,-0.130836860906522,-0.669405362494077,-1.01553329343461,0.12719046955737,0.250052618101505,4.525100820470031,0.03000825564894983
1.00222551955408,-0.503839198979074,0.898914802658834,0.914930747168996,-1.07098765589077,-0.126839617948549,-0.447346667941243,0.173495681950884,0.847272997949632,-0.158328939140696,0.73619727913461,0.839937068387674,-0.0658871886355379,-0.289041468613251,0.139366853925915,-0.0753080894543846,0.557350350926309,-0.0341058549586864,-0.0470683570342161,-0.102108026132737,0.595761997585547,0.395935935041244,0.49289855458318,-0.0286427715360781,0.0158101392228696,0.8051731330830204,-0.21086866467081702
0.0574667488538372,1.22775161761182,-2.16374005374884,-0.711441737831839,1.60709327369837,-0.467342379734512,1.24556227868824,0.139797229524609,-1.02089071067143,-1.01300307378788,0.218393894177802,0.872793943569862,-0.49531861987353,0.312126233146936,0.173451293610565,0.602559093225446,0.296973825022277,-0.0895534872233274,0.225412916991481,-0.129789192463445,-0.147397078641044,-0.224534199117275,0.540073558912332,-0.0974645275952779,0.0266057028634977,0.2893895146711167,0.8991488749107597
-0.640767208472194,1.04180177626657,1.00925808399505,-0.213021299808966,0.241866758181049,-0.0828093597337188,0.356588744029611,0.356349088184049,-0.147473864021733,-0.0158700338863635,1.10578166794357,-0.436709794884172,0.0930981263794889,0.451987150157175,0.0195891091098639,0.236014728873262,-0.0517027952573425,0.0990389235852274,-0.260637685808796,-0.0134864613305931,-0.415740699392617,-0.236074797118571,0.115869384429364,0.355170156478906,0.135682053918619,-0.2921707690168266,-0.06206720274522362
1.94943798863793,0.0362188585495115,-1.5793229451582,1.32075521274437,0.307034115247815,-0.900029322929155,0.471315494955123,-0.204814843916016,0.140044323150185,0.459621776040965,0.570550707715273,0.319560024315641,1.00902571236748,-0.501929656585558,-0.268712791445768,-0.02309988784245,0.0383895599413583,-0.349454140255327,0.100800960393791,-0.0009646262109891,-0.0128945214329874,0.365192547477652,-0.509235968217543,-0.0301106106319922,-0.0716105705604285,0.02517035182867471,0.8565955584021059
1.95800245973633,-0.373103576377877,-0.644093215530851,0.253595395793236,-0.33909573973347,-0.29351605644757,-0.39515180590149,-0.0054354550062423,1.36748320782364,-0.274829805693324,-1.01914436084528,0.370022126237441,0.066333125275311,0.138584279108981,-0.609196819942563,-0.0550880147023892,0.092889716363418,-0.160796665596756,-0.218267960091418,0.36195174945994,0.506659336217685,-0.332617211953446,-1.00690458013603,0.0433888157696025,-0.0182071002965332,0.180642469753859,0.8769261956735699
2.10603684122856,0.582467032599274,-1.99323923688508,1.2874948221413,1.16115482564935,-0.942490373713403,0.819416128348045,-0.603592199689935,0.916208330680487,-0.0220750381233704,0.166130000629908,-1.88045839994765,2.03661335189477,-0.481980949548808,0.159046816555249,-0.172834015589258,-0.507280341796845,-0.223247888938408,0.0160686434053715,-0.0546485118346065,0.555916708150569,0.624797818198881,-0.481402874307497,-0.0623342760324145,-0.0656877318676356,-0.23640661938534274,0.11051992960663742
2.11384061939699,0.230638277625441,-1.90630722776509,0.27814981628514,0.788260444424544,-0.54071698746302,0.256081475026139,-0.270286191763128,0.348640458158656,-0.412906719364848,-0.849242347181765,0.608466701417809,-1.11711135679476,0.41870204177053,0.206546253485221,-0.277950370385445,0.249952500461293,-0.0605725249076155,-0.386432452299135,0.257804429679841,0.0229899642520746,-0.144680860423471,0.201365294657894,-0.0555657789687627,-0.0333467339143114,-0.27840356000556243,0.7948162750864493
-0.71650213758385,-1.01300754576772,0.386647486524881,-4.35575581605581,0.0992548349562308,-1.62915396305108,0.591216440248774,-0.245333379969127,0.785548809608712,-0.977521228419606,0.2930466453622,0.0166276326891631,0.331200580759322,-2.19603790824779,-0.498726289051789,1.92495252228594,-0.636747142652927,-0.34728072294501,-0.241941368329242,-0.0014731070866347,-0.0667698136426697,-0.0227650280215946,-1.10342482373889,0.229376375180137,0.0091696011492045,0.6079821999721874,-0.5552908133136295
1.71386827331263,-0.978427987727797,-3.16586133715103,-0.686115415063214,0.534610392760119,-1.54986418466343,1.2408658996852,-0.689217546139635,0.535754321462244,-0.303970718003885,-1.43219455137503,-0.430993788462107,1.05246808367529,-0.845945170327051,-0.0947118399186411,-0.410594458556978,0.677454422207409,0.284444967293744,0.364713732402694,-0.495320493880089,-0.648488419040313,0.585728010056841,1.09622211013848,-0.203485014323132,-0.0642241676524379,3.5043804755944925,0.4969313077124214
1.19345027548675,0.160812294603915,0.136534934766623,0.461745588788759,-0.0738728252455763,-0.118926758774117,-0.183495499151018,0.171575852190107,-0.0257562821518988,-0.121804096993366,1.35421982321431,0.259055439355416,0.157559323790953,0.534832087885011,-0.0282308410862133,0.0023134427153608,-0.135102325548533,-0.169047623950556,-0.244050741742312,0.120715187958547,-0.381417619324797,0.116398987734079,0.131123156046819,-0.0186272540247374,0.0112251093017425,-0.2879988874982617,-0.32506103598111485
-2.80011980208047,2.87690059457242,-0.127102212263366,2.92041555731074,-1.45773567991139,0.524031161488452,-1.66463931956712,0.192252814818547,-0.675187952977602,1.49343954483447,0.177251254282064,0.998036234663457,0.909094186751147,-0.04797053158984,0.872919893040148,0.46877434381979,1.24927780734309,-0.248387503805963,1.55896032302519,0.418186489251291,0.29908718628111,-0.0077252751682465,0.244750544134901,0.0046260063833944,-0.177286047087269,-0.2515644555694618,-0.4061603006113881
2.05111836839243,0.15740855574506,-1.77858292410485,1.30581548131097,0.554152759147043,-0.934726134885325,0.588798593382001,-0.351999236803142,0.342446185020113,0.27932995848784,-1.4621011097146,-0.206990119069699,0.658990785611951,-0.585834138272509,-0.231079702688799,-0.436103086097665,-0.0668402513658939,-0.3307773289533,0.0164457752436528,-0.0454524536230938,-0.43373260337407,0.48577564734282,-0.462149301834284,-0.0206162388502714,-0.0672376011113651,-0.1465721040189125,0.859792051660972
-0.744462901919163,0.0575030615827105,1.59581411632186,-1.31874290060945,-1.85540706431038,1.29736587224649,-0.591301770865495,-1.47724555146713,-2.84296867872224,1.45641846148811,1.25460965796079,-0.480667987697405,-0.165209156264773,-0.856378625781823,1.08745623693645,0.461300276189464,1.63199944277205,-0.457609395592909,1.22356488736033,0.147026667759202,-0.346936478011963,-0.171929613879912,-0.0739310331096025,0.334852320582031,0.0284562385316497,2.1054095397024057,-0.4138107311684534
1.33824946590714,-0.815216833983937,0.851215879605705,-0.803371120309109,-1.39767631702206,-0.246777272606534,-1.19274767048493,0.158075002902848,-0.48124359463001,0.804007723534227,0.913908637279246,-0.595752202291748,-0.0665048869779776,1.81910943935855,-0.254542397699738,-0.125557142224918,0.639779577206157,0.0627421624510274,0.404850625921285,-0.150374196653562,0.0188870795974628,0.40298020144067,-0.043687594962936,0.0251751716035814,0.0115227405180784,-0.028507857043526635,-0.550883883269237
2.05404684677677,-1.08349428586697,-0.290215670225045,-0.679257483518594,-0.880416259928969,0.646254886391542,-1.342367628632,0.222174975198719,-0.0648027257313884,0.917336942356472,0.168343777639805,0.974994861646008,-0.488121926308209,-0.494795564271177,-0.922879593149849,1.95540381277706,-0.5214538440051,-0.416182541000776,-0.324265893407211,0.325209047437725,0.0962429238666973,-0.617343790138096,0.442743998225045,0.0034557101255933,-0.0369431696171619,0.15630649422889722,0.05326509446989038
0.492007155139293,-0.987466287202255,0.213232439712029,-2.24254299756737,-0.262660817965842,-0.658099782531223,-0.253432772636794,-0.32323969957861,-1.53192348479701,1.3470487852895,-1.99471982618601,-2.13249557662549,-0.44505693595313,-0.610512273055481,0.270655284740535,0.434439790202716,0.430391728517799,-0.259810234876637,-0.145589174205544,0.0322569776113043,-0.770581673086423,-0.757639326427009,-0.195069135533263,-0.0301812488686273,-0.119832583866985,0.04171881518564872,0.9474840836376563
-0.244979668830206,0.580594225317216,1.49437560464456,0.475524773363887,-0.120304342449605,0.132477826243419,0.316481430167617,0.170692468252967,-0.148784861756766,-0.26764882437203,0.378828372218124,0.418016971257856,0.0480492457008253,-0.387409117677756,-0.0241694905840367,0.377374492660668,1.40364954408985,0.0171245683463897,0.0528939675079942,-0.146403329393165,0.0543757982593524,-0.431191685422189,0.402721622159725,0.139530591231689,0.145654379360119,-0.056320400500625784,-0.2352889330234772
-1.83721970821615,-0.505030353133198,-0.51364657092159,-1.27414273914402,-1.60191401983659,0.883836538705596,2.43406668925801,-0.110206820782981,0.130420285380782,-1.95507957543814,-0.931867400251261,0.594392819319114,0.297957465326451,-1.2662103705731,0.602342161424816,-0.294910173719933,2.16802230288548,0.15500286608324,0.0109239252214931,-0.310750713849017,-0.732587301534998,0.73427281504789,0.356904070573137,0.165667582814532,-0.344603540680581,7.649422889723264,-0.42623239798691437
-0.250491667135364,0.200628207134727,0.949918881218435,-1.64534544522569,-0.244428675296114,-1.18914870988655,0.606117442907704,-0.386094811660046,-0.638743854577953,0.57336682242346,-0.896766557783474,-1.46799171039013,-0.35815875115736,0.639739919747657,0.270977357153757,-1.45666519315124,0.178203947081681,0.0851482384672015,0.201081817630053,-0.183637381971773,0.399226814010801,-0.319963155679017,-0.368739114139283,0.0888394535576985,0.0130431177996842,-0.16687526074259487,-0.6163884914490867
1.31834101000127,-2.8521640938901,-0.831670606887748,-1.1008451247168,-1.99624010853578,-0.335437181625709,-0.661521240059418,-0.20759239751445,-1.38431197540575,1.37475346817096,0.889468832814181,0.784766142985098,-0.586527248121036,-0.412185446172298,0.37176046997135,-0.0957135135135138,0.249154245769826,0.568855148897093,-0.22125155928825,0.0837572809367023,0.0529859935422231,-0.766705213130391,-0.649724163262735,-0.0493361881662502,0.0360269056504318,6.324016131275204,0.6610453825655972
-2.12409425117407,1.50366390841568,1.03274675856516,1.06642975936754,-0.920137204950443,0.236599745776982,-0.675052760885069,1.49002535646348,-0.970657196880458,-0.889322238918369,0.889448575795892,1.4470967086019,1.0084309308513,-0.445261159190147,0.824375561127706,-0.207304956751796,0.782989647343726,-0.326850525088903,0.0462611871548137,-0.121920890712537,0.227735968771833,0.218541572168174,-0.436571112116027,-0.518739826332996,-0.168754562078069,-0.053678208872201344,-0.09196381616638218
-0.863308214315993,0.922592368090439,0.79360187487292,4.43510684703078,0.647910864092784,1.66044442157086,1.99487942467985,-0.223000460434566,-1.60057999966523,0.643946956505499,-0.47085872464978,-3.13662143471731,1.638845833501,-0.006420368067628,0.473006402519103,0.803431430480871,1.10548918444265,1.11252405245128,0.270078311282777,0.255691256174321,-0.0056052888365671,0.837432769270835,0.660455563979546,-0.0829972053618149,0.0994203353318682,4.599221248783201,0.14801996633105446
1.91239310644823,-0.651840072571453,-0.550363150045869,0.368045881804952,-0.531461861301582,0.0045148635130415,-0.653738347138846,0.0503360163492351,1.29308456769167,-0.0196037330225285,-1.30293693609614,0.130231208797132,-0.248545672243546,0.448317642370469,-0.606001641394084,0.160973071539588,-0.156575960796021,-0.0501636836025281,0.166986687319115,0.115737256766323,0.528680852050877,-0.247531276844222,0.546059175089631,-0.0359930812255318,-0.0334720323827588,0.5978306216103461,0.4441539135007771
-1.26168488151739,0.771920459657867,2.37739447995359,-0.264566440826627,-1.00732215040661,0.231726373643306,-0.103336553713871,-0.264186404225784,0.311120385301585,3.06313799765248,1.21124929570665,-0.12601313510528,-1.12424657704012,-1.25732199392969,-0.864080760611913,2.56423527711179,-0.614990649647392,0.564633448734654,-0.311344864241671,-0.139237952046429,0.271454051404244,-0.419835644315915,-0.308925835005064,0.51117567177785,-0.0449542169541208,-0.02781254345709915,0.0009107655425077782
1.29696839597662,-0.395091038215773,0.0465313697508934,-0.775087155390604,-0.533347778599658,-0.674193427829196,-0.180002489380869,-0.125213049833507,-1.47868701221499,0.749406982440894,2.02440757002488,0.54555808280559,0.262209427880953,0.673510530761773,0.474862782242302,-1.97764335013059,0.638541298420049,0.105413822751703,-0.0340956939060963,0.0902467208690736,0.219066706037001,0.327737911707425,-0.454869505758354,-0.0107402478890618,0.0035782420905095,0.16103462661660403,-0.33285248829960074
0.342267881475394,0.304602036061135,1.1950056743656,0.235241836924735,-0.06329317924003,0.688344578295385,-0.579680916845171,-0.599519179922138,0.852981676776267,-0.619354314762215,-2.09346401169432,0.194067510102136,-0.51689877510957,0.810490735333562,-1.02698666378848,0.270902973655017,-0.587322357350249,-0.296682162886402,0.584410816346619,-0.366184060227393,-1.01473720685426,1.21237442993685,-0.384661755832554,0.0947328478999182,0.0812816784104825,-0.16701432345988038,-0.5685586107006138
2.04159769873422,-0.557962473117924,-2.54458324305253,-0.84465248817144,2.24850207925152,3.48086733581046,-0.639779153511146,0.829573889837006,0.997347959230091,-0.178880722897955,-0.298174253886314,0.532228788524177,0.252400979180485,-0.725456379827281,-0.129705484117696,-0.561499052538452,0.149737357365364,-0.178507216531858,0.074686625233852,0.0778410447164386,0.762911040693994,0.237731580871232,0.215783262454995,-0.0064468166922682,-0.069697013998112,-0.29203170629954106,0.4342706383878862
1.26533358714536,-1.40859602057278,0.852181045628498,-1.35729217019394,-1.9053956770906,-0.411218542213291,-1.24642630356172,-0.0033115262066266,-1.87141631903783,1.51973376354961,1.25264477546082,-0.0388812702071056,-0.345954453883562,0.107353546392523,0.113654914628323,0.631552217698706,-0.0940934292437424,-0.102587678797449,-0.127009703451269,0.0256937943286221,0.3007322466139,0.100206967789044,-0.324411305895439,0.0361608041486988,0.0388274062284676,1.1745237101932968,-0.20538056778886693
0.122960128415835,0.658988003302415,-0.0326668388038004,-0.309013743859494,-0.33639981199197,-0.282548737593185,-0.39261064445739,0.586341867426878,0.611812958335864,-1.28775307124175,-0.933041309391764,-0.0184614365379946,-1.43112294251989,1.29419511547546,0.288576399551182,0.78223218514886,-0.810774206982085,-0.202100484989112,0.0878830009053603,0.355375742171018,0.599864740927069,-1.22968787174574,0.14605910953725,-0.0499435735874727,0.0051884419126401,0.0521485189820609,0.4769414730310571
-1.77222811306119,1.02969238712642,0.209906687418182,0.0065290236691436,-1.2682250707571,-0.208791061671339,-0.804318126209986,1.11532364500828,-1.70592224596854,-0.0189740208300573,-1.11781780266799,0.691458486068247,0.520065280280217,-2.22970902029847,1.29065196891465,0.470442882765399,-0.0648234377814778,-0.920760950910315,-0.250967268475932,0.291544793994491,0.101150654541492,-0.317849250545546,0.394848978625741,-0.530430733082707,-0.109534071818178,0.08343763037129744,-0.5811918101612055
2.05894949986496,-0.0621953796336366,-1.13023201702707,0.385659719152073,-0.0608600655657539,-1.1220883351299,0.205013042629154,-0.339083769173365,0.519763187371993,0.0641450151330424,-0.838014075778262,0.499226101587906,0.227410087901554,-0.0708402680577569,-0.353198864348226,-0.84517620512103,0.198046305748985,-0.191845822261593,-0.292250899398548,0.313177368207295,-0.104390841719541,-0.274402895193201,0.203629788101148,-0.0709460899122166,-0.0597401037373607,-0.18092059518842996,1.0208153995763471
-1.50176744941161,0.639130424444808,-0.544617547903264,1.22381962807623,0.983632975772565,-1.22023275931714,0.956533944303255,0.145844813083093,-0.554420718003229,0.11526236468811,-1.22287203236681,-0.0137525583746527,0.740580348423253,-1.05312252443346,0.331909129937843,-0.291477550260163,0.802159469042413,-0.0875029751158996,0.0488329285563012,0.622885783117328,-0.0194543693173028,0.31128112361304,-0.329984760332815,0.563341613414714,0.133170451361894,0.20609094701710468,0.40222344310506414
1.24433627266147,-0.203243107862266,0.532917676021424,0.444844421937707,-0.6443551437535,-0.146628895368969,-0.429409693894776,0.0322081846000243,-1.40729919643213,0.986608040081155,1.52701139430017,0.939346658769024,0.327765214167131,-1.53106180060836,-0.138553351923157,1.20124361241709,-1.38497216159284,-0.547699979057205,-0.193971026043061,0.0095685408736596,0.196021394011346,0.447148912905125,-0.28062291764666,0.0599721083871649,0.0161851562795852,-0.23946599916562364,-0.5308940485878727
-1.4359551532972,-0.0180982928160341,0.324189732033829,-0.190777810515355,-4.4439589212743,1.97714922451861,4.74551336081478,-0.827554019709467,-0.0249705218774629,-1.31569907626168,-0.750900407829944,-0.513106364831508,-0.356907909379098,0.703974691904651,-0.630070513378102,-0.129124079453387,-0.65267014137443,-0.613708537377484,-0.184418791857448,0.0690235517106256,0.482071418102589,-0.0697461758290588,0.308051914420311,0.382793334751529,-0.136384569990918,13.322486441385063,-0.5388617781081343
-0.580845466889059,0.994099766530096,-2.64165540764397,-2.11411872303341,3.18197693452766,2.7629405411973,0.845045391352819,0.975693722525124,-0.659490041165269,-0.596081871120896,-0.281549928679772,0.0308578098572399,1.20079108860038,-0.610975487754379,-0.330744204786433,-0.464623707847754,-0.25740574028935,-0.137097319854891,0.294219594418273,-0.0424935813475862,0.752628187398354,-0.23448704971728,0.102779950568881,0.179596752315409,0.179254525413352,0.229731608955639,0.4001198684972075
-2.5446841928221,0.35847564170588,0.910253996642957,-0.465508381251351,-0.260280464013126,-0.914264828565508,-0.0079445765515544,0.0097771521915015,0.252511921998678,0.0821539351493694,0.126807010652217,0.477848097602669,-0.0506810123128304,0.0216848943380275,0.0560120244001315,-0.904394343753401,-0.109590431050253,-1.13663861983058,-0.0933449614878414,0.809156074688814,0.476733165220902,-0.696149797237544,0.769095511340737,-0.776933765333755,-0.0019040756846847,-0.22945348352106798,-0.34295904786807413
1.20075318246169,-0.426215317865598,0.947295884059766,0.481184309883393,-1.20690731671676,-0.535201344874195,-0.566954626120862,-0.117409177834898,-0.825659495141071,0.716874416190299,-0.485349338728973,0.347117653457017,-0.179751728862821,-1.03951315382886,-0.401605030029623,1.31188708612438,-1.27706450409962,-0.367563071688898,-0.377806424296282,0.0811257887775479,0.340233178220812,0.215197076772851,-0.51875831996034,0.0693266181398601,0.0534775678577077,0.5581977471839799,-0.65838947272551
1.20208182069947,-1.95232281419852,-3.84522060650064,-1.47949634108026,0.658750270712748,-0.957500710048982,1.59503193884993,-0.676321615385845,0.734134107573549,-0.822592994024297,-0.0155854378752947,0.903064089869868,1.14806707760643,-0.989876770571868,-0.542005347220221,0.459770445623829,1.48642040832505,0.919954661847793,0.590923897363139,-0.89863409063335,-1.29906724174348,0.794971437333206,0.225243141895583,-0.184361804984749,-0.0215962287532741,7.303156723682379,0.4708422818496179
1.48046865566463,-0.553112469072655,-0.118187000036316,-1.04238751146673,-0.302619788628009,0.144012995947319,-0.684370259708077,0.0846516248577872,-0.545210108852614,0.610338155608208,-1.40613040366393,-1.56432340357707,0.0727856778602731,1.37088791534787,0.078878812371454,-1.49979341047304,0.828470434644701,-0.0156869279484906,-0.221187924024317,0.0306140281050658,-1.39467654151563,0.297863761769477,-0.394950275829371,0.0144258863526037,0.0001852644176286,-0.293700458906967,-0.1864954035719637
1.97686857449552,0.0368358430494476,-2.20634000320576,0.952230639515276,1.25899648642399,0.220273550210596,0.567845298990429,-0.158035500458028,-0.100155290764053,0.380248554197816,-0.109208724800777,0.964755696102752,0.539676129401223,-0.23672876179452,-0.81225050301327,0.141568880399458,0.448247074195013,-0.0888509554450371,0.0640162891463603,-0.156028703226098,-0.333663876265149,0.588468460773644,-0.484192446242639,-0.0297671612036645,-0.0659610583439246,0.4796273119176748,0.5417879796576109
-1.2378380454968,1.165226449263,2.19692220234206,0.596953174790638,0.293083850545971,0.489091086892005,1.34059667807744,-0.709283450955395,0.346208461154768,1.15842451083673,1.11479949598629,0.783864316575794,-1.04487855593221,-0.726033258266677,-0.581477023618435,0.0731533208462512,1.36304377952197,0.285802446614403,-0.399190582745117,-0.338103788236027,0.0066668462735949,0.283421407102725,-0.589388594644196,-1.22213439887722,-1.06479291592132,0.3892365456821026,-0.5777955360736604
-2.02218682563796,0.658166324294095,1.37630644375929,-1.85544995514128,-1.3365887814932,-0.394345058155328,0.0421654602398311,-0.774728624073975,1.43246620205785,1.47373669562791,-0.684380186555633,-0.0072248738864315,-1.29125492774646,-2.9969105743646,0.2933942514951,1.58324128160114,0.809466678859014,-0.60388898430476,-0.149814462088129,-0.151860843550571,0.403064026976257,-0.298897922740073,-0.781572408926393,-2.59488119786322,-0.994343398250691,0.04171881518564872,-0.40878095501112016
-2.38928233004754,-1.22273807259358,2.28810339370725,0.28616996705441,-0.070842859946697,2.63377296867966,-1.27723515401004,1.47165114064606,2.57213785387762,-1.8447407126898,0.704657754814465,-1.12153290729641,0.685334585584474,-1.01384954231813,1.51303457631326,0.0966282500491959,-0.0898574199513333,0.604925113017479,0.249302063408234,-0.0297243132233052,-1.63984614989029,0.516592026396021,0.125664361308907,0.248830902177259,-0.115751664965174,2.2664441663190096,0.2377685656617887
1.04996476990875,0.056619892646929,-0.0261953503468399,0.997369497035685,0.0899442478450416,-0.383384801067085,0.434694170738477,-0.268779125224117,-0.19152163270048,-0.110740505680178,-0.81906107318348,0.788090011066738,0.0537781598459648,0.346891962489353,-0.842289311294294,-0.213341470440436,-0.0253770191118475,0.240923845284708,-0.139802388163134,-0.180542180499899,-0.446458842067701,0.574197917889311,-0.529264644903052,0.0038463274645865,0.0433887592477675,1.5180086218884714,-0.40586650527509527
-0.587195502662866,0.59363002386689,0.823945175783393,0.452340527191218,1.25377070932333,0.673751568162432,0.360909246303175,0.237264199027984,-0.294712639534121,-0.171286283310702,-0.0997204954781748,0.543117537848909,0.0942571281005142,-0.321389262009901,-0.428690529576697,0.0757915765736208,0.522580941014438,-0.187474318154124,0.0130079291143388,-0.304093448548387,-1.13690403659508,-0.292145305573579,-0.408698849476484,0.111953903995188,0.133155753851588,-0.29203170629954106,-0.16252170413046862
-0.790326851227495,0.392350471555779,0.684055527579904,-2.37524124681664,-0.120046606947637,-0.453404485493133,0.172457366031992,0.119457596827563,-0.878937776860811,0.0074311968315312,-1.07653746307838,-0.41320043109803,-0.621262338993764,1.22840012939538,-0.126852182747757,-1.33339137933729,-0.042659100002908,0.138681158318676,0.223392114159376,-0.243642943899341,0.703192522948054,0.0106045934752386,-0.342546191592224,-0.0400395397934864,-0.110890479264041,0.04171881518564872,0.47689446577725025
1.15318909366897,-0.519180680393181,-0.0817139936245138,-0.435248849643755,-0.799677394730106,-1.06840901374601,-0.17702813149744,-0.168789666676715,-0.997402193150217,0.150799329495053,0.595341248899628,-0.711524922883293,-0.785298606362693,1.0056835701265,1.47964080127728,-1.99691375907138,0.148579040049815,0.224932901619615,-0.235847758612368,0.18297699668993,0.273739102725906,0.0331278546520139,-0.640265140950018,-0.0007982591334434,0.0566545467048977,1.237658183840912,-0.6416548903702702
1.23948060264986,0.327940810396328,0.670048858877832,0.688316756198055,-0.55749206927464,-1.15871104143225,0.129966583349198,-0.278369010397449,-0.115870466594013,-0.0927008558272083,0.232684113148735,0.963976042042386,0.07657510342069,0.164397786581238,-0.356474713143702,-0.761477767261896,-0.24807350714522,-0.0468499384522246,-0.225907091776166,0.166612329370669,0.731435910852472,0.205089152331336,0.0713430829401413,-0.0224928809497715,0.0241606312490643,-0.2921707690168266,-0.25183548636348946
-0.0167360401228981,0.810738944735208,0.355029310089414,-0.676065908875726,0.440162878835009,-0.857533498939415,0.916115351854028,-0.0736257898032115,-0.330993667562361,-0.246225940656005,0.879015707445893,0.932000089670094,0.28743401008896,0.069387888935094,-0.633282014640039,-0.2996954348626,0.169315109125263,-0.0152865792779525,-0.19921028254512,0.0727977822393492,0.0741640559815099,-0.525949544897579,0.114541701178317,0.243445371604533,0.0888514582812736,-0.243498817966903,0.8610259920734018
-0.557225161577292,-3.96928254417067,0.457325440095363,0.412830885876,-2.63792723114649,0.639153600140349,-0.170677997593422,0.0038475358855952,-0.0146840468608978,0.0030124491704418,0.841334832139325,1.08882879765532,-0.997410855128116,0.900519460082219,0.542691046625819,-0.857277741980865,0.942478773502153,2.04442497690952,0.727578138907012,-0.917764853353554,0.459605885701585,0.0978709578024993,-0.239946724227413,-0.102697979521497,0.183865555692456,13.001946878041995,-0.6865468177558149
0.170587714038385,0.466356243882543,0.110072125342743,-0.569649821571744,0.36794963418039,-0.486811400712314,1.05896495765905,-0.215185595801237,-0.253617998817376,-0.508733797403361,-1.25262886972955,0.10756750134311,0.0876451106823827,0.462063589349313,-0.847565831426143,-0.41406695292267,0.54302739367542,0.159925677064104,-0.332170742594469,0.481517786804843,-0.757658919782449,-1.20302990115399,0.004710124673357,0.0517170896802825,0.113172209763809,1.0054234459741342,0.944381604886404
2.04311234978041,0.232773909289555,-1.58821461842527,1.38830473004597,0.405376757741177,-1.16013621076135,0.612736652233253,-0.399658568796674,0.250819733158664,0.270982599369539,-1.02659777660066,0.154915762840149,0.595368208537749,-0.725526475465038,-0.108681990452991,-0.623162801363133,-0.219089472799823,-0.337662203963857,0.0416863881481255,0.0086857308986898,-0.0167594399127619,0.450096935542101,-0.487596582089937,-0.0152984841594563,-0.0640272081176638,-0.29203170629954106,0.6808589400451858
-0.995158989767918,1.15667989558503,-1.05102289205116,-1.11394229616562,0.919804630181517,-1.52105565247127,1.33610597346968,-0.238222278033283,-0.243486811831737,0.162860240099183,0.731457148354261,0.161571121794311,1.07657138133298,-0.501022937355809,-0.479985844833484,0.0940582201308633,0.0964819734477446,-0.351327772058903,0.315317226344838,-0.0110379899088269,0.0411148380607056,-0.393639975611275,0.0045808101626016,-0.422692327744517,0.0005463790952459,-0.29523014879710746,0.9865236079242478
1.9556437279904,-0.72444629164649,-1.70645525177517,-0.611185393624131,1.71095600922177,3.91419718261929,-1.2487561637315,1.05414561603625,1.31406999300975,-0.150529525254212,-0.222844984382259,0.496836790109293,0.0010556736346357,0.0014117306258346,-0.583474659059913,0.0757922229947127,-0.359327944193751,-0.137391635780993,0.193574886255313,0.155995168490031,0.726772636774944,-0.0612006790215185,-0.192660681288612,0.0603562658430326,-0.0423320764155823,-0.12599082186065916,0.515593187473742
0.0782403462300936,0.951033826315827,0.025787419516345,0.421002952178031,0.828482625632328,-0.0917301153832629,1.27245660993913,-0.327732204543323,0.0496836100152032,-0.70752071642987,-0.648274210373181,-0.0414310010667113,-1.58725675222029,0.369597549113128,0.129220952071534,0.364240345115917,-0.8457665550043,-0.067563745934877,-0.0481909467934782,-0.0343955994449204,0.474683845917543,-0.211399870035594,-0.836050782557647,-0.180478389672503,-0.193524820148051,0.7719371436517869,0.9441348168039181
-0.492976624161987,0.755355718277851,1.11459991400527,-0.799319282584967,0.25094029937052,0.144195130745288,0.341858135168984,-0.11033807089331,0.191372550730581,0.498134396878552,0.261792931115973,-0.376647378371935,0.0524027913958485,0.481505811735901,-0.870716129884085,0.773318239965047,1.54746778980938,0.215182661644994,-0.089349402479045,-0.165091675510912,-0.811712217487751,-0.740704761582267,0.906520274394392,-0.246792390871674,-0.0374217358799208,-0.2653316645807258,-0.20082086416960218
-5.34164768943309,3.2803737814773,0.723894522328364,-1.46120365126842,-0.326334224378361,-0.449143500646575,1.83621593453998,-1.34646729938098,5.78899321444061,7.40350667043198,-0.0321293869866889,-0.200875247816213,-3.78196608769199,-1.36596543532386,-1.0040875744011,-1.13538802446772,-0.724033027052353,2.73664814945119,-1.30433740937747,-0.568700595760703,0.38692048546689,0.824424678615928,0.145638098836103,0.230605732255685,-0.876728663224816,0.30371297455152274,-0.5908635526319655
1.41458851937583,-0.989344951277669,0.706851379070586,-1.24271475615828,-1.73564715896427,-1.14839589591735,-0.842416918608693,-0.288545798272521,-1.97984347172439,1.37494225962646,0.0231295243060138,-0.290835253263129,-0.440883395722125,-0.396494117687938,0.546482338388067,-0.435219607800869,-0.294437429956862,-0.210156527926298,-0.401261746367417,0.211258751480921,0.678918276158092,0.0884997302095103,-0.507393945572439,0.0339988285220678,0.0398819680867448,0.40328188012793764,-0.6709639131188432
-0.714544402180964,1.09772776300746,0.419657746845989,-1.08082872676417,1.83846705009518,1.18020761998582,1.93294424968002,-0.85787978435242,2.69142091913985,1.28997075489805,1.00127321575365,-2.66179733030457,0.313487428511489,-1.69301355588629,0.693738336107108,-2.03679009952492,-1.37009051134066,0.648431165902939,-0.642356604805385,0.0334622980751416,-0.406786219595238,-0.973738724864914,0.0622413582280818,0.0603819617930527,-0.615125687504135,0.4793491864831038,0.1912666398333593
-0.316902246212959,0.768167144505106,-1.12206291116594,-1.72978420648666,2.09487626227723,-0.929392432179366,1.87492658747764,-0.711917819020758,0.124658135728735,0.482008600590667,0.393509003585523,0.124946226050268,0.368661969771255,-0.258002452759542,-1.30510872355502,0.202005082484947,-0.198198920060146,0.0545101102988552,0.139140233551468,-0.324117572842416,0.239740821611782,-0.546670870759588,-0.136714120673675,0.0996003052377053,-0.0873026615558662,-0.03490474203865945,0.6510798447585443
-0.933413262079139,1.62925842641626,-0.275282798773098,2.66390635268053,1.00602586807043,2.1187244430431,0.564517710395088,0.694166380000258,-1.08009313548792,0.907888369954207,-1.28762629460126,-0.20986208759758,0.126778372337125,-0.317318046713159,0.310461094195019,-1.74093516936915,-2.66709498823263,-0.660568407986939,0.36336268246805,0.110839810973463,-0.35865941480937,-0.829800441428724,-0.0490982336799008,-0.566086881917115,0.0082821539023884,0.7357808371575579,0.6442167857027438
0.905743180593984,-0.159376848101106,1.37877203711941,2.74776649666461,-0.802696860342633,0.620016429651125,-0.587385587370807,0.340161653622859,0.261386683079264,0.439199376921119,-0.916862617854265,-0.323918289435574,-0.148184178810293,0.390761169747311,-0.0709583273552364,-0.49787084134777,-1.22284228397462,-0.0802872656604188,-0.0160497683826313,0.0076871810118871,0.0377011333787272,0.154120119874224,-0.0194158869215123,0.0351450397736235,0.045751358335585,0.963009317202058,-0.2825194712859128
1.2731424759645,0.446376507642809,0.44788002071707,1.21583085397588,-0.0439129361872565,-0.486728218950638,-0.0239511734525179,-0.27267727552564,1.33361260199407,-0.389161009628429,0.202359572887877,-2.03986690509108,1.49446673612333,0.220021510237701,0.0237058358253993,0.410419772133102,-0.509874908955914,-0.113943825366522,-0.00949955324917,-0.218754293527802,-0.132958674937311,0.793830499905329,-0.21847272729214,0.0045614452174048,0.0125333384264338,-0.26727854262272277,-0.8855520267471274
2.08030850692936,-1.75039079407969,-1.17249135246447,-1.80787942391354,-0.811784818816465,0.490336724287563,-1.18570877796122,-0.0075263500223869,-1.47626931005695,1.61416690227161,0.1635158402431,0.380196604981477,-0.670729140409221,-0.0718218990457437,-0.175331356427124,0.585004258136793,0.296734131854976,-0.0515023691462851,-0.064957494734378,0.063614027396321,-0.184384669016959,-0.184891118197874,-0.186759513696522,0.0078998304267735,-0.034207599383953,1.4879710749548043,0.04837634007397767
1.35902691890482,-1.50047682385218,1.0463329918856,-0.97469218070709,-1.83238997109984,0.47286928894377,-1.51551967017614,0.213731371669852,-0.901904228124043,1.17194388545007,0.0520353255610568,0.565901601210773,-1.26238076737883,-1.17828171554498,1.09451547729211,-0.221483068622061,1.12180122001539,-0.282354155122771,-0.573023967149912,0.0431792130085291,0.0083660466648801,0.356278207742634,-0.342282162814284,0.0763608766846636,0.017967373274218,0.2426644416631901,-0.10925073375385239
1.22341923930777,0.242507108773486,0.643888377433856,0.702849075796538,-0.639166343584392,-1.17550236230288,0.0844907525653288,-0.23347590222919,0.0083712143972776,-0.0721442868510527,0.091805941316497,0.524602529364068,0.242921857716831,0.204234597010926,-0.308992812038644,-0.658405093654832,-0.245046682083602,-0.0835292259091304,-0.23056538533441,0.169484701033541,0.709210425402331,0.174177859962231,0.0732603976296889,-0.0294091914311612,0.0237779576473427,-0.18092059518842996,-0.0971228622716843
1.23205020930434,0.179213950932501,-0.121730349915632,0.948947823880407,0.618687857369968,0.923875342139687,-0.0401813778042227,0.192082767318812,0.0531474734464392,0.0357008427181397,0.0278940892830534,1.02414008834377,0.0843265008020833,-0.154116792848165,-0.508470166074756,-0.100055526151665,0.433145181579147,-0.120121933742804,-0.138382808703723,-0.242345778777892,-1.32118213202106,0.833083686349997,-0.246138937328867,0.0388899530859748,-0.0083163040439276,-0.29203170629954106,-0.05000984214376581
1.26114127590347,0.783458393015814,-0.520159006328205,0.874405687621346,0.493832809350254,-0.874868844543194,0.276996982540501,-0.288395152875521,0.726615243737112,-0.943724807671043,2.72049146467584,-1.52852161623363,0.112089988808121,0.765769745991611,1.3411655301686,1.01684564494393,-0.163251787752856,-0.0266731876585272,-0.262589362019403,-0.136783667007422,-0.141820397674887,0.595673226981465,0.329774067314559,-0.055017198205544,0.0251437223207718,-0.29536921151439294,-0.70674818507931
-0.41056587498027,1.13422210004537,0.863797152884656,1.11999333146474,0.74378600438597,-0.243952797423088,0.52905273983022,0.151084482970571,-0.982397913341536,-0.591686725500819,1.79013619002292,0.14161880564674,-0.758162026073593,-0.0666061104730636,1.09435592220255,0.869511607740795,0.476705015495695,0.0659984986211171,0.149336119703525,-0.194038691936822,-0.0933824555928688,-0.241679358855378,-0.242914964801246,0.184925957006374,0.166976808999055,-0.29203170629954106,-0.5826372832157662
2.38925941516741,-1.19909996785875,-1.70237624994136,-1.74496114685188,-0.737687326711971,-0.970132496356109,-0.733486639437603,-0.254582147735809,-1.43478835731367,1.72717739821882,-1.37928986097749,-2.03953762871273,0.369850918261071,-0.4446840171087,0.438266259260537,-0.0526801602547896,0.0500680364878347,-0.552301083361194,-0.365890444465553,0.326152768776597,0.372091767010297,-0.18116123268069,-0.322457103779343,-0.0389492192979997,-0.059126431391432,-0.23084411069392294,0.9474723318242046
-0.571711773782321,-0.816032925984274,2.66773303482152,-1.98272403307916,-1.82450015494738,-0.668307509782411,-0.704484904420131,0.0869553461852724,-1.61493543524636,0.543023335807396,-0.719648736363031,-0.982849208270379,-0.981340619823377,-0.48890227678449,0.720168604638459,0.0470512552236328,-0.758997545862993,-0.256979532576445,-0.0898362280246637,0.0767809461973041,0.878088466755745,-0.186585716986787,-0.370426995560925,0.125307297191664,0.127888812488029,0.4450006953135864,-0.5408595863949256
0.105594051612785,0.703077089454517,-0.328690847034737,-0.682187079645388,-0.0861378796993685,-0.313565198905864,-0.183136736480975,0.628059185903104,0.386986591404143,-1.29363774431946,0.900224828758362,0.763906945607677,-0.893366097248943,1.02207620774566,0.188579028076001,0.964624918268661,-0.19199331175244,-0.24644719675246,-0.0603887340285353,0.406177975164764,0.612798137079515,-1.20682641480751,-0.507086803089229,-0.0384005111085055,-0.005160054617516,-0.028507857043526635,0.8608379630581744
-0.231527770148432,1.10727787477867,-0.158876162471121,-0.839939154792844,0.715737422381243,-0.699406724422137,0.989216435767471,-0.191154056971706,0.247872438388293,0.0040184018952552,-1.55140782188765,-0.0464772337972866,-0.0595321599497194,0.0865122969305418,-0.703253929290784,-0.54005815954239,0.170814845248789,0.107072642128417,-0.319995577815162,-0.0106285511736545,-0.724658279941219,-0.346736445158865,0.175960619264539,0.214385582030762,0.149328715112727,-0.26880823251286323,0.3524780167639619
0.981610053909068,-1.27493595662791,0.974259188113794,-0.337130665337582,-1.48144249614914,0.136147419468258,-1.08416307350994,0.0294528688116986,0.88120558359106,0.210688595655387,1.84802511879459,-2.2152397503107,0.876139340317482,1.45609667999198,0.661550631271452,-0.15129264835709,0.607868096912411,0.45150275669023,0.303478406230796,-0.311960842402183,0.0253570671549095,0.39003006631091,-0.103417021541979,-0.0141365762848808,0.0388185206583656,2.419691280767626,-0.7907618994456082
1.2823693335151,1.24321497054542,-1.80788942624861,1.53648697754721,1.02354285590804,-1.56126720347168,0.72354344289462,-0.319509648010445,-0.318321639069838,-1.53123895527499,0.269431263664961,-0.976609554520959,-3.28432748780301,1.21018255501063,2.56192825954072,1.57218312777865,-0.645793942006719,-0.0603425089717396,-0.250375487517417,-0.262563798640156,-0.456666598752169,0.903005653196403,-0.261212210432918,0.0352381634735096,0.0905711835892139,-0.29203170629954106,-0.5543389164240407
2.18792296644007,-1.6419099996574,-0.74801198539373,-1.63958450881671,-1.41768346360977,-0.130572291883648,-1.47596262923718,0.116782803596882,-1.10345445333048,1.7371323668425,0.499276012559835,-0.814365006443837,-0.0782229763586033,-0.217990585481451,0.313693626784323,0.613253783630277,0.0008220782454675,-0.444031827382932,-0.0918011809228823,0.28929915298288,0.647243082691231,-0.368412073114836,-0.224294424620808,0.007764093096928,-0.0466569577291982,0.23640661938534274,0.5147235532783152
1.11534818942834,-0.562788113252683,0.0928703819803681,0.371922829185052,1.18428259727193,4.4171427316901,-1.50897196073129,1.22281831904486,1.07560503846418,-0.141159488372023,-0.734665832322365,0.282413821951345,-0.516662605900414,0.581378957716709,-0.809485804094536,0.788629478132834,-0.0757713796409048,0.0576657366547374,0.1397412397164,-0.172720139153688,1.03849048486701,0.613273561375443,-0.162050266419081,0.0939723706512942,0.0415046222416123,0.24892226394103736,-0.9736201167542666
1.18036351742876,-0.519621300377161,0.827209529259382,-0.829929302266022,-1.04735263884179,-0.188887903346725,-0.700837719838202,0.16062219283832,1.72860490263349,-0.973734400194166,0.832705544187816,1.42375965692215,-0.105553861911922,-0.327565324040274,-0.368636726205786,0.68613246547813,1.10203459639842,-0.070836173724892,-0.0108485355293314,-0.112280071371657,0.0289349388650949,0.536244710283323,-0.680351404908517,0.0909820709999205,0.0245526396467894,-0.02252816020025032,-0.2347601014181501
2.07464209771143,-0.216952221513929,-2.10169792268645,0.266910569433426,0.563383263615862,-0.812524786149199,0.49868982953901,-0.370984730013543,0.557292687338546,0.111999618218881,-1.93934647175621,-0.383189426410428,0.505795319547765,-0.226273717489826,-0.405357880409756,-0.410229298885106,0.580637066193317,-0.160360476458145,-0.0846707624662379,-0.0820227134122156,-0.959737967835371,0.276177561421814,0.620828982832432,-0.111344825616849,-0.0810274000776361,0.3892365456821026,0.6856771835603882
-0.534560367881384,0.585929174351635,0.015134041350229,-0.746370807985466,1.53960688360133,-0.355671456441707,0.734629626655329,0.135334667311449,-0.474824486236797,-0.982000254010383,0.491644045544973,-0.2199461335976,-0.506915310122848,0.542539136346679,0.167720189359604,0.515358368945787,0.324563154488409,-0.0127965551794583,-0.22160399684391,-0.0143661309371956,0.0966510101902864,-0.397489532855348,0.147245682413317,0.0608397661187581,0.167026380657253,-0.16701432345988038,0.6278347577510555
-0.392645263963736,0.590394310817673,0.530426662650921,-0.574911114254397,0.733830497341633,-1.05941351257509,1.23038811792764,-0.294847272740882,-0.385531781758227,-0.779581932489627,-1.01396678034843,0.410988510605975,0.0328992912727558,-0.297561133509047,-0.353968966576897,-0.774219420611597,0.0733138880885238,0.0318325171633286,-0.101651650719821,0.0528179479109492,0.0053182978962786,-0.441423800592259,0.196369977918939,0.080802051795803,0.172944247265591,0.3288833263801974,0.9050012780097129
1.08857524489945,-0.652158902942957,1.68725546386533,0.616208307874463,-1.34876535314883,0.747874469935018,-1.15325155713765,0.356010909776874,1.74938627109271,-0.647663277304436,-0.937700029531107,1.36931450277028,-1.34709471593295,-0.773859356023356,0.702857445569036,-1.0992853847275,0.232366529639646,-0.0471191134442872,-0.0729027818239495,-0.0263288866802969,0.232390949059536,0.222529635146194,1.15461947541356,0.0273030709574763,0.0183758872901112,-0.04060631344736478,-0.164801555940101
-0.614952827448541,1.6040844739553,-0.482307394447656,0.552237099236931,1.44782605497426,0.290030502992387,0.956166501253139,-0.815285121483489,-0.709388673629509,0.53908870188092,0.285511536170707,0.732868753350123,0.503898452493864,-0.896995588165955,-0.219108563353472,0.247959726285419,1.18211104709114,0.0858536984017097,0.862599994465959,-0.224913176125923,0.233789089084298,0.161145856168131,-0.388658653773852,0.575975027908581,0.315373754062142,-0.278264497288277,0.8879611485047286
-0.588609107758804,1.02336227531118,2.44910426079599,0.98555289123222,-0.510378873972694,-0.696476870320638,0.341654383580103,0.0076830524087227,-0.47141823774202,-0.208330923652048,0.251502465268692,0.673941821982149,-0.19743048148772,-0.0670375219468768,-0.19824438338252,-0.0299055552432993,0.0939631858120058,0.284293111573548,-0.0075259331818689,-0.0867524103709401,0.926873900513394,0.258529483664933,-0.394798885046099,0.284804762359016,0.0748055323717311,-0.09803921568627451,-0.07313741101673751
0.0765792883646899,0.828566964296492,-0.103252145953191,-0.946421938593742,0.99871776124061,-0.201519313966125,0.926118799209741,-0.0236097654458482,-0.30897230636379,-0.255813156233913,-0.0563142344315497,0.749867092523648,0.15001911435366,0.377744312396368,-1.05812584174828,0.0194580610607695,0.586421932309581,0.0362869827977484,-0.270433563489911,-0.0747393239849246,-1.0305574386363,-0.366786455096094,0.182396583579025,0.24527318642552,0.0778733920782643,-0.25601446252259763,0.5560546811879908
2.26884895762295,-0.582749027624062,-1.41578425208329,-1.05042591251859,-0.179253583016863,-0.78539238124368,-0.327966761649921,-0.301558056393292,-0.565255747746092,0.788536006866857,-0.785658151840365,-0.30312739193428,-0.148352212328481,0.969222134754752,0.0777949050503613,-1.77578666988707,0.876978327624783,0.0057477271510357,-0.0862399410409587,0.299841865664868,0.468825702108781,-0.127458270298011,-0.444279975057301,-0.0331415813977457,-0.0534750657874689,-0.30454735085523565,0.3867345529757061
-0.545169976256977,1.06891090709614,1.28338794636164,1.19106215072186,-0.0820698967523973,-0.284116729054768,0.704717240170329,-0.390812764173916,-0.0058777094515349,0.709066138751996,0.0423307857644786,-0.429621651448378,0.063834948829188,-0.768277097785824,0.16116649502899,-0.335055903920675,0.104931663249684,-0.13702813780594,0.217495136816475,-0.03568487368716,0.397848884160577,-0.300424174711621,-0.291389336566185,-0.739851395786708,-0.191457240058786,0.010985954665554151,-0.984631565958522
-0.437276613044003,0.0362476597663091,-0.444614839179779,-2.05399687031899,0.806057082975951,-1.89534880993666,0.866062892225468,-0.657205956460339,1.50058241456421,-0.509971278877978,-0.692126093575123,-0.0100827195323809,0.225609891824552,-1.35696437233649,0.013397419759771,-0.469932146310889,1.21285863731705,-0.241431450183108,-0.140274586840413,-0.199456558888722,0.0150364978387039,-0.581412564154886,-0.404504145146381,-0.121687696714783,-0.0365271166065735,-0.11917674871366984,0.3211476821016943
1.31536214278861,-0.207586130016922,-1.11848581509754,-0.745057898491164,1.9345056631236,3.36586016224732,-0.603664864769309,0.83007871231202,0.298760377921936,-0.172062415110867,-0.261106419109003,0.211264366525529,0.197642535425536,0.225312313473955,-0.574352064135897,-0.241540421234499,0.605146157175271,0.0171423155872223,-0.301681016417269,0.0289910598587872,1.0347567200401,0.484800469971456,0.460970718404874,-0.0409777024313889,0.0036082656524185,-0.2503128911138923,-0.4687857144955681
-0.0907602053912473,0.430190616515787,0.58788854016677,-1.46890412339284,0.315714019072795,-0.765141626970655,0.737765022021337,-0.348267383173156,-1.87766062265832,0.190187439016,-0.935614838633687,-0.572179532323967,-0.27840329870586,0.81028091699189,0.0530442223814169,-1.29637368499716,1.10552508638263,0.26452778137825,0.238174922926821,-0.381978796830588,-0.387806203207712,0.492029699462722,-0.0780392974483345,0.0237186772660869,0.036964678933199,0.04171881518564872,-0.977169164416684
1.36920487422269,0.458760778995677,-2.27676922155589,4.19479617174445,1.57808270000418,0.678717587611938,0.721427904843708,0.109397075929855,-1.3283049800094,0.0435204237925405,0.416524089699074,-0.214279331763413,-2.45386326307159,0.601298980285972,2.41350911629341,-0.982782207709503,-2.97942641635698,0.146474669861263,-0.0812889132927556,0.0828657457531245,-1.30994190475221,-0.327389661467877,-0.100765779486432,-0.0005386273645951,0.0389548613997769,2.772910582672785,0.6766165353891173
1.11914394557072,-0.441895518671307,-0.537449850274922,-0.0591705654992294,0.0210135313421151,-0.108440969287019,0.150191590788726,-0.0385866073852574,0.195976483034163,-0.0402104059876472,-0.004456830196615,0.0985418176781367,0.501861974408658,0.299783205863846,-0.562372448455855,0.258345351641848,0.997673718081112,0.122403545056264,-0.0552954788758395,-0.33102357307161,-0.766120976106001,0.598670612806148,1.13656417953436,-0.126791442531119,-0.0114758589210076,1.325128633013489,-0.5156519465410007
-0.661593711822078,0.652793423475606,0.7673908873748,-0.606041778157361,1.40739059966363,-1.2556945740505,1.96355758509504,-2.56736973479898,1.16884489287547,0.677118757460659,0.406201562086944,-0.896522251183681,-2.16037242723745,-0.43528020829686,-0.0744183346191714,0.26507889395609,-0.810455329336394,-0.129294645207376,0.73764004562111,-0.314302195307962,0.302195877665518,0.281824623896969,-0.339694125950599,-1.70572620737748,-1.09107489559943,-0.18634404116256428,0.8612257729020809
-0.0710037261845793,2.11493086734407,-3.59785824489897,0.159330036837819,3.54399541495123,2.36697635864315,0.72739787719224,0.33581443736576,0.772950206005132,0.83485917793382,1.22942916044543,-0.986304485491991,-4.14315409474586,0.896138453267333,2.07612465795544,1.83192630854935,-0.18122076530863,0.99732319703015,-0.455451990002366,0.0462816332843249,0.63514015666234,-0.0934663770280861,-0.418992932046115,0.463129146946106,-0.139101654249184,-0.2742316784869976,-0.9921527265676184
1.43328257081142,-0.305041957065605,0.0541835528337138,-0.667792766264002,-0.777807771388481,-1.34524050276078,-0.136284465329388,-0.32533189700585,-1.04152575303551,0.650084322914316,-0.206553522943067,-0.712124675486593,0.154048775946756,0.91569070651426,0.399902540572834,-1.87026048255214,0.797439149909597,0.0385721778416475,-0.185081344024947,0.111395914346379,0.34917514038399,0.375292628965248,-0.49739904844932,-0.0210214835945813,0.0119247267481824,-0.1398970935892087,-0.1514279922320513
-0.660726377008124,1.00986159720747,1.32148988520411,-0.353068196636888,0.497761145627133,-0.620349853305546,0.800601423715986,-0.0673578371943825,-0.506985217620164,-0.837096776363396,-0.0009553502975374,0.338007762861798,-0.533365945672745,0.253824139978338,0.0097006994200669,-0.70770876774654,-0.982847025344876,-0.130692268835069,-0.129039543877517,0.120845267262842,0.0364806504611906,-0.533922439651604,-0.0755286301651538,-0.0116726457599594,0.137862270863924,-0.2921707690168266,-0.45742171088776135
2.22889618685042,-0.405315847305918,-2.02214637675238,-0.910820994549607,0.324426663858604,-0.978736507912179,0.0364945316462248,-0.466805843683373,0.0024871051117382,0.708423749539186,2.15308442607885,-2.36851342049348,1.95929928340209,0.548400768324733,0.870227992046448,-1.02946755430022,0.666714852299185,-0.0462493057095387,0.254711865911796,-0.0279926941683094,0.713089007912466,0.402221392396134,-0.0100462247075505,-0.110465646338477,-0.089843804074012,-0.08413294395772493,0.19011496211509138
1.44625715338957,-0.608648712628513,-1.64206071526691,-1.83096830145343,1.81245728315408,2.90549571974274,-0.608640937139549,0.625505559752501,-1.27191022810644,0.695688743531029,0.0782732046278748,-0.687800595853358,0.248130139606707,1.17557349046826,-0.103690738985487,-1.46092621709146,1.15870792631887,0.237735521102638,-0.182871185912438,0.0146524442645413,0.987474111614139,0.602535032396761,-0.438407121921123,-0.0247057960242655,0.0080774080770025,0.2077596996245306,-0.5262168268340909
1.98360752719271,0.0395328040699091,-2.22856297520921,0.139876725811438,1.42756786583491,0.424070954166251,0.525929032824777,-0.0689221213643205,0.201573330033393,-0.181616150229252,-0.0805537962771666,1.09711603389049,0.524365967979616,-1.82678021412619,0.67473298673368,-2.0781138080909,-0.950841044447631,-0.27800327062773,0.219299470230098,0.0274026359751252,-0.269539270270855,0.39381529480102,-0.0043133926989015,0.0022922784552475,-0.0774787818168439,-0.25657071339173965,0.3922461534845596
-0.639130634980722,1.18322676372741,0.768978936729953,0.691337443556096,0.163616744118184,0.215230312081193,0.381292912549043,0.539957809370521,-1.12155678427681,-0.349392683988696,0.994478283457965,0.822751550534158,0.81808969079748,-0.211289181151983,-0.127722300969061,0.281412128729545,0.473663020222104,-0.0534008638948446,0.27561634559924,-0.0781997586433552,-0.287759173557498,-0.273793383531377,-0.301764968245757,0.0534846662060203,0.0875101524575407,0.16687526074259487,-0.5409065936487324
2.03189505411764,0.164103043418145,-1.71350302835602,0.549607405041975,0.12518959362854,-1.5302062174823,0.281947001267929,-0.39210180975179,0.610814840741021,-0.473528470015734,-0.365670714406605,-0.0092615805124876,-0.696587658808309,0.20830428020019,0.408442018405897,0.51696184034288,-0.439023004936417,-0.190021463797814,0.202247054847429,-0.028848316282629,-0.0206930455537595,0.242534114091923,-0.104890480243263,-0.0056982219296785,-0.0291109357621671,-0.08037825059101655,0.6707406286632606
-5.13388834420014,4.75333994154463,-2.345750088374,-2.34516586985277,0.148637061637496,-0.490428395384271,1.11798524272493,-0.192308669806254,4.60329360747231,7.56781899104528,0.570053107485933,0.618936363353928,-1.91114845500991,-0.256734981323219,-1.48942435904234,-0.368621866279482,-0.105821763096767,3.2249667456826,-1.10920397313548,0.138084488748524,-1.19679943421098,0.828524364410732,0.237593234059734,2.36780335827094,1.26097122502611,-0.18147684605757194,0.8417765216394955
0.497310094080784,-1.70474979431703,0.065406705901868,0.29436436361424,-0.76450499524189,0.960925458530332,-0.468857513123428,0.180559412656062,2.24623349841122,-0.608312957954955,0.260534210065972,-2.91561361002701,1.59240559342455,1.16649122975813,-0.296667162610294,1.49924109880005,0.557184051049043,0.71138813453134,0.0936033408707184,-0.590901385827024,-1.37800785155984,0.182761692060386,1.12019104792155,-0.157844830118026,0.050516414634967,5.607704074537615,-0.7198749607048738
0.137243221057951,0.806305013204714,-0.723741852949361,-0.260302362048093,0.953501155420709,-0.789441214976222,1.30625754702872,-0.331134118566536,-0.0492034298799459,-0.220392466778531,-2.06455643343035,-1.02341624715349,0.598749925559626,-0.517715012683059,-0.262475218914578,-0.157796960702312,0.738768424677894,-0.254735711764163,0.0925961261523047,-0.130946543456193,-0.69690028530851,-0.862007930515972,0.287551371322457,0.0702112055766824,0.224855910236183,0.04102350159922123,0.8844356044692147
2.01876587153026,0.150791048797322,-1.59968183668582,0.49790149610353,0.0839280519362115,-1.33117615100912,0.179708269100277,-0.329348908216396,0.922296601136625,-0.91373696607693,-0.323225966169089,0.632868079081906,-1.71972570533801,-0.009932477087368,1.15996624536038,-0.0090702408352274,0.0940584882769582,-0.140302732060351,-0.245952459913752,0.17727036979203,-0.0636647938944244,-0.043555859412826,-0.0933812147238383,-0.0006883440725154,-0.0164572156259118,-0.16409400639688498,0.9702590981070767
1.8754798480796,-1.11492033586744,-0.56086992175554,-0.358165739641264,-0.927001450574197,-0.0761343124167901,-0.741797332163976,0.0124964523175162,-0.160888674294262,0.749688463116461,0.464592479846449,1.08628764815662,-0.0361051697588078,-1.10090425313567,-0.635624228861734,1.56271591755402,-0.467557850579587,-0.37314510438496,-0.48824161913988,0.322040412521965,-0.541861277231933,-0.561690008950998,-0.663973150184345,0.0388578400175382,-0.0223000860988794,1.2482269503546097,0.42112035913541906
1.14216032386835,-0.0182810852180583,0.240964683084674,1.22228897014133,-0.132475218644313,0.278956359059224,-0.195308280992078,0.282078171437243,0.397964760719016,0.111148502013997,0.480588245991486,-0.0995291417467884,0.695346874473664,-0.324163474415845,0.0233886832231401,-0.096525615095936,0.0607877425665101,-0.312978387047454,-0.0974916293311461,-0.0882468899781475,-0.349663269646094,0.599787159173438,-0.302344030451051,0.0206483533152052,-0.002246321766809,-0.18078153247114445,-0.4310623933155685
1.30155133915059,-0.321483664759334,0.288588207859246,-0.128758442889663,-0.871271152673228,-1.09040675413388,-0.0965212198649038,-0.281047823656686,-1.14283909220134,0.712971352590409,-0.396984056662239,0.0091991529718188,0.269386953556984,-1.27914018512275,-0.0705149383723757,0.458992583798391,-0.674478749546212,-0.423021722770567,-0.839527343442303,0.311476530958634,0.315786889721127,-0.0537733634824837,-0.026515178064543,-0.0335908996177055,0.0289598640691129,0.34209428452231955,-0.5920622376040403
-0.8582163026743,0.545294302094936,0.456622012721584,-0.574633609440999,1.62433830650695,-0.565363589179676,0.763488096287199,-0.120605616248654,1.41002504003493,-1.55302001236611,2.08919652401623,-2.21143929408528,-0.2091070334152,0.0434585026913825,1.5671119406257,0.973292659826159,-0.0068160550663841,0.28310934783558,-0.33785180804014,-0.0987608841720461,0.49881207910966,0.0768494561780564,-0.18708175549462,0.126648747770022,-0.0009083681142541,0.13906271728549574,0.2447608946655581
2.05605792310657,0.0581543147817854,-2.03430943711744,0.763963138636509,0.0446705422559782,-2.31669330974491,0.873405445832246,-0.571200799673693,0.175808286212058,0.337837988073343,-0.400911243034824,-0.954512331903057,1.42740565207138,-1.00271195417124,0.424897474849329,-0.744596208264843,-0.388305253939794,-0.447801702140498,0.305190520484738,-0.0409498607057513,0.903219789830001,0.458565728634086,0.679253819936681,-0.137716267323687,-0.0889592076934193,-0.16687526074259487,0.5816501308858223
0.176898509423482,0.875401246283585,-0.960805460344218,-0.968757094958877,1.60088274756734,0.314596405174958,0.778814749088566,0.186772013736824,-0.114112347903496,-0.652016838530163,-0.255372473794255,-0.21051423792814,-0.759942638093994,0.8918775799672,-0.276444766380188,0.711550480537735,0.498146494256558,0.0302174594799391,-0.378068280491278,-0.0619710947401299,-0.880964329250629,-0.309084925047448,0.185167767386366,0.214581309689119,0.0589620168637305,-0.243498817966903,0.3987566581368087
-0.811743126070921,1.31453223656541,-0.428602428645157,-0.873871351593349,0.206815875841574,-0.920446476491586,0.90180268220302,-0.486229024277085,1.05487921355463,1.51122832822038,0.863806312476048,0.342480488041209,-0.11367314359961,-0.023343353469966,-0.814145992791119,-0.305353134146815,-0.0328993851549303,0.0788264621254882,-0.178777378662022,0.264307213501216,0.0244608282059335,-0.934195644508374,-0.0792438039028413,-0.708473935367462,-0.0162125830251757,-0.18092059518842996,0.578629914828732
-0.794519281739339,1.18126086405173,2.06423194404629,-0.440310617299772,0.0892294170675046,-0.116941909771038,0.466655273403393,-0.996547375121881,0.234632840423578,-0.537996718930165,-0.596830144758181,0.596978568151543,-0.457074791678333,-0.26447158948414,-0.500403654987615,0.142691800080235,0.742818711000082,0.150420997879421,0.555758856809706,-0.241988969186009,-0.13550461638374,0.430600059773264,-0.662450610719444,0.235156897036173,-0.069612351034133,-0.29203170629954106,0.9508921095386532
1.42451083345287,-1.40002635769299,-0.689644064303396,0.683499942242825,-1.18472100042221,-0.642451615564205,-0.283247620551343,-0.0458891992257316,1.53249659313609,-0.180748220606998,-1.10588262177316,-0.672353405255388,0.461796095978493,0.355254810571804,-0.490803233391562,0.504308605905112,-0.530975048063058,0.233735541974392,0.372413373849534,-0.0819021318081067,-0.0399061919211239,-0.331387760842257,-0.265091187080586,-0.0306263177991975,0.0092418656211838,3.8165762759004305,0.8341260910824302
-5.24107158306969,-6.44096781967943,2.44704356684789,-2.16589144534691,5.09121426907935,-0.854555706927682,-4.2122173420647,1.42613260542005,4.5797219133443,-2.78491336684271,0.926779582042485,-0.131033772552869,0.403703382496521,-1.51855745216903,1.02063871556303,0.167429591725642,-0.566843144619364,1.60835852660335,0.547795553136029,0.797206607412264,-0.967150064631262,1.17144212684703,-0.658271460449367,0.162028174512509,0.221448201047515,1.5214851898206088,0.09158775813592734
-1.32028971061182,-0.0967140071443226,2.75444126359053,-2.10382883379794,-1.08911993985864,1.17039076965806,-0.951504207644949,0.442544482316705,0.951322010621573,-0.0946106074903396,-2.0514309395451,-0.348748182659254,-2.25011118237956,0.865589675341509,0.291234687426737,-1.0016284014087,0.454522241322133,0.193914179861337,0.200579799638371,-0.545784798376071,0.557538500117808,0.706163403205832,-0.0325177396845115,-0.511315211437245,-0.383131262714821,-0.17243776943401473,0.8573124190226604
1.13838654253577,-0.0896935772458684,0.506339683873772,0.685090698950038,-0.383838494942457,0.0674136490691935,-0.252924772199078,0.195544052318644,0.324376566343509,-0.0465318311729224,1.11510499487851,0.812021581920192,0.319139786597086,-0.338976788909904,0.105607897372674,-0.565174128073212,0.15501630259482,-0.185288195477165,-0.160087217328296,0.0364851817524311,0.0402886236890129,0.322502112884679,0.283518923909027,-0.0157573464749467,-0.0017536659583413,-0.15894868585732164,-0.08628769026920467
0.165942173086241,0.138345348748521,-0.308078408717633,0.40514088675189,-0.649880649683374,0.672913606511315,1.71701840660161,-0.563742162173146,-1.94402009697677,1.28332066321818,0.691408080198329,-0.162062776984463,0.369992069186504,-2.9700993292409,0.734290329183652,1.60971264427044,2.3649316385929,-0.0992069382175457,-0.271116420877756,0.0830238285788791,0.803343410928809,-0.656939339775594,0.651618524041725,0.0001281868996202,-0.095696021312973,3.3375052148518978,0.7990469279290661
-0.405936459415508,1.09721511779675,1.40051711991527,-0.0059516715135696,0.0021771807541488,-0.760138109026785,0.652215796603303,0.0407608220408569,-0.719787437107584,-0.356807458740054,1.72467274988911,0.848029919320921,-0.284595680269759,0.505311006767423,-0.187171135532693,0.252344125136148,0.118318358012974,0.149429760344584,-0.192155342941518,0.0051538574316202,0.492637281303867,-0.204956328136064,0.0405604529459154,0.242563999571743,0.0912187866564558,-0.19482686691697954,-0.6232750541317907
-0.134410188372525,0.265352504719748,1.34864281648915,-0.729722914313899,0.377753953566457,-0.0369166014218307,0.401193539044874,-0.0795343177799132,0.506919408296718,-0.521013086451477,0.35638068590506,0.991667345014234,-0.435155750364861,0.224022096403927,-1.14119509637393,0.853713672486877,-0.0079128430306063,-0.00982157207506,0.326017205915913,-0.189758918490836,-0.292619158998463,-0.745377057823189,-0.386612564947592,0.0928225985314034,0.000486953174958,-0.16701432345988038,0.4394884435604469
1.23865687336177,-0.653428034052375,0.604872520603891,-1.15923584094107,-1.33560510492486,-0.962765570577523,-0.570380951119972,-0.0354253479733111,2.12379578142392,-1.16631252979872,-0.733293530276167,0.170074653951995,-0.0118605051655708,-0.704052409251044,0.210680873498828,0.132136696458589,0.874787716782322,-0.131483750613912,0.0750968068493945,-0.153805190141879,0.454004710913147,0.578427417874918,0.158752903257723,0.0253644460763808,0.0180199827588718,0.02642191628424417,-0.09252790321206442
1.88839549925645,-0.812473044310681,-0.927579557979946,0.035000829798485,-0.393258710248392,0.0859355039933377,-0.586254314597722,0.0836830112848915,1.85245337025558,-0.357068347475372,-1.79662508427178,-0.3119309613265,0.0432810020344442,0.148272470067193,-0.655194090459931,0.696476189957872,0.168739983241767,-0.0822285052036694,0.222900717685759,-0.040012640784802,0.0834788407549174,0.0702324290718681,-0.41025636285581,0.0290263947089041,-0.0243723887956413,0.9632874426366289,0.7236002855690669
0.360726661177932,-0.0719760334605818,-0.472296728926723,-1.65780336049095,0.423601046927846,-0.62362721448778,0.489919255325307,-0.0279174256560255,-0.762729733302617,0.245751232650835,0.0428186455042955,0.162965458258564,0.450837015249071,-1.51458912734685,-0.600805138561854,1.41197474074475,-1.0827023048012,-0.760783497330511,-0.31117607389776,0.496424674333949,0.655683902706449,-2.04129946034453,-1.04056326281122,0.361632865936731,0.358259639020917,-0.12626894729523014,0.6760877037837901
-1.72735116408977,0.927026665320923,-0.720955238140379,-2.57219731249393,0.336577543303991,-0.0673243276773722,0.149263876008499,1.02393824070947,0.57824335649869,-1.4123691447515,-0.797371020287327,0.496677083731056,0.688144898098094,-0.73312214862311,0.498801501426732,-1.57096231696794,-2.18489387557038,-0.388574590000862,0.463926647180465,-0.132527935627266,-0.941154551565633,-0.170483461977472,0.79051299263672,0.108009854677721,0.118564436934319,0.01793909052982894,0.4835812476312751
1.2789960016741,-0.941525850323272,0.0652255944241438,-0.757249911694606,-0.666467890549609,0.415643252806648,-0.812192099393235,0.259466753617985,-0.382664240923191,0.649417614620193,0.281610673345819,-0.786716829998207,0.0761837191085689,0.811270617963388,0.511522830067803,-1.22408583109006,1.17980897700962,0.0259631967265973,0.0096690195329917,-0.135700631601128,-0.828510596523105,0.487629913730846,-0.179235454202022,0.0054284669374346,-0.0049565454789504,0.4450006953135864,-0.08608790944052554
-1.00612202135763,0.745224779822,-1.4756755829152,-0.108984914677489,0.454473359957232,-0.927398597561482,0.375427780200207,0.453458344202546,-0.22341425574886,-0.842339455509224,0.571792983888662,0.0802857832966022,-0.216915978305645,0.562577035666313,0.427559436120351,1.42566947667966,0.197136409984627,-0.396100790365105,0.349007946398487,0.065412268171701,-0.557894523213832,-0.328901740006489,-0.183536989488818,-0.472323290391182,-0.408281109861702,0.0,0.721214667438369
1.19221831643972,0.168592105546519,0.138626232358977,0.460967104586835,-0.0622559517726495,-0.115400074580056,-0.173231269384556,0.163568503483047,-0.0467015496268507,-0.126172587517786,1.37772850711205,0.332367696646008,0.13029293934563,0.528459486097095,-0.036084505312723,-0.0144507809800961,-0.136253029307849,-0.158813971421572,-0.242048359413434,0.118453094356791,-0.377609549503811,0.120807951414367,0.130587810470777,-0.0178568382738897,0.0116411864540148,-0.27840356000556243,-0.10667708660792719
2.11021685822029,-0.0413106719718698,-1.53233699927857,0.125544322106042,0.553718233350133,-0.340187643045613,0.181872556466199,-0.242947454747385,0.445759190340377,0.0371580024762775,-1.27871588687325,0.618634240833763,0.0420054622925863,0.100716836664445,-0.635045237549206,-0.695319888323249,0.431994178792047,-0.0962492232004429,-0.329267259942199,0.265631722912302,0.0552146054251191,-0.152712655317252,0.204372110395709,-0.072483211946152,-0.0571707130001765,-0.16701432345988038,0.3397743064226598
-0.814796946774827,-0.791016948184517,-0.716915377231844,-1.50529324325446,1.18423132902705,-0.458906557818176,1.14450701245366,-0.139802800666748,-1.84984239266803,0.250283820808017,-0.378905075237743,-0.648773863954725,0.773569801492217,-1.70906366836651,-0.327746011020943,1.67895437809124,-0.159745475593804,-0.0150871310909013,-0.0325652893035096,0.154540941538571,0.0835359747335881,0.234343168590538,0.774288302177096,-0.0474624926858526,0.140988479377206,2.165901821721596,0.6471077318118652
1.31076733333113,-0.386016166680739,0.218272880727733,-0.494351377846463,-0.998394287676763,-1.43400804005544,-0.0139501252438813,-0.381169737249417,-1.19444190494592,0.644661028212004,-0.0332371487226231,0.247556472112379,0.238647878872837,-1.49191786359159,0.156071553589704,0.197362842860608,-0.619167501691751,-0.388547101716665,-0.756559020976906,0.292239869902963,0.699294988782529,-0.0578215190402954,0.598120367320631,-0.0802339006779221,0.0195675566175776,0.3614240022250034,-0.629820814224395
-5.93277795485543,4.57174320411303,-9.42724692838332,6.57705643811276,-6.11521812544893,-3.66179789602346,-10.8940785545016,3.70921000751656,-5.85952387304171,-12.981619145004,8.26529460055417,-14.1541653609607,-16.3375959447735,-12.3753974432385,-21.090612716108,-7.7245457358645,3.85637474254372,1.19107830456005,2.01427156558263,0.0499675298711021,0.384429719031746,-0.0778835668224832,0.56549290579318,1.79201191700266,0.371007021212136,-0.23223473786677787,-0.511538811832901
-19.8563223334433,12.0958932259299,-22.4640827464876,6.11554110191771,-15.1480215209615,-4.34672408349599,-15.6485074722661,13.2768048056341,-3.97416161954102,-8.85919405880884,5.73081553744459,-8.08803351213651,-8.57897327333454,-6.94774606726094,-13.4728970076501,-4.94021082886802,1.23014255193802,1.58292955492187,1.75072984045421,-0.809809278333882,0.121396659905885,1.35030007077468,-0.224291873525585,1.59762136835254,0.476919818025438,1.0845501321095812,-0.6828685001454287
1.08123377540659,0.416413936043849,0.862918740651629,2.52086280678918,-0.0050205000585141,0.563341022808024,-0.123372251574041,0.223121852791809,-0.673597550149872,0.644549730341658,1.1205051770709,1.23777331256672,0.0383719793321978,0.0854063439558358,-0.219143226460215,-0.694259215394403,-0.655269928208246,-0.16524877677618,-0.159387123973102,0.0536197364326817,0.0117614442207135,0.375145782072105,-0.106298753298543,0.0210082653765087,0.0105592082435436,-0.2848004450006953,-0.5896061085926322
1.23423504613468,3.0197404207034,-4.30459688479665,4.73279513041887,3.62420083055386,-1.35774566315358,1.71344498787235,-0.496358487073991,-1.28285782036322,-2.44746925511151,2.10134386504854,-4.6096283906446,-6.07933719308005,2.58185095378146,6.73938438478335,3.04249317830411,-2.72185312222835,0.0090608363953452,-0.37906830709218,-0.656804756348389,-1.63265295692929,1.48890144838237,0.566797273468934,-0.0100162234965625,0.146792734916988,-0.29203170629954106,-0.9069285754157939
1.70785693746472,0.0248807914815549,-0.488140038578959,3.78754815533943,1.13945148482475,2.91467262159314,-0.743357877946301,0.699135879021363,1.0084706473096,0.912806096143303,0.7653541419638,-2.04386838674929,1.32288725448265,-0.153429555378718,0.752610596119435,-0.755785824269169,-1.91256263382671,-0.368014254987192,0.0108651916304298,0.0912182952145324,-1.00795946020642,-0.0821828177765288,0.179709188704528,0.0077377190320074,-0.0688413102470406,0.16353775552774297,0.11672488710914203
-5.25643383358625,0.364541282922338,-5.41208501568175,2.40003149118237,0.697301198779903,-1.99875502849663,-5.83553244176087,-0.887739383363895,-2.82828664079509,-4.61450773315675,2.71069667870109,-3.15815569757752,-3.41515194777416,-3.75103073303678,-9.26164098662644,-2.95516522195402,0.606570797159568,-0.403684910413759,-0.648259076792221,-1.11004452267604,0.178986970607497,0.22023534750991,-0.699808550320153,0.580486716857456,-0.173629869645159,-0.1821721596439994,0.6903661571276217
-4.44684654752268,-0.0147931576652609,-5.12630699550863,6.94512997633611,5.26925534782033,-4.29717716297717,-2.59124168468427,0.342670615268881,-3.88066304488519,-3.97652513857503,5.73008435556377,-5.03186814827248,-10.7870505700202,-1.10421746262461,0.636412737308571,0.994101368746143,-0.688720555143152,-0.108006422684084,0.247912823388783,-0.226016961592253,-0.401235601042542,0.856123603036307,0.661272426708284,0.492559738814261,0.971834350005126,-0.29203170629954106,-0.517438222185661
-1.86375555343732,3.44264397684973,-4.46825973145511,2.80533625940251,-2.1184124774924,-2.33228488731467,-4.2612371974404,1.70168184397858,-1.43939587542941,-6.99990663386522,6.31620967716699,-8.67081800476226,-7.41771206475053,-3.65280196004741,-6.29314531907376,-1.24324829133852,0.364810482193887,0.36092400372093,0.66792657242141,-0.012217811746839,0.070613703103445,0.0585044669560628,0.304882839588584,0.418012467185258,0.208858278145839,-0.29203170629954106,-0.8923798303625728
0.202402312000145,1.1762702245705,0.346379123966988,2.88213779866317,1.40713333279049,-0.504354582435915,1.43853746015701,-0.395603478739171,-1.5551416238588,1.08151398923906,-1.51420473629918,-0.97376404264957,0.141331683969234,0.418268345647957,-0.828192503935611,-0.302239423372689,-1.76235002438458,-0.206238791066218,0.242560469143593,-0.370156596962237,-0.0260123796205956,0.49195423236033,0.234576263356619,-0.279788418223114,-0.331933388032899,-0.20038937560839937,0.8463362252587603
-0.234922308660103,0.355412643473604,1.97218278594888,-1.2555927126284,-0.681386509254345,-0.665731671302037,0.059110489686438,-0.0031532770910343,1.12245113562848,-1.48124586053984,-0.473852105914046,0.9221844195147,-0.499349578859305,-0.560471962989049,-0.207706529097452,0.380541571066627,0.574335960915453,-0.0034694628125566,0.220670430492642,-0.286337679755902,0.451208246513352,0.188315252003614,-0.531845781256926,0.123184687838547,0.0395806345060398,-0.29203170629954106,-0.47195870412753066
-2.00345953080582,-7.15904171709445,-4.05097631587393,1.30957974749918,-2.05810158798669,-0.0986209270722274,2.88008272715204,-0.727484046608914,1.4603805509699,-1.53160798206082,-1.39432826167269,-0.220718797789479,1.0752476539262,-0.660655352312646,0.0933209955444861,0.335742221574637,0.0575510393537501,3.97321702726744,1.24428677489095,-1.80098486605048,0.657585626965743,-0.435617246752788,-0.894508922176968,-0.39755738695085,0.314261714087509,29.25698790154359,0.4455758829284344
-1.3094413460044,1.78649494921925,-1.37107024042555,1.21433549160762,-0.336642221570741,-1.39011986486896,-1.7091091066305,0.667747590382643,-1.69980879955917,-3.84391103993778,2.96259879138962,-3.95604520140947,-4.63463139323434,-2.05855138409951,-5.63549400383391,-0.775271204300359,-0.23930965408033,0.253464129147281,0.533521286327158,-0.299555851230085,-0.226416167090146,0.364360460778096,-0.47510178544057,0.571426303828437,0.293425836896259,-0.29203170629954106,-0.45403718861366793
-14.4744374924863,6.50318451651946,-17.7126323688621,11.2703523334822,-4.15014206409808,-3.3720982088695,-16.5358068114174,-1.4439469925952,-6.81527289964437,-13.6705451263516,10.5452629545898,-15.0226996343749,-15.0663743633461,-8.6687392723375,-12.8041408991277,-5.11662049533788,0.579200358016368,1.10124987016838,-2.47596222945688,-3.56450803816097,-0.81814019000188,0.153407682695978,0.755079460824454,2.70656616161759,-0.992916047059418,-0.29203170629954106,-0.7790688450611535
-2.78724793061533,-0.0713403777285035,-1.50528777523306,3.36177713733967,-3.35742166883665,0.565834734346537,0.303653111125521,0.966914484943676,-2.24588195188782,-3.65142656863483,0.987277021963291,-3.83478156926117,-3.18216808481143,-2.95430081252595,-5.84121800175148,-2.91043029785417,-1.15585017273094,1.60739677185147,0.882940442444742,1.75222678458672,0.219924964544368,0.15628169505776,-0.265894317684036,0.220694023253282,0.256076869786525,9.85759977749965,-0.6633957452559398
1.11833065981936,2.07443887131076,-3.83751827706316,5.44805969239449,0.0718159680535395,-1.02050922759556,-1.8085744418815,0.521743506077524,-2.03263824879436,-2.73279196653765,3.2740753098509,-3.541687479312,-7.55572894101666,-0.642332574056763,-2.11442919291931,0.183327412773884,-1.17779250651196,0.163513485137887,0.289861124197445,-0.0219095177813472,-0.376560088595995,0.192817419134693,0.114107224212598,0.500995608471866,0.259533270224708,-0.29203170629954106,0.6893790047976779
-3.36531852073793,2.42650326490524,-3.75222652688429,0.27601659835291,-2.30587029698066,-1.9615783188747,-3.029283444673,-1.67446174770883,0.183961286375875,-4.98092843827312,3.65788166668826,-6.40982235504524,-8.50943318717532,-5.36989001074152,-9.06907940021057,-2.81980659631422,0.874542948076265,-0.0368373256714411,2.07000816413804,-0.248501692422131,0.126549624264963,0.104166256940212,-1.05599732614735,-1.20016496678239,-1.01206584314534,0.9178139340842719,-0.48562606317187323
1.83319104756006,0.74533277919767,-1.13300871289587,3.89355597724996,0.85816381687158,0.910234501320998,-0.498200069408129,0.344703185766382,-0.667939095579291,0.398155064675901,0.613867739096179,-0.0225614827826197,-2.96920095585607,2.46444980239245,0.671240576431668,1.92102109165871,-1.61692658827377,-0.0855787549071908,0.0392894902587427,0.0729809106352829,-0.15529884930206,-0.149891395375819,0.0127924878401756,0.040853819187149,0.0229031158842699,-0.06410791266861353,0.7636739694394091
0.711155481810016,2.61710490740972,-4.72236322125,5.84296995871769,-0.600179298610849,-1.64631317703679,-2.78519836554505,0.540367735499417,-3.04402909749745,-3.92650993997042,2.75783745850663,-5.43735368941346,-8.39657296658687,-3.01429397773507,-6.64248226272335,-2.58402822440731,-0.820354414754465,0.46103194379752,0.360500881641394,0.139978107568553,-0.336237870703344,0.128449337645535,-0.155645815012462,0.799459945626899,0.392170236404553,-0.2517035182867473,0.8325278444529971
-5.31417320646342,4.14594361146639,-8.53252245892907,8.34439167363678,-5.71800820787464,-3.04353608094129,-10.9891846672722,3.40412865609659,-6.16723364181153,-11.435623996076,7.67453383416429,-14.2960914258331,-15.4450258118019,-12.3913460034009,-22.5416517287861,-7.98672065349455,2.99255446334225,1.15001731865814,2.33146580801509,-0.614453237551036,0.523647877136623,-0.712593271662611,0.324637964828057,2.24509146635599,0.497320848969724,0.9210123765818383,-0.5117385926615801
1.10280432542075,2.82916799881581,-3.93287026485548,4.70769143992869,2.93796685530025,-1.80090371765217,1.672734122106,-0.300240348680253,-2.78301108805298,-1.88484243991678,3.79256535985687,-1.46047112296734,-7.07736060637589,2.4932276042067,6.24498710234308,2.97174936407353,-2.67995024218857,-0.0308799718381793,-0.106994395673876,-0.52162653336055,-0.448949514169716,1.29164648168516,0.516326673768638,0.0091462814112417,0.15331763551135,-0.2964817132526769,-0.64830641678394
-10.0406314557065,6.1391827154247,-12.9729718943545,7.74055544506762,-8.68470452840193,-3.83742916671056,-11.9077019040753,5.83327300056002,-5.73105424359056,-12.4389449056023,6.98988561330738,-16.218610393127,-8.72864506518152,-14.1298545174931,-20.6850275533272,-8.48444905730181,4.85125513655685,-0.0822752254211996,2.82343143164188,-0.567342849673059,0.843011621641402,0.549937644887907,0.113891875585392,-0.30737499959267,0.0616306406149363,-0.29203170629954106,0.10806380059522935
0.630578744212506,1.18363142021427,-5.0662827181354,2.17990251484867,-0.703375740890159,-0.10361428842267,-3.49034985781286,1.09473429241599,-0.717418480774938,-5.17993471366321,2.86702850008408,-5.25999613299847,-6.98927231350758,-5.49618760977607,-5.99533723596091,-3.9905149275795,-0.167199797868911,0.357369307955279,0.621621663049365,0.102711029430332,-0.601504870194403,0.127371352545737,-0.163009126463793,0.853791839587473,0.356503102101233,0.2426644416631901,0.6171876147638032
-1.55421636788274,1.69422928947167,-0.903333638062708,2.42543608490852,-2.89978748492542,0.133028430446298,-0.286225919411127,0.555944559014401,-1.39491838156524,-2.89261176082088,1.96223597455109,-2.38526266137636,-3.72454345377605,-2.01392370780293,-2.81560029569659,-1.09229027232613,0.139687230416985,-0.0323343863075664,0.493436338989664,0.202349959595007,0.492053700892718,-0.183790909215829,-0.19991711985608,0.395200622125666,0.0276930320930062,4.700319844249756,-0.4078760653753382
0.288028928428076,0.965681439446855,-1.45949519977085,1.92186300234526,-1.91241402974899,-1.13028190025527,-2.81426265960526,0.648663224885543,-0.695262639845074,-3.46568908576121,2.35161910622909,-3.82670531942496,-4.8528669146236,-2.61736133003734,-4.83555830647772,-1.92175160139324,-0.385884175181753,0.330916894188196,0.603127128021142,-0.0641251755885565,0.271380100640141,0.33721953478356,0.626155869423677,0.565124825956713,0.305925255390835,0.018912529550827412,-0.6687780758168245
-1.04800528916284,1.30021877705413,-0.180400575706546,2.58984264330545,-1.1647935523262,0.0318234062644092,-2.17577809872951,0.699071737631603,-1.14020827768059,-3.22678710680364,3.49080495043995,-2.45433920979968,-5.16060809721957,-3.99614471325468,-4.69556272249452,-1.81916096350279,1.46108031890323,0.644993308471186,0.549014458224783,-0.136662719519743,0.131737918713915,0.0309213718346795,-0.176701082429858,0.504897671691263,0.0698824528615783,0.2426644416631901,-0.5066265538100848
-1.05383960928927,4.36280068444382,-6.02353363697249,5.30453432323767,1.48073829836025,-2.19382145195429,-1.53081679187472,0.62685742392939,-4.03702140926181,-6.28542447506796,3.53614548208968,-7.95962843222551,-12.4579989307142,-1.42413127138773,-3.24368593233723,0.0599561084626287,-1.80233249695937,0.531574093184742,0.397954323754442,-0.376137523247608,-0.220480420438516,0.264002964525927,0.0489347748109877,0.847219840332403,0.531931799394904,-0.30593797802809064,0.7443069808709857
-4.67323076642011,4.19597576169878,-8.39242279138696,7.74321514676806,-1.13880348895329,-2.09489915490422,-3.83948656727606,0.543053447590367,-1.52844823748652,-2.32511344137919,4.3557700196603,-8.66303057554101,-13.4817046750119,-4.28795983864998,-5.65176527245489,-1.23588925526129,1.08013289303778,-0.180278730628939,0.55418499648198,0.482417262428348,-0.624399456794724,-0.296288558436571,0.374802036063765,-2.6785437691689,0.412367567109485,-0.29203170629954106,0.7929242331207235
-0.440095203221886,1.13723897606434,-3.22707975693117,3.24229293383089,-2.03399815309639,-1.61841464754635,-3.02801259904704,0.764554819893569,-1.8019372093973,-4.7117686842189,4.66325458481107,-5.17173460782892,-6.71387819491558,-3.27520749888835,-6.8238312134789,-1.35530868624906,0.291250739005026,0.895840844006848,0.764186724577691,-0.343571526478397,0.233084829252444,0.606433640125543,-0.315433462199896,0.768290751269875,0.459623327730251,2.8549575858712277,-0.17182914038422553
-0.356326154090313,1.43530513012275,-0.813563965472736,1.99311717679272,2.0558775401316,-0.54357866590526,0.487691066602944,0.0854488054265826,-0.536351998021526,-2.23120932812687,0.273983570211148,-0.535839387011391,-5.14182349291966,0.623912780633594,4.09098324669186,1.63408402811385,0.26084733041578,0.303261648412104,-0.312862941766726,-0.267002508610821,-1.15848006325515,0.271459963711122,-0.155397186179697,0.114328416432227,0.101525594435204,-0.29203170629954106,-0.08802695866005823
-1.47689343619361,2.12231379246165,-1.22946956041319,1.20184879823143,-0.343264387787516,-1.31770390932283,-1.52814215893659,-0.620953383361586,-1.21304032250238,-2.97526724837752,3.53221960237349,-3.68263987014104,-5.16522922685485,-2.40492728839102,-5.67173864053893,-0.99429395124741,-0.289935891439032,0.276893466308702,1.18603560532412,-0.238930086824211,0.110144325976026,0.0454183699836296,-0.56923231725429,0.481018701576887,-0.0475554426964208,-0.29203170629954106,-0.4610177658039856
-6.15960693036327,1.46871292315117,-6.85088814665684,5.17470627250374,-2.98670392387712,-1.795054145699,-6.54507152628193,2.62123613805269,-3.60587012643541,-8.12216107491307,6.02903256317613,-9.22585530778592,-10.3093341893072,-7.78732622111619,-12.8221770045808,-4.36767713342358,2.64398422133793,-0.289829585956863,1.06131418230601,0.589592331660844,-0.568730604518481,0.582824720935876,-0.0425826450995479,0.951130233081124,0.158996023697089,-0.2943957724933945,-0.34528590693151334
-7.62692409246447,-6.97642000754641,-2.07791115073952,3.41675415987856,4.45875840248762,-5.08040779918275,-6.57894786782983,1.76034141396682,-0.599508728352202,-4.00174208524931,2.61176184321338,-2.21069105518154,-5.28167813117348,-2.34217826208892,-4.44208205885268,-0.812202197039381,0.254771833248553,2.87526030369363,1.22479498325958,-0.330810728527997,-0.0789460153087798,0.270305924800976,0.431119110160139,0.821381426988655,-1.05608777393768,-0.041996940620219705,-0.2974090189292335
2.09190018751563,-0.757459362256544,-1.19225763407193,-0.755458092963448,-0.620323625943217,-0.322077026663935,-1.08251065680614,0.117199961876445,-0.140926651717943,0.24931080342673,1.33831754595819,-0.329759339656804,-1.82483910494673,1.84234692345975,1.19421171382239,0.0374666576390236,0.423099369076423,0.0374375437836754,0.288252720367131,0.142006990607899,0.592614974257539,-0.196143145198634,-0.136676262268618,0.0201823653167864,-0.0154697051692816,-0.028507857043526635,0.9658874235030394
-4.06400473842815,3.10093489093256,-1.18849800365476,3.26463274045175,-1.90356235801726,0.3203505872957,-0.954940039087007,-3.27753491983773,2.82082866173719,1.01511287978593,3.18718689736493,-7.00432728360605,-6.22060535304292,-3.07509188469837,-5.04473569177435,-1.71808268516882,-0.662462068430895,-0.531897693292296,1.68866543097474,0.19373092657711,0.479495953884992,-0.50660305739906,-0.409862744197452,-3.03627132936069,-0.630605198840545,2.192462800723126,-0.8496502366521433
0.206075454303215,1.38735982061524,-1.045286987034,4.22868619369076,-1.64754917421782,-0.180896946218666,-2.94367757476862,0.859155533266087,-1.18174300683428,-3.09650359868717,3.20091235546057,-2.45083242908802,-6.39717031528651,-2.42737307534442,-4.44847225233098,-1.21222044988735,0.0346554556282822,0.351484399563241,0.46919942584802,-0.203799378001586,0.376640378487856,0.715485489514387,0.226002880910544,0.628544616302757,0.319917987612491,-0.29536921151439294,-0.3720800416014196
-1.58550536691994,3.26158454822833,-4.13742198305023,2.35709625199132,-1.40504331370135,-1.87943719306477,-3.51368687087654,1.51560674568816,-1.20716636120056,-6.23456133227108,5.45074606689486,-7.33371406736393,-6.60806825219469,-2.60247787045261,-4.83511205239717,-0.553026089102902,0.351948943356815,0.315957258937511,0.501543149467536,-0.0765836358993043,-0.425550366841581,0.123644186352002,0.321984539336613,0.264028160503965,0.132816719764592,-0.29203170629954106,-0.9025569008117565
-3.97521647515777,0.581573270980264,-1.88037210743636,4.31924127992395,-3.02432976021596,1.24079277107972,-1.90955892631241,0.660717557074542,-2.7526105653686,-3.55038539904852,4.83896418696128,-6.04023537903875,-6.22194535944177,-5.07364263456328,-10.441008666182,-3.75552460094433,0.606452965011177,-0.656511434265513,0.578984295739867,1.04532195036713,-0.303999869268857,0.0052949592507338,0.235435243641064,0.962014797484666,-0.67355739317081,6.018912529550827,-0.2860332635079751
-0.967767136663499,2.09801863238761,-5.22292946625656,6.5145732431847,-4.18767406818961,2.11417834963073,0.948701404286247,-2.44842689476182,-3.20366608262076,-3.07403431268054,1.05148630261883,-3.47486296690245,-5.25425346321937,-1.84859811431832,-2.42153561881163,-0.833344853245289,0.952141057235768,1.14720392040776,-0.843268389452352,1.31431234652212,-0.352886653077338,-1.77070558031979,0.0981333585610556,0.95676878112918,0.162777346229732,12.561674315116115,0.5884896863147194
-5.31377384241729,2.66427399774238,-4.25070701802015,0.394707094952515,-0.391383377283543,0.683526139774215,-5.13367100176311,-7.90778989157428,0.215474664930064,-2.29773425918487,1.96148093151336,-1.94444112769897,-4.3463476308633,-1.82040477188062,-3.74648955100281,-0.880399311360603,0.267914551538718,-2.64290184721809,8.66466242953635,0.483559093855452,0.0792347976258407,0.311065240462952,0.555544234123026,0.176740004036668,0.362906575787496,-0.29203170629954106,0.5159339900638418
0.909123838691231,1.33765782444144,-4.48472766746064,3.24535764512838,-0.417808776149092,-0.762118684149486,-2.5063487752776,0.694163949223675,-0.467555883753771,-4.5652600954372,3.61264534637429,-3.17193661178549,-8.56945415472099,-2.38820756249222,-2.57746443422373,0.0926786705401108,0.0982420128901166,0.445573384128196,0.586829162500182,-0.252120311226939,0.325438827876011,0.562765676359647,-0.256278184868886,0.652673806782709,0.319879228007944,0.6382978723404256,0.5144767651958293
-7.90142134976781,2.72047248689249,-7.88593567244075,6.34833355148109,-5.48011903551053,-0.333059239585013,-8.68237644547782,1.16443107786426,-4.54244738562489,-7.74848004950582,5.26658587269696,-8.67967880327782,-8.10797466085831,-6.28830575777651,-13.7531307979331,-4.32923927421315,1.50425021091709,-0.614719344485925,0.0777390506575033,0.320132727437797,-0.434642552856739,-0.380687072327338,0.213630359032603,0.423620329379796,-0.105168533503988,1.828118481435127,-0.32985577586941384
-1.34650881762975,2.13243062687771,-1.85435531823997,2.11699770636107,-1.07037837875552,-1.09267135682306,-2.23098606430574,1.03642490791919,-1.89551573571367,-3.36401057980002,2.88704787664695,-3.78445965821089,-3.98562600822203,-2.60370264991872,-5.15759639749234,-0.696010004579956,1.28596139472532,0.221918669151309,0.609508181503446,-0.0607913872259794,-0.186733353366053,-0.0174012274970924,-0.283751034119116,0.395451049081013,0.233138575967241,-0.29203170629954106,-0.45295602177611033
1.17663267315551,3.14191813880044,-6.14044483643302,5.5218205893507,1.76851488910857,-1.72718569844821,-0.932428910444584,0.292796545267059,-3.15682655843537,-3.89824038104731,4.77672033006624,-4.15249885001879,-10.2588514782991,0.458138563036142,0.167601789076859,1.4043108943267,-1.87401526330162,0.329567972643983,0.1293716296303,-0.0740983557012839,-0.0310844052836625,0.375366225335466,0.0658967838964971,0.488257738746484,0.325871630319106,-0.30593797802809064,0.576291303951841
-6.42330645645221,1.65851450876035,-5.86643956435658,2.05206440242466,-0.615816842763718,-3.37226571107575,-5.03655575494585,2.64310601464633,-2.27463004673333,-7.04922935969585,3.9168025570096,-4.48127959922503,-7.11387278226069,-3.83955997447082,-5.05600998750159,-1.34449753083319,1.14847293881065,-0.713515810779757,0.641210915884323,-2.33723276414845,-0.158277898470348,1.19879744465828,-0.261257806694643,0.78012548401824,-0.731800816194097,-0.30593797802809064,0.706830447773472
-0.430330205681344,0.985632693552081,0.645789437298841,0.317131047127407,0.616332206255463,-1.34746245720975,1.0782335690849,-0.161518267508932,-0.492855874580938,-1.03963769713185,-0.39560772252726,-0.664683930228673,-0.660967626671015,0.530852433867815,0.278141865207384,0.355529916892446,-1.08122326117298,-0.115281935429531,-0.0163780179250957,-0.164119225784612,0.255280162145255,0.454797817761532,-0.505032215885219,-0.0394559687978208,-0.006357582233934,0.11319705187039354,-0.11351664203682431
1.23260446981971,-0.548931183157109,1.08787266901823,0.894081819978967,-1.43305489904701,-0.356797142170886,-0.717492197160233,0.003166531089953,-0.100396732730679,0.54318725600578,-1.03941706835478,0.285261608751792,-0.498521775750102,-2.1560365431533,0.564761098405632,0.837856659648528,-0.728989760343786,-0.576274061414969,-0.448670516618872,0.0128333352729761,0.699216728009832,0.527257980520248,-0.322606503047991,0.080805437438631,0.0354271820131481,-0.033514114865804474,-0.19197174864046207
-1.10964552515211,0.811069300236989,-1.13813532731484,0.935264670223385,-2.33024787785051,-0.11610605479739,-1.62198623466478,0.458027900124116,-0.912189159098001,-2.96199570179906,2.77896789639267,-2.37959961108923,-4.01578678027745,-2.81588776765893,-6.6493577879714,-1.74611328389964,1.08340676372199,0.168890572541282,0.641593528333926,0.176727750810022,0.0810041184974676,-0.258898742565752,0.707654245320429,0.418648658517389,0.0807557537005394,2.534696147962731,-0.48963343155890743
-10.3008197578448,6.48309458751086,-15.0763627200288,6.55419115286706,-8.88025172157215,-4.47167242014489,-14.900688599735,3.84017023811699,-4.35844142237671,-14.5331616869738,7.58874088021049,-15.8357188077344,-11.5670059165135,-11.4674297370042,-19.1729963590355,-6.96985638421183,2.21175583268581,0.113244363257218,1.50874842459643,-0.682789602968657,0.573543946252624,-1.6023889741646,-0.393520821299559,-0.468892515546761,0.105920160381125,-0.29203170629954106,0.10816956691629477
-0.670238130057305,0.94520635153406,0.610050626297701,2.64006508673377,-2.70777462644103,1.95261056051566,-1.62460819938343,-5.22990786160988,0.21020202822781,-2.06990438955593,-0.529805728295342,0.999716276092526,-1.50855714024168,-0.328387382736473,2.27027117814029,0.709666017682026,0.913175997078955,1.4749287568126,-2.50445018690737,0.351542386126581,0.648466904268149,0.579681417358758,0.0757375933335965,0.346717084034013,0.282208626038179,4.196495619524405,0.019784177945959287
0.290155157802135,0.0492431315858544,-0.740523666102691,2.86546277005979,1.39529391568643,-0.53516327889219,0.142543369971437,-0.222769707020631,-1.46369065190782,1.71353755281029,-1.12757349175133,-0.708657345883242,0.27471029150754,-0.463552709186313,0.472995390747944,-0.44789915630515,1.79092414652793,0.247579534584332,0.337348848382748,0.303550010776752,0.833886119752574,-1.22230609676666,2.7452606721766,-0.220401600319897,0.168232740494181,-0.20609094701710468,0.5228793118138043
-4.51734375344642,2.50022390414582,-4.01392753708116,1.18945163355882,-2.48686063585833,-1.41347553285281,-4.24570662259591,1.26508694822894,1.16882778968781,-4.51390660472333,3.69471123994721,-6.11044323287235,-4.18455528093394,-1.61471832598223,-3.35318018239636,0.236762036968587,0.0038960221310578,-1.05616226010439,1.32694422202396,0.508166904438541,-0.278017536127694,0.139721094971637,0.0646100247346309,-0.972358289293076,0.351359561196795,-0.2743707412042831,0.22464179003622498
-13.0865194204794,7.35214833905529,-18.256576111808,10.6485054461688,-11.7314764509112,-3.65916740569145,-14.8736579646075,8.81047267511276,-5.4182040716445,-13.2025771482197,6.35722736343626,-15.5316111795156,-11.4123295951252,-9.83374302098841,-18.1746174349071,-7.269904593126,0.623796611777714,-1.37629840858733,2.7611570593153,-0.412860724865388,0.519952215674181,-0.743908960008006,-0.167808225140728,-2.498300252188,-0.711066151912636,0.11556111806424695,0.10795803427416394
-4.61746102917986,3.66339525318756,-5.29744641020372,3.88095965427288,-3.26355091342907,-0.918546733700683,-5.7152620778107,0.831039550183167,-2.45703377841015,-5.72681709632961,3.52572598717089,-6.48911156043177,-7.05231095228929,-6.77397674966222,-8.58807007314333,-4.51089174541971,1.14787783834912,-0.34645583270524,2.69817489528664,0.366775230313112,-0.123011441662663,-0.300456526768528,-0.239996239629945,-0.183463054061235,-0.0733597031884566,-0.29203170629954106,-0.47359220619731884
1.88961791435199,1.07309853428207,-1.67801752213825,4.17326819444992,1.01551580609762,-0.0093890345376856,-0.0797056036973578,0.0640708218352963,-0.714516675807338,0.0422275201898101,-0.408402781057003,-0.929370065771482,-3.51284546122181,2.06985302474878,1.7333815808837,1.58075796212324,-2.33518537609962,-0.15357026465285,0.203727978494943,-0.0365597489616082,0.334305770703597,0.147171035637962,0.279556488222951,0.0316687807243937,0.0358833226413502,-0.26115978306216103,0.48087833053738105
-18.474867903441,11.5863805198184,-21.4029168131391,6.03851541556808,-14.4511581398683,-4.14652350569915,-14.856123673178,12.4311404723263,-4.05335328722588,-9.04039624894471,5.96620250720685,-8.46396612952571,-9.09253265181295,-7.1863755078292,-13.7974745003699,-4.95849390971089,1.32116655982617,1.5779244011474,1.74113559593371,-0.396219126116475,0.0957055555718895,1.32275094272025,-0.217954564863573,1.62879253147016,0.482248274865402,1.0845501321095812,-0.6835971125794349
-27.1436784229495,15.3658043803315,-28.4074244550982,6.37089534679314,-20.0878775718571,-4.66631306343841,-18.7094788213717,17.9035743750222,-3.72227873753244,-8.12096173759343,4.41994345577668,-6.21094112120869,-5.84352838067721,-5.60659732565665,-11.7562556050179,-4.71494676131661,0.783577593799492,1.70388764553958,1.79682638880552,-0.90224745220798,0.144011442167384,2.02438803943008,-0.204214065769385,1.33215305903359,0.385890728011147,1.0845501321095812,-0.6645591747876595
-7.50392623748137,-0.360628009949399,-3.83095228272519,2.48610285639632,2.497366775329,1.33243694265115,-6.78396378716369,-15.4153849212396,0.465511605096266,-0.39438126178315,1.05410721205494,0.974058515963307,-1.42561990549746,0.836807763068655,2.84494961758243,1.61350955823594,2.54831265500006,-0.475126442823018,-6.38913186553574,1.67050826686181,0.140450002467555,0.162147414308657,1.20773090940574,1.26895846837763,0.097538236000963,-0.13475177304964536,0.9453099981490893
-2.27247262312809,2.93522576984167,-4.87139411498144,2.41901198641213,-1.51302177077044,-0.480624709293733,-2.12613615926755,1.88350700101357,-1.29726168422102,-5.48742458295368,2.96924007367485,-3.05540513135176,-7.86280852638766,-1.93231647481301,-2.28474841411287,0.324787267403684,-0.183180903717309,-0.0310853103629951,0.718504287704593,-0.031631724472805,0.322912638305837,-0.0584064063189307,-0.411648851141658,0.573803016490166,0.176067285155718,2.1401752190237793,0.5183783672617981
-10.6457996485752,5.9183066586857,-11.6710425949575,8.80736917876038,-7.97550136587277,-3.58680634405361,-13.6167970541448,6.42816934590602,-7.36845129274034,-12.8881582878915,6.85495311388866,-13.2116950297251,-13.7789556397675,-11.2903278082585,-20.5780220491922,-7.54782411219534,3.11847976563045,-0.0461701790327979,2.57196959291347,-1.66780140024191,0.558418754024331,-0.0278978765982558,0.354253781525514,0.273328726801416,-0.152908080809092,-0.30593797802809064,-0.5107279367047327
0.340390790889508,2.01523346310003,-2.77732956104823,3.81202413104427,-0.461729071578821,-1.1520219714746,-2.00195866818811,0.548681056661142,-2.34404166261939,-3.07669858515182,3.55473755027372,-3.96968929955842,-5.87606732124924,-1.49528077472825,-4.42475717388751,-0.619323237398381,-0.231198386269899,0.326772803133095,0.29976881646527,-0.187696049565752,-0.329255753153177,0.732328138266652,0.0580797142765515,0.55314334331356,0.318832445723953,-0.2816020025031289,-0.3113466696829654
-4.84437152213983,5.64943864783758,-6.73039574613665,5.25284201867297,-4.4095661499774,-1.74076745609347,-6.31169852901067,3.44916731253577,-5.41628435913526,-7.8335555711125,3.6573495649865,-7.7814479532704,-8.60475886835984,-6.55397325691037,-12.6243936527694,-4.98990973846596,1.64541389333247,0.284555090358885,1.19488835625662,0.190673885417928,-0.216443252531192,-0.325033100382822,-0.270327592956951,0.210214051535782,0.391854886292055,1.2473925740508969,-0.5727775117297788
-5.23880773573245,0.623013013517624,-5.78450659224569,1.67888930740175,-0.364431871608896,-0.477294697773818,-4.27613150437269,-0.695172912010584,-2.97164438627248,-5.52913123107677,1.77950450310136,-4.83615901427864,-2.90118981074214,-5.53954431982868,-7.2909602133188,-4.89776603568321,-0.30860899195249,-0.203269802188999,-0.326139919163346,-0.215966267193936,-0.245726907285863,0.893041276540073,0.865758089249014,0.854657016693772,-0.964482422283343,0.2500347656793213,0.9223822101047968
0.0073790751145725,2.36518252886777,-2.60028738169342,1.11160176466249,3.2764413263667,-1.7761407852846,2.11453088108345,-0.830084106599812,0.900489974281822,-3.37617706712688,2.05681205985716,-3.9842567303491,-5.96790496861639,1.67973960141233,5.58611468683053,2.78913115591619,-2.24107485298106,-0.0063884972816308,-0.563944162060269,-0.404382448597275,-0.0129439005065412,0.589836154947909,-0.734449052212668,-0.447529183217452,-0.362374775122343,-0.29203170629954106,0.08002397369944149
0.667713641374798,3.04150237620527,-5.84511195572955,5.9675870384467,0.213863332794167,-1.46292281110712,-2.68876058357809,0.677763512400754,-3.44759589638668,-4.70757080611204,4.90581986504193,-5.20837397192841,-10.5440113995705,-2.1335934878907,-5.13308149079721,-1.06215078075411,-0.819371096333784,0.558424597641949,0.32976014592914,-0.0060746623400234,-0.958925352213278,0.239297864946551,-0.0673556786513241,0.821047585911653,0.426175251596766,-0.2122097065776665,0.8215281470621936
-5.34466537543542,-0.285760408166142,-3.83561578178611,5.33704802681048,-7.60990870021268,3.8746680317393,1.28962992438915,0.201741916806601,-3.00353243733788,-3.9905513318108,4.98601380361468,-6.11638322304304,-6.04339314434942,-4.7454624675489,-10.0756455907271,-3.6045960155148,1.43529381015392,-1.56216235780532,0.276010822180054,-1.01657869464831,-0.0713612973880671,-0.335869334726878,0.441044176004645,1.52061262049821,-1.11593680318009,19.19287998887498,-0.2611899298710532
-3.63280894927825,5.43726336227612,-9.13652148062595,10.3072263079132,-5.42183029451154,-2.86481514933136,-10.6340876212042,3.01812657999175,-4.89164032107494,-11.2350479111446,8.78878366710272,-18.5536970096458,-15.6231873302985,-12.4279613630565,-20.1590474539227,-6.88889109280947,2.58609321670737,1.35406479520345,2.30988016889674,-0.0961301444473713,0.432376722544823,-0.435627929953396,0.65089278643537,1.69360750804844,0.857685371687245,-0.18717841746627728,0.1073116845343197
-12.8336314219519,7.50878980635543,-20.4919522106577,7.46577999198461,-11.5753037055975,-5.14099947650773,-14.0205637048257,8.33212047126021,-4.33771253089739,-15.5637913387301,7.61081978841573,-15.5923232225286,-13.2478885958622,-10.3423283585648,-16.0445243414767,-5.8821359384126,1.57369789640089,-1.37892322363159,2.96684240389381,-0.766494757432984,0.431261005079751,-0.104974994617143,-0.0100913270781415,-2.4008113496639,-0.720556600051925,1.1407314698929216,0.10795803427416394
-2.53585211738111,5.79364414692454,-7.61846283574893,6.39582974649419,-0.0652101046678037,-3.13637196409103,-3.10455736262141,1.82323263760971,-3.87865758023391,-7.29780335001461,7.07166913682445,-10.001046368327,-10.8606980453666,-2.36085672411086,-2.76009701528795,0.29810341564323,-1.38555780172735,0.408704184487524,0.716719907055995,-0.402406878680357,-0.288835222564699,1.01175223958707,0.425964621387216,0.413139555823146,0.308204656968305,-0.29203170629954106,-0.8908638464273018
-12.3396031574122,4.48826730168204,-16.5870729373632,10.1072738734101,-10.4201989827431,0.130669811857349,-15.6003233044816,-1.15769598093331,-5.3046309683427,-12.9389293107706,8.80568196718575,-13.5561301301468,-9.80988150207055,-9.50521044515487,-17.5420303090874,-6.79263778723153,2.06937744931751,-0.0855014634055812,-2.0896096332232,1.37681580939778,-0.554271418366818,-1.61074085196174,0.153725444536768,1.2124772080589,-1.86929047595671,2.319287998887498,-0.7758253445484806
-1.55027271502021,1.08868850191044,-2.39338766218981,1.00873271714408,-1.0875618874048,-1.10460238189499,-2.67050327670088,0.147654676391109,-0.978625549290056,-3.51413330486723,3.58604242366444,-4.05335784837839,-5.76582302154173,-4.92186514350783,-9.56726769048681,-2.77297411117016,1.71709526842855,0.327490457262181,0.802316031461701,0.0958154204904633,-0.320190913384423,-0.0807306312824349,0.0910116872058309,0.0249284934943241,-0.0778199786198624,-0.06869698233903491,0.36428858928293373
-0.129777610843349,0.141547455482355,-0.894701869697703,-0.457662244561315,0.81060798093987,-0.504723385101755,1.37358754607199,-0.20947645080755,0.208493953635169,-1.61361833850235,-0.800150416391868,0.501435242117417,-1.81638414654661,0.105946450120805,0.716591309767583,0.205284622719977,-0.0513220971157383,0.399447041317156,-0.0326432954176307,0.484107764666265,0.359636576631937,-0.435972450825985,-0.248480311517488,0.0215269254860304,0.109191896780292,2.2960645251008205,0.8460424299224674
-2.88004235163471,5.22544230971559,-11.0633302799459,6.68995065770063,-5.7599239886738,-2.24403079081521,-11.1999752166959,4.01472180864313,-3.42930426351801,-11.5619497720699,10.446846814514,-15.4790524832016,-13.8837785491112,-11.911483017197,-18.1030037037729,-6.83783453880068,3.12692935212663,1.19144396640797,2.00288287701632,0.79525514045211,-0.778379381413672,-1.64681511254223,0.487538823287331,1.42771309550336,0.583172486219188,-0.29203170629954106,-0.8410361573920375
0.0084303648955825,4.13783683497998,-6.24069657194744,6.6757321631344,0.768307024571449,-3.35305954788994,-1.63173467271809,0.15461244822474,-2.79589246446281,-6.18789062970647,5.66439470857116,-9.85448482287037,-10.6911962118171,-2.04197379107768,-1.12905587703585,0.116452521226364,-1.93466573889727,0.488378221134715,0.36451420978479,-0.539527941820093,0.128939982991813,1.48848121006868,0.50796267782385,0.735821636119662,0.513573740679437,-0.29203170629954106,-0.9068463127216319
0.0168278084833761,2.40082554709233,-4.220359820602,3.46221746352071,-0.624142188342754,-1.29430258598001,-2.98602831443748,0.751882724799937,-1.60667229891344,-5.97492543825504,3.26492215161104,-5.09503162409832,-10.0181060613614,-3.56253351747421,-4.37710568381017,-1.79263494349375,0.0802807729992116,0.590418382570863,0.285831617664336,-0.265199774294598,-0.873077150100989,0.939776315964547,-0.219084743497804,0.874493632152321,0.470434221788752,-0.29203170629954106,-0.32771694582120203
-1.17218291948653,1.66171286952217,-3.04963701906308,2.55505843390024,3.66903461419474,-3.16299837227475,-5.98564011625334,-2.17993523861597,-1.12029227657092,-3.07555830950402,0.997448763245357,-3.19191476820242,-4.2672960668817,-2.91646262843242,-2.81990611139418,-1.41723080093652,0.32519494288717,0.548106363466502,-0.812097797287015,-5.98880644277407,0.714380801225346,-1.60002359150788,-0.634782934267927,0.822713228036362,0.494375178430933,-0.2781254345709915,0.6782735410858088
-1.60021129907252,-3.48813018118561,-6.45930280667571,3.24681566349703,-1.61460769860713,-1.26037454854632,0.288223321921388,-0.0489639910109505,-0.734974617920653,-4.44148408070017,2.94437484242405,-3.80546898374331,-6.1061832734711,-1.55596289626148,-2.08406707082134,0.394247352869229,0.0833797227600835,3.18935489592753,1.19117480721903,-1.46342052446637,-0.624230851495284,-0.176461532068143,0.400348351070197,0.152946864261687,0.477774924576796,20.62202753441802,0.8177558149441936
-25.825982149082,19.1672390103062,-25.3902293121699,11.1254347149714,-16.6826439195391,3.93369943022963,-37.0603114554112,-28.7597989339836,-11.1266235224579,-23.2282548357516,3.7859770496129,-10.5224940129243,-3.79279543594993,-6.55787310177539,-12.8672447953713,-5.80459047549908,-1.25446534452587,7.90737812724062,-16.9220157786505,3.51001884069223,0.0543302268964685,-0.671983312405663,-0.209431359115655,-4.95002186384908,-0.448412770754799,-0.2742316784869976,0.19532101547420036
2.13238602134104,0.705607819703042,-3.53075873641584,0.514779310643757,1.52717469821568,-1.71626826866624,1.13279092955315,-0.574214355395823,0.128903890816348,-1.00080505203989,-0.191190536963042,-0.323794189703165,-1.42206385294204,-0.387162054366978,1.73474160368315,0.610975987993976,-0.221267207742386,-0.211167179112658,0.163739121720823,-0.24507615703343,0.460049173768465,0.920280992581626,-0.216585741807507,-0.026218563758315,-0.0250012963633226,-0.29203170629954106,0.894295375955202
-6.35233691096656,-2.37033515007664,-4.87539667887196,2.33504453116197,-0.809554897212021,-0.413647316208307,-4.08230817063438,2.23908947335972,-1.98635950470675,-5.16533081830893,2.94293916487767,-4.12572224190365,-3.5181311704857,-5.10447983930312,-7.9253889983055,-3.41570671508705,0.71833237368083,0.186898304507656,1.32521840044042,-1.4852168616857,-1.47073226048821,-0.240053392971609,0.112972036960476,0.910590643802817,-0.650943712766886,2.4149631483799188,0.665475816236893
-17.4677100117887,10.1148157246654,-24.2021422329158,11.8054692105913,-10.1980458075926,-2.5799380080012,-17.6567879964837,2.25690247596699,-6.24214930949065,-12.8306571996417,9.44266526535108,-13.5474858999444,-13.0287170264518,-7.65266166506753,-11.4853277896478,-4.72136957553102,0.550519004149565,1.00151850195952,-2.32802441621057,1.29681706144136,-1.05510390359967,0.11179202805362,0.679694612203418,2.09354057112569,-1.42549145377361,-0.29203170629954106,-0.7435783684369794
-2.37753280180283,0.520539361927579,-8.09413945532841,8.00535147326105,2.64075021376276,-3.38158645291742,-1.93437244067366,0.562322111872781,-3.10402718606356,-3.05121035544102,5.73576265915634,-4.74769250131792,-10.7163393018774,-1.14246727231018,0.91859080878698,1.12633522330277,0.0929734778841175,-0.634747080915274,0.148284201590387,2.66129069804724,-0.508619933518595,-0.401656629278738,0.587611216267645,0.500326371108344,0.551759687906722,-0.29203170629954106,-0.516498077109524
-2.25053480921229,2.36575487772312,-2.95549117924385,0.0897905975142065,-2.83074456678034,-0.844461639207772,-0.174061560679368,-0.407138137833787,0.174216293591102,-2.9989262562074,2.60516857519668,-3.67771661422902,-4.62948099682303,-4.18037888438458,-4.60568646763486,-2.55718413666009,1.58958220191211,-0.48653714178381,0.256559618287662,0.291104927494009,0.242566552797207,-1.27909371150404,-1.12353433717278,-0.630976512544474,0.326839204012689,4.02280628563482,-0.12257729020809524
-1.12509160979577,3.68287614423407,-6.55616794880279,4.01673095104413,-0.425570577758505,-2.03120987003802,-2.65013722169089,1.13124935389728,-2.9468895392379,-4.81640080035747,2.15579608547647,-6.28512495176061,-6.80009808768536,-5.23960438819297,-5.01790786864794,-1.34930885911419,2.8686028948655,0.452241310921092,1.18557978155236,-0.0536855730897001,0.284121984623636,-1.17446918218703,-0.0878322147402313,0.718789577961977,0.676215948809544,-0.29536921151439294,0.7495717932973532
-10.3630494651588,4.54367201286394,-9.79589773551539,5.50800333404763,-6.03715599427489,-0.133492972364907,-11.7243461176622,-3.19834557193323,-4.76784222430147,-9.33212806886128,5.2241240042156,-7.74312234505579,-7.14041803349475,-6.59870406570123,-12.1205390025684,-3.90409153348034,2.51343040062446,0.924396179705582,-2.45714487251707,0.977178353536712,-0.543368976583511,-0.289124786926125,-0.107586425389056,0.330641897772597,0.163577149556086,-0.29203170629954106,-0.3235215484189404
-6.68283191622627,-2.71426804459821,-5.77453045690806,1.44979237466742,-0.66183640822251,-1.14864974026029,0.849686456067088,0.433427022470355,-1.3156463890999,-2.79633153858609,-0.448793725596362,-2.56260240774572,-1.18166939064494,-2.3025956900034,-4.446191868553,-1.71046314846621,0.982728632705372,-1.92852719254856,0.22052629481591,0.335820816532534,0.215682964100827,0.803109991522633,0.0440333423786634,-0.054987627978561,0.0823370925160337,2.9934640522875813,0.7691150590675524
-26.4577446501446,16.497471901867,-30.1773174564996,8.90415677106517,-17.8925996927224,-1.22790388102871,-31.1973285494605,-11.43892041491,-9.46257260540015,-22.1870885620007,4.41999660154863,-10.5923050053728,-3.92620731586873,-6.80988994039049,-12.4623149481086,-5.50105078380738,-0.567939572890149,2.81224110932946,-8.75569832116533,0.896537503959012,0.254835536763482,-0.738096558530353,-0.966564233789852,-7.26348214633855,-1.32488430656137,-0.29203170629954106,0.11363416017134144
-1.27124419171437,2.46267526851135,-2.85139500331783,2.3244800653478,-1.37224488981369,-0.948195686538643,-3.06523436172054,1.16692694787211,-2.26877058844813,-4.88114292689057,2.25514748870463,-4.68638689759229,-6.17428834800643,-4.84969238709652,-6.53652073527011,-3.11909388163881,1.71549441975915,0.560478075726644,0.652941051330455,-0.221347831198339,-0.523582159233306,0.224228161862968,0.756334522703558,0.632800477330469,0.250187092757197,-0.3057989153108051,-0.32535483131740767
-8.46184470133154,6.86619841481805,-11.8382692206767,4.19421096699453,-6.92309709702798,-3.22114664850055,-7.55349651116055,6.015618186942,-2.4661434402463,-6.24624318477127,2.94398521977131,-6.51238933713471,-7.54364593187217,-4.3302948063467,-7.33969796421674,-2.55090085394741,0.645904895509124,0.814710155897088,0.918244480856236,0.210747336284603,-0.0602114737129364,0.509534595479059,-0.257283692851139,1.17002651560613,0.229300914797861,1.0845501321095812,-0.39940300787665295
-0.242244998983291,4.14718554774299,-5.67234909620488,6.49374059630435,1.59116815595921,-1.60252259512767,-0.950462840251984,0.722902909564455,-4.12850525273272,-3.96322447209244,4.46946731169238,-4.6550713248721,-10.1498129226371,-0.288725033933543,1.40450707513401,2.13208137860015,0.707199945685905,0.562029861091792,0.249022570668556,-0.286080216527281,-1.15357475551215,-0.0355711283215471,0.559628209963356,0.40944648264684,0.221048104758881,-0.29523014879710746,0.8530817661800436
-7.22273130585545,6.15577293013926,-10.8264598371575,4.1807791786876,-6.12355510135628,-3.11413648152623,-6.89511228298774,5.16151637665229,-2.51647653288733,-6.40337055173194,3.18605794805635,-6.85557098142662,-8.03661487513855,-4.55719345408278,-7.65470424350142,-2.58841864362628,0.718555009324824,0.818859416826789,0.91270032192132,0.190886662173033,-0.0612634320139128,0.379774656663009,-0.266845465234688,1.19369457713473,0.257468457389868,1.0845501321095812,-0.5041704247986768
-2.27175453696818,-0.457654560738072,-2.58905463865543,2.23077826688105,-4.27898250263823,0.388610079538804,0.102485457456358,0.813127838070308,-1.0929208385062,-5.03202838566819,3.51034756034463,-2.22739840581069,-5.19918574342056,-3.94352099869908,-3.82052232662867,-0.570821093891663,2.78338340771804,2.28575790271371,1.09634200952947,1.71167573455248,0.333540036403021,0.538591373646869,-0.193528512332835,0.258194100840055,0.247269213953463,11.164372131831454,-0.16636454712917886
-19.6418567335974,14.7063346696674,-22.8012376947782,12.1146718424589,-14.898112530969,0.840777704221173,-28.0112929096778,-11.9196388199434,-8.9609216998511,-18.9132433348732,4.971248707036,-12.6863075224956,-7.38337003956967,-8.58230865037102,-13.8065681285297,-6.00035879778826,1.42263161326029,3.83464904792346,-8.22887409813848,2.58521234602075,0.195008569338351,-1.19480304002391,0.0384229399473607,-4.12674625203028,-0.645329219040983,-0.2742316784869976,0.1825115388118329
-2.04448868873478,3.36830621710984,-3.93711139061868,5.62311973109633,-3.0792320390481,-1.25347411822809,-5.77887959312275,1.70742815771205,-4.46710312294842,-6.0677981503786,3.83978771072745,-8.27784094846266,-8.41668121212274,-7.86265882647354,-14.5708366290177,-5.18538553288232,2.41438956859515,1.11202761894884,1.48359421639379,-0.148485620188757,0.0016688545232818,-0.0389957310939217,0.389526401954901,1.30023645611458,0.549940374167289,-0.2001112501738284,-0.5737999195000778
0.329594333318222,3.71288929524103,-5.77593510831666,6.07826550560828,1.66735901311948,-2.42016841351562,-0.812891249491333,0.133080117970748,-2.21431131204961,-5.13445447110633,4.56072010550223,-8.87374836164535,-9.17716637009146,-0.871688490451564,1.31301362907797,0.773913872552923,-2.37059945059811,0.269772775978284,0.156617169389793,-0.551572219392364,-0.716521635357197,1.41571661508922,0.555264739787582,0.530507388890912,0.404474054528712,-0.29203170629954106,-0.9066465318929527
-0.964567282813312,-1.64354066791439,-0.187726849232163,1.15825311047012,-2.45833564593802,0.852221660377025,2.78516254594393,-0.30360853861401,0.94000553101046,-1.96530880945923,0.159743522312315,-0.490697387341298,-1.95887596969497,-1.34126935794233,2.49832484974359,0.777831088916474,1.4060448737262,1.78444933498197,0.447180121733859,1.63406050110051,0.203838849073356,0.218748854725954,-0.221885828382479,-0.308554718022245,-0.164500017914328,10.496871088861075,-0.5284026641361095
-19.1397328634111,9.28684735978866,-20.134992104854,7.81867331002574,-15.6522076772063,-1.66834770694329,-21.3404780994803,0.6418997011947,-8.55011032700099,-16.6496281595399,4.81815244707108,-9.44531478308794,-7.24346097400378,-9.53325705039319,-18.7506411474674,-8.09264877340557,3.32675827497024,0.42720343146936,-2.18269194560955,-0.760556415188733,0.662766638397236,-0.948454306235033,0.121795925829793,-3.3818429293561,-1.25652362136258,1.6395494367959949,-0.503465315991574
-7.33434102050082,4.96089229123138,-8.45140959148547,8.1748251681484,-7.23746372952055,-2.38271066458273,-11.5088418575552,4.63579753722901,-6.55776036636164,-11.5198609264142,6.45582813287588,-13.3802218737527,-13.0268638593173,-13.2515419788937,-22.8839985767803,-9.28783221397402,4.03823050489431,0.723313822249839,2.15375502636012,-0.0140949200284419,0.625249955306557,-0.0533903339689031,0.164708739959664,1.41104749421382,0.315644799820923,-0.14768460575719647,-0.5113390310042218
-1.95293262584861,3.54138524292281,-1.31056140773257,5.95566359407,-1.00399266347247,0.983049267722507,-4.58723460197373,-4.89218360319852,-2.51675203271071,-2.85032390160027,2.02467408050134,-6.48774641306604,-2.24151634571345,-3.93685691797738,-6.12719357199364,-2.32855196140235,1.56212955232854,1.96502978343686,-1.99809122812016,-0.041460872197789,-0.215378738296157,-0.865598577097396,0.212544577403768,0.532896738259478,0.357891632792824,-0.04227506605479069,0.13447012542122908
0.224414466674279,2.99449857558056,-3.43245819570533,3.98651893184362,3.76023294891974,0.165640145963465,1.09937770884947,-0.654557103379097,-2.43541565257984,-2.27673307339047,1.84607851719332,-1.96119460001748,-7.12231638408937,2.13101467212875,6.44364914460203,1.59253819138457,-3.68190355226504,-0.20084628074101,0.491337124801356,-0.421979358037133,-1.0480578940284,0.726411519627846,0.26862463804569,0.283689474052924,0.419101636371901,-0.30593797802809064,0.4814189139561599
-0.481531150954278,1.05954227713479,0.647117402910268,0.905586233912649,0.81936824001549,-0.0911835663506086,0.504134851323607,0.161064336313081,-0.765053776949662,-0.55054534794377,1.48028602025778,-0.105359122514952,-0.819901849432008,0.201150538864914,0.874890632270019,0.941476678511478,0.272698476205832,-0.0425151328862889,0.0706328691882125,-0.174659253437827,-0.438908072947488,0.239258996609831,-0.217823405004998,-0.0728522476980958,0.0104633125817071,-0.29203170629954106,-0.44383661453758083
-2.78386548658584,1.59682357624614,-2.08484398883683,2.51298558446866,-1.44674856585353,-0.828495614406621,-0.732262192061793,-0.203328860039345,-0.347045718430565,-2.16206139007752,1.96612345703981,-3.12745594474482,-5.92613104122097,-2.49930719432672,-3.71275186652084,-1.1421334371849,0.626240855695279,-0.515000920121256,0.203563419764299,0.199568287904264,0.146867632313486,0.163601884592709,-0.624084665941504,-1.33309975919931,0.42863399433625,1.863440411625643,0.8878553821836632
-4.61721720415581,1.69569365346656,-3.11437220079491,4.32819855298178,-1.87325699086527,-0.989908135538263,-4.57726462658038,0.4722161584519,0.472016953377646,-5.57602263642415,4.80232276125089,-10.833164469314,-9.40542306160986,-7.55234220350747,-9.8025617903912,-4.12062883466552,1.74050729036196,-0.0390459343384186,0.481829697240067,0.117038527549065,-0.21756459883966,-0.138776043706563,-0.424452881068275,-1.00204142597227,0.890780287970655,-0.2906410791266861,-0.8917804878765354
0.457845399378466,1.37376948070694,-0.488926009348227,2.80535094114905,1.77738605988168,0.100492060362466,1.29501591974452,-0.135857217631344,-1.69582245589888,0.955004466801798,-1.70222840135659,-0.240056328492088,0.139567417265152,0.372379299123525,-0.798201084554281,-0.69706160837415,-1.49715223294239,-0.264704752281373,0.105593015789541,0.0511047168873462,0.401524196613955,-0.724765816975051,-0.202880696489224,0.092123881011537,0.0949558537280024,-0.30593797802809064,0.6847605421111546
-1.85506070184998,1.55496360697718,-1.40580882850107,0.669327345741316,-0.280229520106465,1.17865246733203,-3.45997906611492,-2.81515495312599,1.24222876512242,-4.15635447965382,2.20944075185923,-5.12231410931103,-3.10393771952109,-2.42501563217886,-3.96062268909989,-0.125017788038036,0.60039728842723,0.536916458029193,-0.0953083066630984,-0.297402959067305,-0.368343891207103,0.198731156287359,-0.0785905919566464,0.366709355889324,0.0737667168278096,0.23306911417049084,0.07500594935555993
-4.64189285087538,2.90208643306647,-1.57293870931742,2.507298518227,-0.871782564349351,-1.0409025722626,-1.59390073966645,-3.25490508581579,1.90896268593707,1.07741752106048,3.33850216040272,-6.54261034532574,-3.26647554459315,-4.84238307827835,-5.269876299726,-2.34466857415508,1.95922405409272,-0.465679220344122,1.96359666634146,-0.54933995583883,0.645545202036521,-0.354557818794591,-0.611763845006479,-3.90808047547799,-0.671248265147117,-0.14754554303991096,-0.8094120273934772
-0.848290216565114,2.71988211593934,-6.19907019688041,3.04443718621919,-3.30190955339712,-1.99211683590396,-3.7349017657824,1.52007897310233,-2.54878817321614,-4.5335154033258,2.28802174654208,-5.26720466981905,-4.28799577702192,-6.46918689069948,-8.71392005149206,-3.7050697432532,3.53100289778427,0.319576271337295,1.12522925908799,0.199119186483276,0.0352062006310435,0.0121587630161963,0.601657823317562,0.137467682324392,-0.171396981067706,1.4621054095397021,0.8955175645541803
-5.19249642644832,3.16472117285823,-5.04767906023322,2.24659736005894,-4.01178140454907,-0.638908044905701,-2.87346326933044,1.57631757306221,-2.86198599107206,-2.12045759469323,1.86359573670074,-3.62025176254298,-1.58334340543936,-1.20229796977375,-6.16763653803023,-2.65153904856573,0.0135877061935761,-1.85046996353398,1.16724379365826,0.774561804390922,0.063396916565373,-0.390657771499997,1.8847406746985,-1.74255751463748,-0.08221593472572,3.140870532610207,0.8104109315368728
-2.79077103894771,-1.46426898705405,1.03116500769674,1.9213560843992,-0.0900138203463016,-0.483871347899329,0.780731181206493,-0.348775795673106,0.609133451935087,0.225933803313285,-1.06453419450651,-0.787372737955552,-0.126756361711439,-0.635321654596588,0.327006411459276,0.0438160872305435,1.40357376229763,-1.37672077946455,-0.392667221970544,0.777659196131864,0.418551935584405,0.244563185949918,-0.159360689127314,0.0605395343366452,0.356958362771354,2.5946321791127795,-0.42673772596533804
0.91311613528992,1.1453810871791,-4.60287793273505,2.09180337375362,-0.473223859280585,-2.0854358325571,-1.67124403232231,0.0943965856348779,0.337798765397573,-4.4318096317282,4.87197985976052,-5.39522117678937,-4.60379669207464,-2.57189156103509,-3.00361530529652,-0.225441388417525,0.252273565031692,0.50898474829098,0.40141574109896,-0.197684434494785,-0.283271078982557,0.387597335722074,-0.553526986386025,0.516274456782261,0.270828187083758,1.7503824224725348,0.19865853049448692
-0.639191253440691,-0.0855947885921835,1.26545195854416,1.40116573166082,-0.260542078671007,1.00979457835355,1.30199897093176,-0.135257522932592,-0.431520921685507,-0.0913533730643921,-0.921051995675577,-0.61381552858098,0.0160870050482155,-0.527140627794259,-0.0572786796405291,0.448655661077036,1.16443546519237,0.861306751100051,0.340330752683629,0.353376975218638,-0.778892742566353,-0.0706811598435952,-0.0333546437243291,-0.0619624216383359,-0.0626865318467909,3.729383952162425,-0.24813366512619978
1.91782653091941,0.951966571156228,-2.05920551344214,3.83399771227534,1.66819219140891,0.769825697337707,0.23246305671161,0.107940567202011,-1.14364568858013,0.541699242973355,0.301977229683697,0.257697090947377,-2.420715975085,1.50669615001484,0.799832475247662,1.16276426158317,-1.15062735713932,-0.115922317627863,0.0152553539964535,-0.111915984520572,-0.380575889863537,0.370994788995014,0.189116547062326,-0.0058232806791896,-0.0121050906997506,-0.17786121540814903,0.04753020950545431
0.754315925858731,2.37982185248504,-5.13727449343089,3.81839172249665,0.0432026520139663,-1.28545137361934,-1.76668362059541,0.756710661816359,-1.76572209782095,-3.26300672553831,3.59279683214404,-2.77234880583364,-6.28109364908023,-2.67917124597012,-1.38555652893852,0.249056748544312,2.3534526931986,0.369662961829814,0.397057600980957,0.171984534755456,0.394273775761011,-0.4446418368392,-0.2631890643687,0.304702950350999,-0.0443622747894533,-0.2781254345709915,0.7632509041551474
0.567539266873172,3.30938527728796,-6.63126848884588,6.39457369583463,-0.0541723256891658,-2.39653528063935,-2.79248887303506,0.514811021472804,-3.54178025732386,-5.33475387061743,3.61873721262172,-7.10148829773798,-11.0816168429851,-3.30289861059986,-5.84890261106356,-1.85063546419134,-1.01863859540215,0.555411780502512,0.614220932245907,-0.180408542452136,-0.52327142948781,0.645054313073713,0.246465837556682,0.902675054512292,0.47357149999817,-0.2407175636211931,0.8913104153384669
-0.361427838541789,1.13347191665669,-2.97136044013455,-0.283072525739314,0.371451592836109,-0.574679962140979,4.03151344147581,-0.934397840999575,-0.768254682100259,-2.24811517395215,-0.482409384022894,-0.690550364277623,-2.37255179777895,0.146399068662885,1.75931419392615,1.08303951438991,-0.391047742407487,-0.0258616224927044,0.110814637422018,-0.408436059432732,-0.880078912517905,1.40839232295512,-0.137402363335706,-0.001249817072624,-0.18275089691206,6.379084967320261,0.5569595708237728
-28.2550528932108,21.4672029942752,-26.8713387797136,11.7374361361796,-17.9996302850189,6.0659013519233,-41.5067960832574,-38.9872627434095,-13.4340663182301,-24.4031849699728,3.40932261990014,-9.60826735632918,0.240060357919937,-6.594756991638,-12.9575309948449,-5.61352195004329,-0.248828402209821,10.4407179813405,-21.4537362781468,4.90911112135878,0.0983279449493119,-1.50873912052995,0.0087112904784173,-5.4078236392388,-0.183811044930697,-0.30593797802809064,0.2047342180490227
-1.29835900258265,1.07967115744319,-0.180677930886891,1.28783908383189,1.85827347944352,-2.22369500209375,0.525166986044906,-0.0968743110676978,-0.168893374133313,-2.544410418956,0.706999574201444,-0.835695915134352,-4.99399178918475,1.31536513941655,3.63919954823548,1.62342609471098,-1.53933883157799,-0.18757199362802,-0.332983053581271,-0.370799798865314,0.29824168728035,0.442929877216587,-0.522832450531743,0.0001048565072203,0.135698346061769,-0.29203170629954106,-0.09185804984531676
-5.83919161928092,7.1515323543223,-12.8167600806187,7.03111476501099,-9.6512721679897,-2.93842725771624,-11.5432071690832,4.84362653179436,-3.49427572506535,-13.3207888671784,8.46024444901677,-17.003289445516,-14.094451660329,-12.6616957230679,-18.9124938172188,-6.62697484523061,4.00892074227194,0.0556838813863639,2.46205591127559,0.530480596078193,0.472669814042592,-0.275997967880675,0.282435024801752,0.104886020210564,0.254417096767513,4.089278264497287,0.10765248712441938
1.19239598990768,1.33897371069007,-0.678876186687009,3.1236723071222,0.643244863589275,-1.18432299431215,0.397585526006899,-0.253498538261658,0.41113497684127,-0.859862301810301,1.124059382453,-3.76387384832398,-0.971757538368114,1.45757852763076,2.61145033447876,1.2919552295122,-1.56381522671193,-0.185454650142832,-0.377503243008699,-0.0742075893964193,0.0354455164139561,0.550577974200231,-0.0271712789934873,-0.0249206212266212,0.0736053986634045,-0.26255041023501596,-0.7003787021884814
-4.15301449873357,8.20479650456012,-15.0317142097481,10.330099825448,-3.99442609736294,-3.25001318447365,-10.4156978119079,4.62080391044331,-5.71124797098224,-11.7971810675777,11.2779207278067,-16.7283393320915,-17.7216383537133,-10.3220166783853,-13.9590853730538,-5.03071003831832,1.19726633504633,1.41262488019492,1.97698839609887,0.485908106513804,-1.19882131436036,-0.526567394687845,0.634873502483478,1.62720907623952,0.723235068518316,-0.29203170629954106,-0.8299071900532651
-0.451382569628168,2.22514650025341,-4.95305045271638,4.34222824814605,-3.65619018970243,-0.0201214656089607,-5.40755361778584,-0.748436141338482,-1.36219775131112,-4.17062288702767,3.76230638231684,-4.22622469486547,-4.71049793587464,-4.73908378383857,-6.13188675183675,-2.42587063860491,2.31416486951171,0.724381267691587,-0.575924092076688,1.15412793921228,-0.0161857864909953,-2.07992826296301,-0.554376906341192,0.455179270612071,0.0013206564598543,1.2782644972882768,-0.3061406163238565
-12.3810482122443,8.21302215295327,-16.9625296493409,7.11609059812684,-9.77282635905051,-3.66683564785878,-16.1473633736285,2.07870595319163,-4.25065683444105,-16.7460441053944,7.42580096307482,-15.5648376012203,-14.0295376738875,-11.1337609764854,-15.8335888785336,-5.74853293843859,2.27108150670047,0.53779490001906,0.1677033350947,-0.767755381526479,0.371951476263823,-1.41563947948017,-0.517022160118675,-0.434620522533755,0.292721057342818,1.042970379641218,0.10843985862568417
-5.48803217118325,3.32956068110382,-5.99629608663308,3.6017196361428,-2.02392603601173,-1.73739347660971,-4.39685932040737,0.228394067739377,-1.67588392283112,-3.99178463209724,3.73703768128326,-6.15018666957144,-8.76069451926062,-5.14563785073948,-6.29347862779442,-2.13718660093444,2.99524475453849,-0.551121114938378,1.71963125994928,0.133583641611928,0.833339534034596,-0.839775663207077,0.502009639296227,-1.93747284570186,1.52121837279368,-0.3057989153108051,0.7899980315712468
-27.84818067198,15.5981926625554,-28.923755945104,6.41844174657532,-20.346228155413,-4.82820246578157,-19.2108964179086,18.329405525597,-3.66873493861418,-8.00915938639777,4.30309581759563,-6.00866000668561,-5.58044712038062,-5.49107326163426,-11.5885435992809,-4.71542017123115,0.734573493016404,1.69785626318366,1.8021491336386,-1.26984343615924,0.165409188492223,1.99949911253199,-0.211058522431997,1.32480949279508,0.388090177732107,1.0845501321095812,-0.6588948007039336
-4.22122078925031,2.87112058054735,-5.8887158872207,6.89095207502484,-3.40489435037622,-1.15439396843915,-7.73992801001653,2.85136330092288,-2.50756869395709,-5.11072764247853,5.35088988417692,-9.29980722738699,-6.10655192524523,-6.25062921491661,-13.5663252216994,-4.19278019670633,0.510570181831806,-0.227881506131312,1.62059124560534,-0.578007459600926,-0.0590448081819941,-1.82916881940751,-0.0724287202294822,0.136734308772186,-0.599847542493268,-0.20038937560839937,0.21073939472284817
-1.02063166582361,1.49695912243222,-4.49093711758335,1.83672705849852,0.627318467501556,-2.73556861001066,-1.54627364241291,0.459821576439238,-0.68274140597399,-4.36310219273296,4.28702087961434,-5.40376835689762,-3.08774290682652,-3.53705628406879,-3.17202752176385,-0.52988508450368,1.01162645030639,0.443488532055906,0.773630966413973,-0.304666447555476,-0.155499583027691,0.41216629075428,-0.220079647308722,0.392337584118175,-0.0200894870934853,0.0005562508691419711,0.2071315879931722
-2.01900071938148,1.49126972926361,0.0052218157286719,0.817253270463702,0.973252233873376,-0.639268312778292,-0.974072997078786,-3.14692889107659,-0.0031590736890201,-0.121653217684609,0.0243696057661544,-1.07381224038496,-0.895433620751722,-0.103527023620705,2.03119574973193,0.31759835677742,0.38676063692414,-1.02996468249782,2.83959610796444,-0.142811875801854,-0.0861029384113329,-0.329113253522425,0.523601226377288,0.626282771397878,0.152439938058669,-0.29536921151439294,-0.5771021790800093
-3.36526491864606,2.92854110729003,-5.66099919906905,3.89115992835328,-1.84037510965314,-1.80088720390662,-5.55867935318221,2.40232168278639,-2.84892272106495,-5.99567612703198,4.22130410784879,-6.11966735264192,-8.14932178394224,-5.37528289323615,-9.31500138499105,-2.48756256913711,2.35591891159776,0.57637946532203,0.875260063301294,-0.606282749133978,-0.743164794295893,0.096318936065612,-0.135060497401362,1.23869473001415,0.0998237563444676,-0.29203170629954106,0.013767249458682093
-0.937843305478391,3.46288948991687,-6.44510395393435,4.9321986662268,-2.23398306982245,-2.29156112129773,-5.69559392853253,1.33882463362261,-4.32237655329329,-8.0991193981365,7.18296700883659,-9.44594338249901,-12.9914655817567,-6.36752437517144,-12.7343938853776,-3.84512965889743,1.00766725992114,1.12953228130351,1.06655024941577,-0.319917292909547,-0.405859088093617,0.906802159957716,1.16578389011737,1.37449533233535,0.729889341911333,-0.30593797802809064,-0.005740760871161931
-5.68501341827133,5.77651621042963,-7.06497672861513,5.90271545151069,-4.71556383098609,-1.75563332378958,-6.95867914257843,3.87779518702774,-5.54152882782373,-7.50211219093686,3.67670318691664,-7.64298306727846,-8.29965953059956,-6.79279505972775,-12.075932061394,-4.88217964265137,2.62662452479163,0.299488632233821,1.12864107441301,-0.110045083655872,-0.177733240766768,-0.0891754157062679,-0.049446723229275,0.303444581632884,0.219380438614266,1.2473925740508969,-0.570227368210757
-2.83098405592803,0.885657038258755,1.19993009832405,2.86129223993172,0.321668777779154,0.289966026429405,1.7677604489638,-2.45104966190813,0.0697358066743391,3.24508640095346,0.675287853392807,-0.677096334427304,-0.913786970583513,-1.0245020918608,0.0220452070437295,-0.940684674142594,0.484758940230455,-1.01692314354721,0.546589339675499,0.172105676221893,0.623590288019672,-0.527114316331261,-0.079214654387473,-2.53244529803097,0.311176714703215,1.1515783618411903,-0.6327235121469682
-15.1404496225073,7.37804241221284,-16.356367356494,9.19493491430021,-13.4661632895942,-2.95843050082103,-16.1655386244192,10.0752539455532,-7.90182112627786,-13.0094028057641,4.82823533219729,-11.0584014244364,-8.59204740189288,-10.6157452968661,-21.0178983428443,-8.39739305199317,3.18355894967976,-1.69148198782553,3.14742810473234,-1.15016247089952,0.795189734964946,-0.194542181109758,0.145963568626439,-2.45868034756574,-1.18988788135128,1.1757752746488663,-0.5086126102834244
1.22761441351286,-0.668973794096954,-0.271784826118016,-0.589439741635524,-0.604795004349645,-0.350284967097775,-0.486364540645055,-0.0108086285956747,-0.794944156080669,0.264544748886681,0.881268050432366,-0.324703760782435,-1.11273543930467,1.53341124817574,0.831442610720144,-0.473346676550517,1.19012126352217,0.273799209937263,-0.0260547222626376,-0.180458520061445,-0.436538663158256,0.494649059264358,-0.28373826696629,-0.001128278642713,0.0350745013143425,1.057015714087053,-0.22286726620501626
-3.36776957405755,0.0992494427033949,-6.14848744863103,3.40195536781235,0.458306649432465,-1.57162971516015,-1.35870798100218,0.672409368648482,-3.18800116217364,-4.93742665954554,3.72393253444097,-4.60317614883077,-6.61909019992345,-4.47254755736649,-7.16504438660351,-1.58112819134185,1.93037970885184,0.264698703752275,0.861308008231813,1.85062715893443,-0.117471200405974,1.21981539606006,0.0002506190192774,1.03601138278301,0.0043667546240766,4.1442080378250585,0.6780972638840331
-1.16920341321234,1.86341353532436,-2.51513548140496,5.46368064632147,-0.297971322569218,1.36491803995482,0.759218697057941,-0.118860976595472,-2.29392142249704,-0.423783865294484,2.37587561688329,-3.24482729860534,-5.15247483394519,-1.02204502568313,-1.64650484628376,0.126459752723905,1.81901276401306,-0.299374112945613,-0.393089990476079,0.47130870257521,-0.0786160465959469,-0.544654650975683,0.0147767561333222,-0.240929959465545,-0.781055195837041,4.207898762341816,0.6767575571505378
-8.25711081724667,-4.81446073955621,-5.36530689032661,1.20422986423394,-3.3474200965739,-1.33160147516446,-1.96789279857039,1.29543781710486,-1.67441524280437,-3.42605225253339,0.144562690111297,-4.28352931016896,-3.65749040377527,0.844221069436753,-3.94831185243281,-1.8075159915996,0.105878827218844,-1.23398725720348,0.436390207477188,-3.09162435615504,-0.390200885685448,-0.288688941339997,-0.340004217403437,0.0398191045440342,-1.00790031022705,4.132943957724933,-0.2928023080561619
-2.13905055735992,1.39436766175691,-0.612034894995233,1.04932705568948,-1.1621019076536,-0.768219363115428,-1.99723740081007,0.574996543366778,-0.98083177624058,-2.49561924548174,2.5555891530874,-3.53043627008024,-3.45519657744236,-2.46773703008032,-7.14032596614864,-1.27128002161365,-0.0017219235416342,0.0254265126136498,0.696954881120808,-0.15511524943514,-0.0506074460808317,0.268368293338874,-0.469432841163864,-0.405813768055179,-0.152170846988601,-0.03156723682380753,-0.42081481198567455
-30.552380043581,16.7133892350242,-31.1036848245812,6.53498386355181,-22.105531524316,-4.97769196369245,-20.371513594495,20.0072083651213,-3.56573779124378,-7.7310714411342,3.8294273949908,-5.31433227604015,-4.57926372815218,-4.99784830436345,-10.9614103561188,-4.64148195920404,0.567056279787444,1.73364399368955,1.8165201713562,-1.46054449877578,0.183179482716819,2.20820917836653,-0.208823971247713,1.23263629519904,0.356660010884047,1.0845501321095812,-0.6573670649552109
-16.308650062507,11.6148005425867,-19.7393862972953,10.4638662754002,-12.599145656022,-1.2023933184963,-23.3805078207357,-5.78113300512982,-7.81102238181602,-16.3035376590131,5.57362527301538,-13.6352161247268,-7.35279224297253,-8.72814239367754,-17.5988535455879,-7.45595632935304,0.169740705598221,2.10603387120175,-4.88498262418118,1.39295263139548,0.348996604820014,-2.16750975079914,-0.798753537981903,-2.94277507305079,-0.462679619023024,-0.28327075511055483,0.12770108087304222
-11.3977267217611,7.76395304621262,-18.572307456296,6.71185525207739,-10.1742155991554,-4.39591833120843,-15.8937882429266,2.08301258152135,-4.9888371802491,-15.3460988468775,7.09318207259894,-14.9797547574476,-9.93567958156078,-11.6468338293624,-18.3838524599849,-7.40273080415809,1.94169681013401,0.208879130047717,0.339007373241803,0.239217367154604,0.534644166424257,-0.174964905765612,-0.500240426616998,-1.72206026726614,-0.574339363297002,-0.1474064803226255,0.10896869023101127
-6.75050851563533,5.36741605145469,-10.0546349530569,9.06447791765316,-7.96811808353808,-2.26379841398236,-10.317566180676,4.23766573099145,-5.32410880613734,-11.0923923688428,7.15408284221914,-17.1504052507291,-11.0301103643432,-12.4485623424367,-22.6679054064789,-9.26460873295655,1.9823563171714,-0.0812198922441237,1.90903201764938,0.425000563135111,0.674908669807175,-0.784208393488163,-0.247422102935353,1.1595813739152,0.197817874685768,2.6095118898623277,0.10768774256477452
-4.99175779387947,5.2133398229232,-9.11132629809104,8.43198635177602,-3.4355156720863,-1.8275651016855,-7.11430284412379,3.43120663145462,-3.87564287029742,-6.86850850672582,7.15062516950116,-10.2629840447185,-10.1275247811671,-5.19027103814098,-8.6557110398096,-2.02444347438745,1.5604792800844,0.0981321924634143,1.18942283937597,0.294448330047117,-0.548503502162266,-0.174616566570794,0.406702503092405,-0.40233927269736,-0.882885795448957,-0.30593797802809064,0.21127997814162697
-1.22966891678814,1.95609915073809,-0.851197959645561,2.79698655025108,-1.91397684079333,-0.0449344462262948,-1.34073935355915,-0.5555479867039,-1.18446766006311,-3.24510859732028,2.33832327000211,-2.82004218823068,-5.41958986916794,-4.18075778829053,-4.2850705920981,-2.53645157282245,0.93023918577297,0.270459255150975,1.20805425987967,0.0192658003152734,0.508528831195383,-0.201182897226566,-0.249600419347595,0.562238742839488,0.0753085014191344,2.0709219858156023,-0.33603722974501504
-3.60054350412378,4.51904694695796,-6.34088353532231,6.21476727765717,-5.829557636648,-2.4780949557906,-9.93841155861772,2.83008605053969,-5.65916161145799,-11.2981564915382,7.2529532268294,-14.2750918465127,-14.5559572107641,-12.1465401437589,-25.1627993693248,-9.04284515066473,0.787578807808201,1.38474276211824,2.26377035551642,-0.094068667085379,0.536719087381271,0.398142307216228,0.008276586749878,2.05352425334029,0.835749002954128,-0.25323320817688777,-0.5121028988785832
-1.43086372778891,-0.802528699267131,1.12332029999445,0.389760264731692,-0.281213534404278,-0.055123492429819,1.32623248909333,0.195699815379613,-0.546889550453909,-0.71347376073502,1.27462907751277,0.0236821347785728,0.727242085814848,0.348037591565135,-0.5663900830288,0.216016101767291,-1.14037564250718,0.634184289933654,0.325575470468413,0.844946015847872,0.114962884542335,0.156364810543393,-0.619437446641754,-0.120351072821334,0.0355941733717493,4.62147128354888,0.0011340499980903303
-19.1798264145873,11.8179219897853,-21.9191735807843,6.0862356342864,-14.7088447898427,-4.30888760741835,-15.3579518065836,12.8571650181242,-3.99986076978115,-8.9286556608751,5.8492930661792,-8.26164983722413,-8.82935922766409,-7.0709530089254,-13.6297209427085,-4.9588298158479,1.27209136353211,1.572949614923,1.74680154191934,-0.762965072731218,0.117027851903743,1.29799375563032,-0.224825057048525,1.62105238966989,0.4846144027264,1.0845501321095812,-0.6832093027355284
-7.03030814445441,3.42199090467553,-9.52507177254752,5.27089100906596,-4.02463027558805,-2.86568161775739,-6.98919473439446,3.79155093755913,-4.62273033596451,-8.40966487562735,6.30904400603177,-8.57676143258937,-11.5340460181508,-5.45249465771382,-11.8875700201872,-3.56358481007011,0.876018768156628,0.545698040621445,1.10339774484256,0.0369432219896495,-0.355519004066217,0.353634382097,1.04245799282131,1.35951563156376,-0.272188101257294,-0.30593797802809064,0.006962949470140111
-1.42662331260887,4.14198623236944,-9.80410344235714,6.66627300324451,-4.74952679326515,-2.07312900595144,-10.0899311630826,2.79134529885187,-3.2495156171301,-11.4204509744097,10.8530116481991,-15.969207520809,-14.690729133641,-12.2271892780267,-18.5873662058916,-6.92076186060174,3.16699890688552,1.41067765264616,1.86567876848945,0.605809354312964,-0.769348118123441,-1.7463368287861,0.502039516709683,1.9772583297728,0.711606531209485,-0.29203170629954106,-0.8644810252282056
-14.1791651073631,7.42136996239257,-21.405835744128,11.927511869244,-7.97428068736155,-2.20271027666529,-15.4716122801735,-0.356594909586509,-6.38012489838839,-13.3482776536659,10.1875873241664,-14.5639797552132,-14.4915983463022,-8.2641288443605,-12.4398049728466,-4.83707902601307,0.753149847889189,1.00276434172175,-2.36683606243662,0.991153238179024,-1.03313210707298,-0.327179344936207,0.634692903522304,2.17190494464567,-1.39528768393339,-0.29203170629954106,-0.7630511233264683
-4.56634156694274,3.35345148012501,-4.57202780762531,3.61611930403552,-2.49313810882875,-1.0899997127127,-5.55143306976649,0.44778308394893,-2.42441402571208,-5.69992228265959,3.58682418337431,-6.63622904939297,-7.24554959537009,-6.85681003898144,-8.85187850534679,-4.5918832274368,0.936939858866071,-0.249127726683026,2.67446587862872,-0.302447083877198,-0.0863964000107124,-0.516059779833395,-0.295102234035121,0.195985145691014,0.141115102721758,-0.29203170629954106,-0.5018200621083341
-12.8357595817777,6.57461542943546,-12.7884624825347,8.7862568391843,-10.7231209172666,-2.81353585641993,-14.2488465310891,7.96052082227957,-7.71875064933864,-13.0740681657723,5.97513066688423,-12.375374654316,-11.4706925061593,-10.9738046181506,-21.047629901985,-7.99078328442082,3.33103902941017,-0.617296150458597,2.67949007049737,-0.836982346024597,0.625349328179101,0.125864937720446,0.177623612238763,-0.817680255865793,-0.521029795905738,0.21304408288137947,-0.5101168424052437
1.87823003111341,1.32562957435462,-2.33346899289515,4.23315121365749,1.35518399558821,-0.853508247169998,0.716025067921391,-0.164909788991874,-1.50234450491057,0.259411077154011,1.45123754814542,-0.280523276849375,-2.75755676655084,1.58746039125258,1.92934969114042,1.18943290293776,-1.53016232603362,-0.226108020608619,-0.152130790009807,0.0434144058266633,-0.242379535720923,0.171097766325585,-0.0026009879775509,-0.0266665673926497,0.0052376673818857,-0.20775969962453064,0.8326806180278694
-0.860826892469905,3.13178963278262,-5.05296813449749,5.42094070941518,-2.49414141557203,-1.81128662834635,-5.47911745062699,1.18947198655298,-3.90820579292615,-7.06074618169306,4.72997415443333,-8.62905440849263,-11.1820634139742,-6.53298227788478,-13.3892507167674,-4.48041256680694,0.432054206519352,1.0857595200589,1.19269353963797,-0.341880850908644,-0.215924151333767,1.05303194615504,0.271139003495332,1.37329957704625,0.691195095871691,-0.04144068975107774,-0.5876553075596478
-3.57636177773708,3.29943622098785,-7.46043319687438,7.78363417666419,-0.398548657536885,-1.96844144838725,-3.11047619254795,-0.328403695377149,-1.57436284547485,-2.49756054724841,4.60417047790948,-9.0019148555682,-13.9694706254616,-4.49162922501012,-5.96998693103967,-1.27466622002178,1.14778361222539,-0.181455201194929,0.540730752300116,0.379248749413946,-0.616961860032022,-0.44281081400968,0.359840688732324,-2.65182487459349,0.422184391599186,-0.29203170629954106,0.7916667890813901
-1.45687631770562,3.74030556080113,-7.40451844591174,7.44096403590735,-1.5498779534738,-1.66169686169337,-5.75721301357641,1.61501101078404,-2.19488072574389,-6.80713525144464,6.82579316213884,-10.3997491177692,-11.872845098188,-6.0441031440521,-9.75077638654123,-3.11637225405711,0.0653171492484702,0.529557330911833,0.957897451629944,-0.0447039008346728,-0.544961671329029,-0.757756535554721,-0.005352369235898,0.318152285707546,-0.323553622642371,-0.2742316784869976,0.20976399420635597
-4.59944700208203,2.76253994253031,-4.6565298706326,5.20140306725894,-2.47038771213247,-0.357617930345621,-3.7671888274624,0.0614664440276634,-1.83619986278079,-1.4706452575308,2.14393063330902,-5.83973605661705,-6.17736456586248,-4.51052273721062,-10.3405128633486,-4.18117755349571,-0.376135682527478,-1.00065772232141,1.58148035659457,0.621415022135499,0.994109926998982,-0.687853106052664,-0.337531252843331,-1.61279104641522,1.23142473470435,0.992212487832012,0.5150408522415115
-2.14051149219032,4.10487145129475,-8.99685940156949,4.02839095079544,-5.13135934640223,-4.15356844523859,-9.36009513383968,1.92207487977653,-4.02618037499445,-13.6913151328525,9.09528815249629,-14.1681208819376,-17.6206343516773,-13.2568330912778,-21.675483501012,-7.82346881553754,2.9951111673215,1.72557761649372,1.85426666080646,-0.339938978813788,0.296313762529247,1.36422533027428,-0.518995630979066,2.35233346525926,1.13062483533989,-0.29536921151439294,-0.514735305091767
-1.27813773524814,0.716241580332591,-1.14327922918382,0.217804800631468,-1.29389046969973,-1.16895152511977,-2.56418198278833,0.204532467641239,-1.61115462297744,-1.25028553742691,3.36736102310858,-4.58309584545642,-5.20830522179452,-1.81591431259746,-5.24911146794949,-2.19669120679566,2.10905264474381,0.817203155491914,0.490182667533974,-0.126261344339209,-0.126644458784455,-0.661907559467122,-0.349792996571914,0.454851068382725,0.137843477172283,0.040328188012793746,-0.48415708649040906
-6.9852674861123,5.15109356872598,-4.59933777342036,4.53447860064768,0.849053978611719,-0.210701203278644,-4.42522968507474,-5.13452515572624,0.0693205728889109,-0.870997150804889,5.20081516878268,-7.80222778971281,-7.56013197197136,-1.50792960088674,-3.41027456780471,0.107544007359072,-1.37551765637273,-1.24699631854492,5.45367185347674,-0.280333720590026,0.120771472511766,0.569357720918146,0.145971466001576,0.300193469284684,1.77936385243205,-0.29536921151439294,0.1857785429514092
-16.3679230107968,9.22369194937548,-23.2706305232856,11.8447765860728,-9.46203714585895,-2.45044437416398,-16.9251520440555,1.38420847895884,-6.28773594816964,-13.0027093010697,9.69146098207319,-13.8865951585248,-13.5170724083842,-7.85568149439455,-11.8038151924676,-4.76102594206856,0.618624412799665,0.993584598744375,-2.34367359429797,1.18821215709493,-1.04718376839983,-0.0355727659827232,0.664899774367373,2.12279575423083,-1.41674061492574,-0.29203170629954106,-0.7493132534014155
1.32272425078878,-0.843910597775511,-2.0968875375015,0.75975906867787,-0.196377115172222,-1.16635257897589,0.482534011071884,-0.349790812508124,1.04500741682416,-1.47497416110315,0.0110374511201705,0.483019027615191,-2.33279338224807,0.461206283587447,1.46805197816555,0.891705535237246,-0.45793403989618,0.585434736822602,0.133814675110081,-0.208573690328062,-0.254751784229223,-0.0983244022531656,-0.613874016689451,0.0026541572433407,0.0723858076215552,4.67181198720623,0.8004101382894648
-3.81821371829341,2.55133767783118,-4.75915831591909,1.63696695878653,-1.16790008391088,-1.67841338780471,-3.14473247208576,1.24510555037845,-1.69254135414833,-4.75993137385013,3.64225693939881,-4.165202322571,-7.62431631397779,-4.07999232998846,-6.71717654755023,-1.88754964911755,1.35674828969143,0.164453445972909,0.837685440079622,-0.417694265920243,-0.469712471536136,-0.225934235750846,0.586415248500604,-0.348107405939032,0.0877768724326224,-0.1571408705326102,0.7795741730395772
-25.2663550194138,14.3232538097233,-26.8236729135114,6.34924780743689,-18.664250613469,-4.64740304866878,-17.9712120192706,16.6331030618556,-3.76835097141465,-8.303239351259,4.78325736701241,-6.6992520739678,-6.57627643636006,-5.96165987257541,-12.2184817176797,-4.79184198325342,0.894853521838799,1.65828884445902,1.78070097046593,-1.18816729293127,0.156667050663465,1.76819198236914,-0.219916008250323,1.41185477685432,0.414656383638367,1.0845501321095812,-0.6754178504170425
-3.14025953779538,3.36734230912012,-2.77893140701488,3.85970067435928,-1.15951836286203,-0.721552487906327,-4.19534154281433,-0.59834584749232,-2.87014477203106,-5.29061006200618,3.82376208408163,-7.49227616878309,-8.52767862203589,-6.18087991000233,-9.6988394108884,-4.81823334077503,-0.871581688476025,0.0777814455070256,2.45233850455703,-0.189330326319261,-0.166482104307702,0.0380396237066075,-0.0154765350217125,0.776691265853111,0.397557490298277,-0.29536921151439294,-0.5144297579420224
-1.37097577264543,-0.0254646126717458,-2.77490691587532,2.65053018469314,4.5113092908958,-3.28934368164807,-0.118841441826044,-0.0142794452575209,-0.932772843574534,-2.63744174460075,2.85877650156878,-0.553179939159781,-6.45502910306118,1.32383297549701,5.5802092523309,3.29368759380439,-0.13769358207354,0.701291826581395,-0.0480610880626297,0.0721929949962486,-0.600351420040195,0.371330623587411,-0.370950985387369,0.0119702494393591,0.145895338821258,-0.29203170629954106,0.7585031715206553
-3.15898973247843,1.7654516187093,-3.39016804993175,0.9874099790721,-1.50993036564483,-1.28095213137771,-2.71955696702151,0.718324816575686,-1.66018323527908,-3.8410981507899,3.28282460993431,-3.90687694585664,-4.89818303490097,-4.78744841664753,-9.33432947229458,-2.58024865554763,1.50157346167502,-0.0225898632000452,1.12053278888547,-0.618637378199115,-0.251282996939273,-0.240527821958069,-0.0043267561942135,-0.2354773111409,0.0181292220019296,0.8660826032540675,0.5948944246459031
-5.96145725181683,5.31338185985134,-6.67432045600546,6.02897499089959,-1.38755992793501,0.670638451870295,-4.12898748860167,-4.76589378950457,-1.00525917075425,0.453505060416619,4.43173633655471,-5.14273660303602,-8.7554491326517,-2.06502561211988,-3.26143516010375,0.12522332026716,0.936966154656013,-1.11658092121725,5.55664239133643,1.35517244397724,0.141093214148711,0.0779134112043686,0.473988340387306,0.28712879038893,1.46865341855998,1.1665971353080238,0.3976754912992511
-4.59561704249556,5.08369023030901,-7.58101461744265,7.54603279503791,-6.94916456384443,-1.72918492987346,-8.19019171984817,2.71466961013434,-7.08316933143187,-11.1412776902967,7.38185937432083,-14.4686550955305,-13.602211465597,-13.5632729563133,-23.8156358284126,-9.17055721888169,3.66952343976659,1.68216030642087,2.24897122592187,0.0337440528595468,0.591783408003629,0.334228764687698,0.386801106292112,2.16389776726335,0.983103834042297,4.423724099568905,-0.5118443589826455
-5.97611932262173,-7.19697963053735,-5.38831591092631,5.104798647287,4.67653286692543,-5.56687006039983,-4.29118042196746,0.876530560032016,-1.07547808735089,-3.27256917385192,1.1682159434835,-2.13473197122041,-4.56600986017187,-2.82698551177892,-2.86574970146517,-0.912934238200631,0.421144082740547,3.13633813209484,1.45936905794799,0.848177173598492,-0.269916379777294,-1.09505960437355,-0.710905241951938,0.565846302250925,-1.03410718662341,3.810318453622583,0.8689937215936634
-0.88525408859895,1.79064923163963,-0.945148961205205,3.85343274655953,-1.54351007486649,0.188582114329739,-2.98838275644296,1.34405855095688,-2.29453470924744,-1.88617599041763,1.90428359307622,-4.00241403073237,-2.80191542309724,-2.34873992555213,-6.42673430721498,-0.827308425201024,1.73238175785046,0.370040520565647,0.746159905151139,-0.0348823420887786,-0.56760840448119,-0.528317952733951,0.258782456503747,0.506892694941992,0.176735548819463,-0.20066750104297035,-0.0390218965664139
-4.39797444171999,1.35836702839758,-2.5928442182573,2.67978696694832,-1.12813094208956,-1.70653638774951,-3.49619729302467,-0.248777743025673,-0.24776789948008,-4.80163740602813,4.89584422347523,-10.9128193194019,-6.77109672468083,-7.35808322132346,-12.5984185405511,-5.13154862842983,0.308333945758691,-0.17160787864796,0.573574068424352,-0.436206883597401,-0.0535018648884285,0.252405261951833,-0.657487754764504,-0.827135714578603,0.849573379985768,0.5145320539563343,-0.9131922919855571
-1.541678492331,3.8467996764866,-7.60411417332843,3.12145858452036,-1.25492417272895,-2.08487507838532,-2.38502692521029,1.47113982318282,-2.53050724987995,-5.17565967956169,1.92718574923744,-6.01115469172088,-6.74556131619148,-4.3251322468452,-5.55806727496643,-1.58053122025709,0.971906321717639,0.114760087792356,1.09640466568909,0.0653703316207609,0.257209437635477,-0.693653969054163,-0.335701711683891,0.577051520346345,0.398348367999506,1.4000834376303712,0.7496070487377083
-2.04260819938332,1.57357807373238,-2.37265243271278,-0.572676430720841,-2.09735276458226,-0.174142123011242,-3.03951978687359,-1.63423295064356,-0.594808638750073,-5.45960189444545,2.37853722491518,-2.33027064686235,-4.05852343611281,-2.52266081131673,-5.60340034818128,-0.778439963776289,0.860211793588662,0.825565985313424,-0.723326195587733,-0.696892260580304,-0.600513726439022,0.127547028812739,-0.786072220292301,0.606097322391548,0.171696507911815,3.335697399527186,-0.3614328986141674
0.333499490680108,1.69987344643198,-2.59656116696059,3.64394526899047,-0.585067615145778,-0.65465853161144,-2.27578851019488,0.675228968561644,-2.04241592376479,-2.83487115980611,2.80200512615164,-4.39273243849001,-5.32728665168661,-1.35938947657172,-5.09518287931609,-0.338012656200231,-0.124137989024621,0.32934171405761,0.469211944535006,-0.317980934036568,-0.769644309522666,0.807854587509663,0.228164299217237,0.551001873896763,0.305473419992231,-0.04227506605479069,-0.5882781536725886
-2.3493399641893,1.51260401518904,-2.64749719609623,1.75379247237301,0.406327950335496,-2.18849400496996,-0.686934747748875,-0.547984409288573,-0.0995281132954432,-1.67234597814111,2.17297610055437,-3.10347667138871,-6.03440257566619,-2.38382603356602,-4.16647877527802,-1.77239694698232,-0.526280794204029,-0.0934214753719124,-0.0885194213942628,0.258148130014773,0.0619011334336728,-0.35418019381022,-1.15267106612603,-0.736072755373029,0.733702732493917,-0.23779724655819773,0.8853992531722551
-7.4279242314783,2.94820920837905,-8.67855038407896,5.18530347959595,-4.76108997261691,-0.95709501604379,-7.77337978477431,0.717309273781191,-3.68235923846278,-8.40315026242229,5.70520550718269,-8.6407464115182,-9.46613912320431,-7.30324272860725,-12.4480392359586,-4.33283424125087,2.35202964025176,-0.123085015912889,-0.299847070706951,0.789022761446755,-0.564511939509452,0.201195825477742,-0.111225430586455,1.14459850910478,0.102279545438297,1.5079961062439158,-0.3416781002018374
0.919136507326981,4.19963266902077,-7.53560659365729,7.42694037455047,1.11821533001319,-2.88672235145027,-1.34103599607144,0.363933268353337,-2.20322443100109,-4.13784019622865,4.57011280759332,-7.62916958856017,-9.44037499459843,-1.23395828198259,1.63200885764087,1.3157345644727,-0.287188855297045,0.535434663150233,0.316093599204254,0.21069215028398,-0.417917881438145,-0.91118827562932,0.466523924588163,0.627393270472548,0.157851282541588,-0.29203170629954106,-0.8585581112485421
1.26132423719507,2.72680028914035,-5.43501891203698,5.34275900861121,1.44704301840055,-1.44258408548501,-0.898701853990691,0.123061977888509,-2.74849590498127,-3.20243612238872,1.99136063471588,-3.98641621648026,-8.48579450596077,-0.66613426737281,-1.37262938444618,-0.10431295585569,-1.46691055321726,0.313331634515096,0.209086136071647,-0.154439525696635,-0.0188195044268996,0.632233951218357,0.192921615175897,0.468180887290157,0.280486470872693,-0.2838270059796968,0.7446007762072785
1.08256623409747,1.09486151295003,-1.36702004784737,2.01255429562949,0.708142047645968,-0.807712094137058,0.151952109111841,0.158352530916403,0.0098722842273316,-1.92527812380296,2.60593702345612,-0.309218873424363,-4.42919458671376,1.05551393649543,3.9705869371836,1.76224857169611,-0.880812102847679,-0.135789404251701,-0.32528376499397,-0.106725343342181,-0.224999064492694,0.569167327221417,-0.33503264926341,0.0891401408869493,0.11233722000597,-0.29203170629954106,-0.09196381616638218
-2.40520709191687,2.94382338959853,-7.61665422068905,3.53337387196109,-5.4174936280787,-0.112631914902059,-1.32937156302318,1.70941680752813,-2.32271560874193,-6.54098852025393,4.4045784815908,-4.93815929027047,-7.46296062676276,-4.67103153190135,-4.47240325411649,-0.982089900241056,3.49006859270908,-0.338706731161814,0.652683371514066,0.0238690731255201,-0.260616387490787,0.405316462428397,0.0291067415861135,0.519806551904182,-0.469537113503405,8.977193714365177,0.7064661415564689
0.432554461820961,1.86137334473124,-4.31035306214219,2.44808047483365,4.57409367462504,-2.97991207512663,-2.79237913364276,-2.71986651919035,-0.276703666493858,-2.31474716368481,2.22296005779154,-0.407550442912615,-5.87143807802568,1.67987296365444,5.54086531862428,3.20763696362324,-0.559479810847182,0.318852892094648,-1.3844768425902,-3.9799478814166,-0.828156262241172,-2.41944598182275,-0.767069606648857,0.387038910929273,0.319401534511631,-0.29203170629954106,0.5640341625217041
-8.42681446458936,6.24165891255794,-9.94646974501132,8.19961393161759,-8.21309336768256,-2.52204605104398,-11.6430282742756,5.33950009801351,-7.05101582770698,-12.2653238444006,7.04773274001302,-13.7429528415799,-14.1074642630375,-11.8478871921138,-21.6739867132891,-7.78404247450965,3.20430921695579,0.563869352833826,2.42746037443776,0.0203051671536146,0.499809093124917,0.467593621860553,0.483161969665241,1.19567086957704,0.198294350072086,0.9210123765818383,-0.5110804911082841
-4.28058383167792,1.42110000741665,-3.90822884348162,2.94294608011161,-0.0762053360306411,-2.00252600045019,-2.87415473251562,-0.856005441485914,0.963674230223562,-3.23543895742654,3.34180192747217,-7.56286042898412,-11.5714234295766,-6.18091869945618,-9.28518598266033,-3.92172214129965,0.685510860299876,-0.198962780003302,-0.140061995134615,-0.680107948583095,-0.349169892929711,0.0562758915123628,-1.14992266869478,-1.80988612030864,0.723051433275673,-0.2906410791266861,0.7625692989749481
1.37855899734127,1.28938093711056,-5.00424678441137,1.4118498419441,0.442580635567782,-1.3265359338336,-1.41316995590712,0.248525467627175,-1.12739593417081,-3.23215317539514,2.8584658156696,-3.09691489835154,-5.21014084572584,-2.15529688535221,-3.26711568106648,-0.68850546268346,0.737657217477667,0.226137945500703,0.370611857232494,-0.145640429197154,-0.0810494069107769,0.521874501959455,0.739467256056059,0.389151843520624,0.186636547522687,-0.29536921151439294,0.9948438918480608
-4.66650010041278,-3.95232008590575,0.206093981663422,5.15352461752314,5.22946888229443,0.939039595033364,-0.63503285991319,-0.704506473585122,-0.234785699547585,4.03143505114991,0.983646778914785,-0.578913742704862,-0.729706928009483,-0.842769191467021,-0.10294607389286,-0.597597212831086,1.06015422605258,-2.28613708033687,-0.664263125989277,0.113562782266408,-0.759673347196958,-0.50230409927918,0.63063883618903,-0.513880222506685,0.729525850100835,0.0065359477124182835,0.6394690530682516
-4.1243162505368,3.74859690056241,-7.92650660758866,7.76324179132026,-0.769374580551456,-2.03117088274041,-3.4745494647169,0.107121410006842,-1.55135158957203,-2.4112720149303,4.48003526995735,-8.83250972518326,-13.7256846134361,-4.3896876778022,-5.81091981744958,-1.25542240180062,1.11403305037529,-0.181978583306058,0.547096801357099,0.429938703679497,-0.620601279432049,-0.369688286259497,0.367348753696039,-2.66476709501523,0.417100621604896,-0.29203170629954106,0.7921368616194586
-3.84300903438536,3.37511020399082,-5.49289319668564,6.13637764344382,2.79719546082743,-2.64616226518954,-1.66893106391951,-2.61755205155675,-3.94584260288362,-4.56525209408734,4.09721607443527,-5.4509164388957,-10.9044588731508,-1.13975413041553,0.835639563488731,0.389774231161906,-1.43960797610281,0.0547955667305956,-1.2778115827927,0.451125175067876,-0.25809365058648,0.656129466667281,0.556676326289228,0.739383212515096,-0.203049673816441,-0.29203170629954106,-0.4961439362111566
-4.86810843844627,1.26441977404559,-5.16788542660662,3.19364784504611,-3.04562137708228,-2.09616609885545,-6.44561018266068,2.4225355920307,-3.2140554159387,-8.74597261185534,5.41604190908794,-8.16412507731485,-10.1935303551514,-7.36047460938421,-14.6687710766351,-4.87711900477519,1.38560952778492,0.66730977994879,1.26920538901712,0.629307399675982,-0.168431773502721,0.443743902404587,0.276539471570389,1.44127396787951,-0.127943726430018,-0.13475177304964536,1.7627720177569902e-05
-3.89658259167336,4.51835470349753,-4.45402724041253,5.54745334718879,-4.12145857265685,-1.16340665785105,-6.80505305303552,2.92835625399971,-4.91712959933528,-6.60046062150676,3.36784560815482,-7.88897751950988,-7.62865191597326,-7.53340432942796,-14.0646239413114,-4.96010863308331,2.52578492424474,0.757286726552078,1.69104203001122,-0.151103893232396,0.0110068782298363,0.0803032669086078,0.412191351423526,0.635788870982512,0.501049550484962,-0.2425253789459046,-0.5730948106929751
-17.5189091261484,12.5721178535385,-19.0385383213549,11.1908946558522,-13.5547207079601,-0.41192361337145,-23.189396512394,-5.30141221815132,-8.63039030596902,-16.2556117491401,5.70211147983179,-13.8124040899594,-7.01360737195925,-9.3601791927531,-16.6683693822389,-7.14746777723207,2.16209864550609,2.52851232971436,-4.96947772242457,1.8412479337881,0.334417748210128,-0.720128461316563,-0.232603423065217,-3.02199247294556,-0.478158234859683,-0.28327075511055483,0.12851195600121043
1.52207986461923,-0.51942947320952,-2.58168487999205,0.774741045624737,0.206721720660857,-1.43102011805619,0.757011225164691,-0.444418034237894,0.997921025301102,-1.4294901237515,-0.375466188651408,0.17909486429195,-2.13515486441111,-0.0553327528802965,1.77869660251824,0.671832434178931,-0.00202115788658,0.361168932269551,0.0196494069605455,-0.24745192402646,-0.279471886713974,0.239646122725123,-0.50839814288348,-0.015551488169813,0.0418807020330689,3.5345570852454453,0.53018893978077
-1.36029263351035,-0.45806896998712,-0.700403917726715,2.73722917151503,-1.00510597388675,2.89139936351597,5.80253735302589,-1.93319735249124,-1.01771714252211,1.987861862693,0.504116141204789,-0.863430853145281,-1.01691553500414,1.15431268558106,-2.04385766822656,-0.151698807119589,-0.94351353548825,-1.49340137472525,-0.936989532415364,0.580105893889531,0.216927302487974,0.151642929701357,-0.33211456915886,-0.469800301881959,-1.495005896766,11.228062856348211,0.03749416081769118
-0.0997238993578782,2.79541433019956,-6.42385558221477,3.24751301512342,-1.6322902693315,-2.76666493059313,-2.31222288290759,0.961014122482514,-1.89600096481329,-4.91934829935247,3.05365441815753,-5.29781140208753,-7.03588005080407,-3.83618852542499,-2.51518280017187,-0.864578711859257,2.32892697361116,0.340898315660141,0.647714388377444,0.203953480088146,0.0084949976311171,-0.174501150725926,0.575294798178312,0.152875890788003,-0.0981728103598323,1.01265470727298,0.7245169270183005
-1.14155893716424,1.92765003845063,-3.9053561494007,-0.0739425941379643,-0.0448578188133647,-1.75699895886989,-1.21741649894761,0.364563278725543,-2.77014774706035,-3.21618771830464,1.28674925677162,-3.27270458494442,-5.74894325155799,-3.86597568295345,-2.70505213033344,-0.103907181377394,-0.716811424575637,-0.250582939794953,0.102081332026183,-0.328740974448816,0.393099609976725,0.568434632400261,0.786604529169779,-0.146101643769467,0.0762114890570611,0.04171881518564872,0.488011681302571
-8.44028396323147,6.14765332384605,-11.6837061588856,6.70277957100753,-8.15583929706995,-3.71626415558662,-12.4073130564101,5.62657129554302,-6.23216089363823,-13.3866834395246,7.60555947435276,-13.351815018081,-14.9794773489142,-11.7714969677127,-20.2992165093576,-7.60911006016911,3.80913643570604,0.520732330180873,2.19285541971989,0.0080684981124645,0.403858336982018,-0.0187883930291726,0.522721636106603,0.792690689790115,0.0677895462043786,0.1148658044778195,-0.5110687392948324
-2.62892199481027,2.2756363708417,-3.74536934909195,1.22694819658893,-1.13296649495042,-1.25635309994595,-1.75241984877631,0.281736387178617,-1.7923429718137,-4.82077941422469,4.17609762346479,-4.61900987976999,-7.63696288811138,-4.14039566725884,-7.60471483249934,-1.52450539738207,1.27132193138436,0.133106474791523,0.870729582435536,-0.265494007565328,-0.480548610900827,0.169665130870596,0.0960810570397914,0.0700362725602789,0.0637683649579152,1.7051870393547488,0.4294758984995872
0.364376991240021,1.44352346510311,-2.2209073739296,2.03698508634993,-1.23705503097364,-1.72816100636381,-2.05858236489925,0.358895084111675,-1.39330570864802,-3.50579032571994,2.81431415481622,-3.34217599575955,-4.82032224395007,-3.15703267184314,-4.40585022452865,-2.55882785118576,-0.208809536741974,0.310979602822284,0.402729680639885,-0.0329771760409112,0.460860836846427,0.560403798330262,0.409366102366135,0.539668285308506,0.296918378210685,-0.29536921151439294,-0.432108304712771
-1.46489654758402,1.97552752738073,-1.07714453940265,2.81919063998449,0.069850228405671,-0.789043629709432,-1.19610144945515,0.673654375004339,-1.36372387646135,-2.9328952580311,0.301368829965399,-3.24614143685335,-5.42936187944371,-0.953623442669269,-2.72734300093373,-0.63643691865914,-0.927124072666602,0.048968800272123,0.174099465690177,-0.0315494503920774,-0.406165929676999,0.157768979757404,-0.104392920359594,0.0737955599806211,-0.0415702518454821,-0.29203170629954106,-0.02824548363119284
-6.13398694801985,2.94149944882418,-5.59398556768425,3.25884522291112,-5.31551221858167,-0.637327763117765,-4.47648804491816,1.69599358704814,-1.60674315131804,-5.11725920989043,3.97722223959189,-8.06609609331146,-8.66077095912039,-6.23759654204862,-11.0463816554829,-4.15587936834903,1.76361087438004,-0.815086315781228,0.86833985051032,0.217346586657621,-0.0219850652442062,0.145881913923651,0.665087660642875,-1.68418604869422,0.31019546302906,3.7950215547211785,-0.24208148119856746
-3.38760102859385,3.97788074139497,-6.97858506511079,1.65776584508859,-1.10049973277578,-3.59948697320315,-3.68665071042962,1.94225222492139,-3.06508926692316,-7.50955747436829,2.98962640655731,-5.99363242425938,-8.38844296921614,-4.13750050093113,-6.1039030730781,-1.9729278028075,0.434072536887008,-0.0043005898337158,1.043587159264,-0.479223920984096,-0.326638199739289,-0.156938590387884,0.113806571374194,0.354124259953911,0.287592125204715,-0.3006535947712418,0.898561284238174
-0.676142670593205,1.1263660623459,-2.21369952308058,0.46830838758824,-1.12054104443306,-0.0033462959955453,-2.23473929608742,1.21015796383769,-0.65224992035649,-3.46389087904573,1.79496896856641,-2.77502154036273,-4.05716237716209,-1.60301474745597,-5.03532591722409,-0.50699988370237,0.266272320267649,0.247967752628092,0.751825538154533,0.190943872773442,0.0320700856093905,-0.739694822652264,0.47111096261267,0.385107448705084,0.19436147923645,0.7772215269086357,0.9948908991018677
1.11855963468941,1.29185826269199,-1.29880532614411,2.13577170090141,0.77220369761071,-1.14729144173341,0.390577698285265,-0.107072317539989,-0.0383392686455211,-2.15251889070952,1.35275258963919,0.092848590126307,-5.01220235869184,0.731437272149243,4.15208557256771,0.985358288437165,-1.22925431837217,-0.0235757902669068,-0.346373779572415,-0.102325808556082,0.0179105750224893,0.650301613577378,-0.332365629546077,0.105948676665863,0.12812372864866,-0.29203170629954106,-0.08839126487706134
-0.264868683737295,3.38613996883911,-3.4549969895002,4.36762905773351,3.33606042827178,-2.05391842272465,0.256890458421417,-2.95723544083265,-2.8557972336327,-2.8084555425423,1.84750351109611,-2.4148223375383,-6.5991261303635,2.57237180761341,6.60936580903842,2.53066979960508,-3.60265725092653,0.482513022122587,-1.39450379366468,-1.45208118338289,-0.251814670710545,1.24346054282121,0.45278677690471,0.13221807596169,0.42459946550375,-0.29203170629954106,-0.3128979090585916
0.0546821522798935,1.8564996040552,-4.075450734554,4.10009796977678,-0.800931346218859,-0.29250182507501,-2.31743139396216,1.18974699460744,-0.786237923620357,-3.90674573293228,2.99348883356357,-3.61312502993317,-7.36463881998297,-2.57763472583711,-0.515302055109939,1.10910710845714,2.35115138243805,0.509558726652881,0.61824776165619,0.13001647459447,0.288945953295625,-0.36665802323555,0.0303066561662426,0.431182443382693,0.110698251591246,0.8190794048115699,0.5243130330549133
-7.34795494690262,2.39704134824746,-7.57235581757844,5.17781925521834,-2.85483828261718,-1.79523877381611,-8.78323473517424,0.437156561210431,-3.74059750992972,-8.33286306292127,5.76318940883843,-8.70787929219866,-9.57719439289905,-7.58649078643175,-12.5039309695675,-4.37563101237668,2.46519487038601,0.0731637913502985,-0.175273369741836,-0.547955067054245,-0.503721690122004,-0.31093277648824,-0.16398601754964,1.19789504657005,0.378186688214491,-0.2943957724933945,-0.3417251074556443
-28.7092292541793,22.0577289904909,-27.8558111336212,11.8450129100508,-18.9838125824286,6.47411462748849,-43.5572415712451,-41.0442609210741,-13.3201546920984,-24.5882624372475,3.48195180343701,-9.12834128617468,0.796579962453559,-5.66036644069929,-13.0327849564566,-5.39234917412895,-0.901040817847599,11.0590042933942,-22.7976039055519,5.46622995370963,0.0238542303884927,-1.52714472319428,-0.145225187134896,-5.68233823990698,-0.439133675051458,-0.3057989153108051,0.21011654860990736
0.842025258809961,-0.365518405631879,-2.46406333105633,4.82088596439253,0.775505434320733,-0.614784604613805,1.36802439952459,-0.526261741999926,-0.121356446796038,-0.357616193093852,0.637766685379952,-2.81888227036892,-1.10869894034456,1.57373987380152,2.20265154365361,0.800471466568041,-2.10358290329291,0.944915098074741,-0.110621878759425,-0.324418362936717,-0.420020001036393,-0.219501077925226,-0.268872635957687,-0.144582319033867,0.104464060190998,7.64121818940342,0.12056773010785227
0.385108461103674,1.2176203228402,-1.95387216540948,2.08707599095328,-1.14422540643716,-0.57688799482478,-2.58286504391682,0.643229999334504,-1.19123269237613,-3.09509360697848,2.82114488798301,-3.1005456578695,-4.51012391529804,-2.12346278453199,-6.05331938825344,-0.70637615273475,0.572791028207014,0.380545212283106,0.594623132460925,-0.310455791389476,-0.624065148802846,0.840216130296559,-0.159451766672991,0.599482364663208,0.288915549852885,-0.19468780419969403,-0.36714427995170007
-4.19407367570647,4.38289736244467,-5.11836337307965,4.45522984017686,-4.81262068168969,-1.22464470658392,-7.28132786701771,3.33224979453268,-3.6796585127756,-7.52436833681058,2.95434436554049,-7.09982534281257,-7.68780276684597,-8.52085016639749,-13.2772997431934,-5.25370461976771,3.62333181402755,0.579098497681141,1.55047296606276,0.0285207917962781,0.0137043244720008,-0.149512012856955,-0.131686656095248,0.473934221832509,0.47375748155095,-0.10485328883326378,-0.5729067816777477
-2.58961719821269,7.01671438495857,-13.7054072869097,10.3432280604117,-2.95446103475574,-3.05511578527804,-9.3012886151434,3.34957336071614,-5.65421202641103,-11.853866972601,11.6692047358121,-17.2286622386187,-18.4937733551053,-10.6294973901353,-14.4412111342765,-5.10548646597228,1.2702262705049,1.48885519236896,1.88773772551451,0.28765904061745,-1.18640640906644,-0.690272670076388,0.631703772210546,1.93422076005943,0.789687172212655,-0.29203170629954106,-0.8472528667079938
-2.6618021745564,5.8563932148043,-7.65361621324071,6.37974188053221,-0.0607121191362683,-3.13154973153662,-3.10356974550479,1.77849156945338,-3.83115371623455,-7.19160424618226,7.10298858788516,-9.92869994299538,-10.924186865147,-2.37942098527078,-2.77511389701838,0.273798971252603,-1.38218756352589,0.399096860264863,0.734774950378595,-0.384765904180568,-0.286015663843443,1.00793382365812,0.413195532462339,0.28028415690056,0.303936550639395,-0.29203170629954106,-0.8909578609349155
-3.17081841545902,0.185734554774403,-3.39985157931162,3.76115529034876,-2.14804702797609,-1.59894442520531,-2.51956531805231,1.31621501070214,-2.40010611621824,-4.99341703829647,4.44719176626515,-5.29376010254684,-6.42527621352443,-3.51519716625381,-6.34745330751181,-0.90351216582405,1.19160626766329,1.93225372509724,1.09205113380931,0.904395217733676,0.180015601586537,0.0499703397242655,-0.257099837784436,0.859281566487016,0.225924185725605,5.623696287025448,-0.16052389584367738
-1.07381997038354,0.415616496914758,-2.2739767978925,1.53684419661661,-0.758696869170268,-1.67038051440345,-2.37713981352061,0.0903704457603509,0.0048472639499715,-2.77674714436829,1.42841254547618,-4.48267863575862,-4.61013844047447,-4.60271264488365,-7.52418833345318,-2.55710412229741,1.31912362938259,0.22705062109278,0.535541841818562,0.45074251609585,-0.144227844430684,-0.20560879925391,-0.539072772653385,0.503418437647693,-0.237807129664846,-0.15296898901404532,0.45109923525073964
-18.0185611876771,10.5586001882538,-24.6677412485732,11.7861803616399,-10.564656569212,-2.64568119936245,-18.02346767268,2.69365540308048,-6.21946362785238,-12.7447607871859,9.31813768535999,-13.3778574339457,-12.7843458873548,-7.55136493140559,-11.3259968724596,-4.70125277749548,0.516317073274611,1.00770320533757,-2.31947946208034,1.35290370698024,-1.05922233762791,0.185750941504222,0.687037383632165,2.07808058379956,-1.42951702264525,-0.29203170629954106,-0.7407226777682131
-9.00135134450649,6.61328394324752,-12.4236347238918,7.51992923163014,-10.2662546389665,-2.11320754204122,-9.98428744767688,5.54194143253089,-7.38370453522347,-13.2151722995049,6.89518136811315,-13.2796997105282,-13.4170122721265,-10.9226551270595,-21.90649321637,-8.82981976595275,1.85246698871594,-0.645393857931055,1.7758908996538,0.0825935414630254,0.452088727391883,0.463827332847796,-0.296928065001458,0.526505578079938,-0.450890488772313,6.078014184397162,-0.510798447585443
0.120301417641484,1.974141135114,-0.434086817238467,5.39079309979716,1.2896837293754,0.28059002412422,0.22196254547878,0.0678267548690214,-1.38705405307029,-0.0451253297662453,0.195839103876469,-0.629085830718882,-4.71552123988097,0.497433587465913,3.87161756353604,1.49239403735728,0.506039978517755,0.20569123217309,-0.0386896154666322,-0.167312970794265,0.791547134443901,-0.223675472406085,0.473223170815404,-0.160201937224867,0.0650394520642459,-0.29536921151439294,0.6725856633751796
-1.73934096431325,1.34452078912347,-0.534379047474665,3.19529149873811,-0.416196142475576,-1.26196066822182,-2.34099093949748,0.713003645507275,-1.41626499933122,-2.9966693020716,0.747478135782509,-4.59661151187479,-4.75707449850737,-2.53549425081321,-5.35646454386042,-1.97474852459452,-0.603726269220942,0.0027494784537285,0.38318010845642,-0.336639824887574,0.23707630076775,0.246002931555889,-0.044227636498999,0.510729074882634,0.22095159365596,-0.30593797802809064,-0.3647116545671954
-23.237920244511,13.4873857909274,-25.1887729688701,6.26173255148578,-17.3451881651558,-4.53498915241687,-17.1004924771637,15.3746300252798,-3.84556677176243,-8.51176669710133,5.1385473219039,-7.22001986441493,-7.3272215995796,-6.33151509399145,-12.6888576275064,-4.84738160696153,1.02053587929144,1.63078748322503,1.76970812949114,-1.04567292278161,0.143386499863412,1.61157707182701,-0.221575644736264,1.48123260638065,0.438124804842523,1.0845501321095812,-0.6784498182875845
-2.33565492855671,2.22537994112476,-3.37945038583039,2.17853822878821,-3.56826371512658,0.316813583664713,-1.73494800330036,1.4491394338594,-1.98003348126993,-5.71150474047788,1.83721490161197,-4.5403416445233,-6.28431406964108,-3.5632394063049,-7.36832064555377,-2.69295315786876,-0.450550113544917,0.274027122680488,0.78554012192761,0.308536146370564,-0.598415746387816,-0.121850330815637,-0.491018310202025,0.701606041424924,0.206966343288918,5.870810735641774,-0.3251197950483734
1.141572041228,1.29119504187036,-1.43290045302393,2.05820222243243,0.940823737515849,-0.958273875563986,0.391154204412105,-0.0925192025989645,-0.0328285936060586,-2.15530254380865,1.0804386160969,0.0444153214634158,-5.05382476474338,0.821195361600931,4.02736603913411,1.07797898032715,-1.10727585500251,-0.0059125766066523,-0.366507064917023,-0.14391066716844,-0.305177619493244,0.697514060032721,-0.312544722619217,0.106247471401345,0.125059863331359,-0.29203170629954106,-0.09222235606231986
-1.00061051985933,3.34685000184439,-5.53449117133595,6.83580203854396,-0.299803293657807,0.0959512989990878,-2.44041927394713,1.28630119597073,-2.7664382829404,-4.45800770078481,4.69653339192897,-8.76211333956078,-7.32027202211023,-3.37112471078725,-4.25115786762875,-0.43005729986925,1.80401333906519,1.18981379228675,0.439756764345897,0.299660329499667,-0.657600627722995,0.101647558980344,0.430457439169415,0.824685450418745,0.326952273050223,2.2824363788068416,0.2891592458861308
-0.0754834663888726,1.81235458422751,-2.56698081016962,4.12754860722303,-1.62853157024518,-0.805895445766318,-3.39013454458215,1.01935326231828,-2.45125125188341,-3.55583492739064,4.31571103012142,-5.47980167679906,-5.5887855765974,-3.50723062361012,-7.45709493793125,-2.32549168188332,-0.440434552920779,0.338598140549314,0.794372451897782,-0.143624140755259,0.0135659145316466,0.634203128800614,0.213693187250942,0.773625466697089,0.387434054572014,-0.23640661938534274,-0.32676504893161323
1.02387386852139,2.00148526626613,-4.76975183220974,3.81919458538265,-1.2717542273697,-1.7346624268403,-3.05924503160896,0.889804791975203,0.415382113237262,-3.95581234352737,3.57205481558784,-7.18645159050588,-5.24930454889762,-2.64147310915178,-1.31205856007348,-0.391716050952505,1.11826355175812,0.204137684042271,0.343282648722251,0.709653952497143,-0.372215866946976,-2.03206836614816,0.366777602071192,0.395170669257609,0.0202055389458413,-0.29203170629954106,-0.9043314246429652
1.07952397806913,0.872988038728802,-0.303850487243895,2.75536885087579,0.301687623167546,-0.350283737195093,-0.0428479677130716,0.246624608381391,-0.779175595769242,-0.157696445821874,1.92856763203456,-0.935863286411531,-1.63347202401986,1.42560550367097,1.59352878606579,1.17846784575361,-1.56869755794851,-0.252115099030468,-0.023254784527163,-0.0388061577093773,-0.0603272546840962,0.358338898397498,0.0769835703935526,0.0189358319830432,0.0605741494833015,-0.30593797802809064,-0.2379683464904678
-1.7567118508365,3.26657425418237,-4.15338789695403,3.92452561357555,-1.7537718434176,-1.0057867792296,-4.31321717578502,1.56071190324579,-3.29567366751075,-6.2133552491157,4.52299197543382,-6.6528440527591,-8.60448620191387,-5.94548061159606,-9.33893779428438,-2.39019258818085,3.18415235636348,0.874720103498016,0.911427441871296,-0.367700953962814,-0.776337755840596,0.292093831084717,0.025999713844171,1.0629681996854,0.501148168228208,-0.29203170629954106,0.010347471744233533
-1.92959692675373,4.0664132778545,-4.86518400996861,5.89860229319899,-0.552492585328532,-1.55596245330906,-3.83362344068736,0.679511648528001,-3.46376549143694,-6.68368922880726,7.02127774818005,-11.1024933822497,-10.447632938235,-6.26174085045904,-11.6471577741668,-3.45143614190286,-0.507536514254236,0.942488941965831,1.13721164676769,-0.531765489027487,-0.433409350510738,0.378658562357166,0.198107291025294,0.869694411928137,0.228047851815119,-0.30593797802809064,0.20903538177234973
0.95102521866626,3.2529263650346,-5.03910474036957,4.63241097983647,3.01450127957475,-1.34957013831981,0.980940271596384,-1.81953945591171,-2.09904890456221,-1.34755671450971,2.68057817990216,-1.4629451764881,-7.44529583374444,3.13965565883069,5.66542906834794,3.79031621184375,-1.90979861946686,-0.381443722292837,1.40452405829287,0.358292341700385,-1.18594156446759,-1.28617671637574,0.0003653025161088,0.16966196162803,0.108275693217457,-0.29523014879710746,0.6534067038219835
-0.25147096006823,4.31352332575143,-6.89143771650147,6.79679668055103,0.616296505250374,-2.96632654187403,-2.43665252687714,0.489327898838014,-3.37163857159343,-6.81081309938215,7.62008905836908,-10.2852825163315,-11.5434979157865,-2.68928420445067,-3.20438340295762,0.0865218956911394,-1.31449509665307,0.632709963789826,0.536892074447128,-0.605239547613772,-0.263743459593593,1.53991583077868,0.523573696680871,0.891024688365269,0.572740666549584,-0.29203170629954106,-0.8963989505630587
-1.81328048476897,4.91785071056565,-5.92612969400656,5.70150043141163,1.20439257214362,-3.03513754815611,-1.71340206347108,0.561257390902032,-3.79635425171163,-7.45484065078351,7.38805512292025,-10.4752286504099,-11.7367291212569,-2.44235398293755,-3.53552351168246,0.130360306640887,-2.07145048844325,0.576656033332069,0.615641835107552,-0.73701807643754,-0.279641772215917,1.1067663744335,0.323885477719453,0.894766671515833,0.569518600269514,-0.29203170629954106,-0.8964812132572207
-3.95120850670532,2.88180518239049,-6.42149029451106,2.43418142416554,-1.32732453838007,-2.12210598673342,-3.2275333300383,-0.68556047558208,0.775985124963588,-4.72309174576035,4.921657447038,-8.75277008726404,-8.5520227319441,-4.5340297530839,-6.46540863418339,-1.89030997911689,0.174840185624481,-0.669351428982036,1.41047856462921,0.570821171370176,0.65627101478476,-0.298600548903483,-0.407571358894306,-1.37870253026193,1.37913029153249,0.42678347934918637,0.07890755142152873
0.447395553302475,2.48195386638743,-5.66081393141405,4.4559228120932,-2.4437797540431,-2.18504026247234,-4.71614294470093,1.24980325173147,-0.718326066573691,-5.3903302556601,6.45418752494833,-8.48534657377678,-7.01990155916612,-4.6498642988132,-6.2883575087823,-1.33931232244731,2.26298478762517,0.549612970886705,0.756052550277073,0.665411100673545,0.131463791724986,-1.90821741154788,0.334807598686864,0.748534284767756,0.175413794422896,-0.29203170629954106,-0.8950709956430152
-3.5934760029271,0.78144226309285,-1.82244751422669,0.605760683474701,-1.19465586719981,-0.517194856719497,-1.72252312325165,0.128889523769538,0.0149633080909052,-2.85611682977408,1.61826162043188,-3.58137450130299,-6.16045662030601,-2.54310504010287,-5.30127339068683,-2.19271270602319,-0.09472379272847,-0.478219313417121,0.351792125839819,-0.252874890557857,-0.498042480147132,0.0101721931231225,0.909928721553306,-1.47876724603751,0.722673039450917,1.1055486024196912,-0.2204228890070599
-0.734303155037818,0.435519332206195,-0.530865546585229,-0.471119606930407,0.643214386605141,0.713832369657908,-1.23457207133269,-2.55141159871634,-2.05772382572102,0.166830707878014,0.567551954604602,-0.85805991589575,-0.264936238828755,0.838120616560385,1.42505965449185,-0.169664182600728,2.50202738858443,0.864536120628702,-1.00487737851609,-0.152555282700309,-1.38674463324096,0.0047160148280004,0.21914583821982,-0.0582573076118087,0.158047988697071,0.1105548602419691,-0.10737044360157827
-2.85716975415491,4.04560138120513,-4.19729878550198,5.48719863078843,-3.07077616787415,-1.42268633776286,-5.65131373987331,2.01965739455388,-5.01549098658195,-6.31970750896333,3.77960220775921,-8.07709364590223,-7.89190877856627,-7.9540700449952,-14.2650559534715,-5.7710644259128,2.8921696850147,0.981608721582294,1.08032273397717,0.102678427260093,-0.0671947227831213,-0.476931194262915,-0.103716356143308,1.16696149168342,0.663632066947765,-0.29203170629954106,-0.5734121096561713
-4.19873460983989,0.194120636801706,-3.91758567828042,3.92074784640417,-1.87548574659158,-2.11893292738694,-3.61444510993627,1.68788446543007,-2.18987113590881,-4.68423332514029,4.37690666362302,-5.00744082816051,-6.19247526385522,-3.31693430074553,-6.18883415213498,-1.04041264854272,1.23304434947994,1.0033504305956,0.801312235949018,-0.440386862411508,0.292539411877521,-0.144967421927777,-0.251743981877142,1.24941367428483,-0.131524643545312,3.0162703379224025,-0.1453170492371604
-1.41085190223088,2.26827061391536,-2.29755364869312,1.87133052690782,0.248957097554545,-1.20879869131782,-1.35864849113679,1.10291613180529,-1.31736377078276,-4.62691916410905,3.35763973653551,-2.99881490434833,-6.76663337149207,-0.868576751992314,-0.370333268936992,0.419265507331837,-0.894893657235367,0.0580625903425241,0.155380926745126,-0.196125537805858,-0.464375543427361,0.118473100986687,-0.484537034984231,0.373595915880442,0.187657248903867,-0.29203170629954106,-0.0882619949290925
-15.8191787207718,8.7759971528627,-22.8046864614815,11.8648680803607,-9.09236053189517,-2.38689320657655,-16.5603681078199,0.948348594786058,-6.31065843275059,-13.0888909176936,9.81570317447819,-14.0560611837648,-13.7610179615936,-7.95744722625995,-11.9629542349435,-4.7805077876172,0.652498045264831,0.992278949261366,-2.35063374523783,1.13605073696052,-1.0434137405139,-0.10892334328198,0.657436778462222,2.13642447085514,-1.41194537483904,-0.29203170629954106,-0.7549541238582379
-2.29698749921502,4.06404334190313,-5.95770634516933,4.68000806392241,-2.08093759960382,-1.46327216002463,-4.49084686931735,1.02924628254192,-1.59324925133839,-8.99381088354112,7.86446740028511,-10.6498396512844,-12.9136317373077,-7.95409770929125,-7.80963509977466,-1.71851117214548,3.83298514230067,1.26495379665956,1.08908418394041,-0.62553033358642,-0.535180928107126,0.247435028956319,0.160399507909509,0.969581605226584,0.335041293733825,1.140314281741065,0.20914114809341516
1.14043132434726,1.13424300279892,-1.42945474072655,2.01222598912655,0.622800198240135,-1.1529230868157,0.22115947772768,0.0373717733484629,0.0344859259841517,-1.87964382107016,2.19166507997652,-0.487849732811135,-4.46105120749925,1.4109171085787,3.61925125200524,2.28492676267757,-0.443999191918561,-0.0997118777920308,-0.367136001490949,-0.160578066799212,-0.10832596200032,0.668374321480191,-0.352393242949003,0.0719927692746503,0.113684370071235,-0.29203170629954106,-0.17978511809103542
-6.61629292560656,3.56342789803106,-7.05890129814843,4.28434595524384,-5.09629887292392,-1.76861780360559,-4.93755412732933,2.74845954534783,-3.79675959454545,-6.8254901042394,3.25959475409854,-6.94389061823948,-6.94701030902337,-6.16683742461485,-10.564346602529,-4.01018815310236,2.14350179519978,-0.54163415582255,1.21597610572025,-1.05909770217904,0.275662062254882,0.057424927985318,-0.265838484019501,-0.514636936427821,0.388590269335523,3.2368238075371987,-0.09244564051790242
-29.2003285905744,16.1557014298057,-30.0137124857248,6.47673117996833,-21.2258096535165,-4.90299739658728,-19.791248405247,19.1683273897301,-3.61724178604255,-7.87012194292549,4.06625507293473,-5.66149242261771,-5.07984568135779,-5.24447151974264,-11.2749725851252,-4.67843652929376,0.650807370688892,1.71586182428358,1.8093709332884,-1.3651041075509,0.174286359566544,2.10386807204715,-0.209943999130567,1.27868097084218,0.372392714338541,1.0845501321095812,-0.6581074292026688
-1.29844323295373,1.94810044909488,-4.50994688793757,1.30580476704534,-0.0194859272181987,-0.509237783834405,-2.64339761889288,1.28354519416721,-2.51535570266591,-4.50131480977758,2.09307500991474,-5.41888894354848,-3.82826817896473,-6.36649950945483,-7.5509680917538,-4.90276666632221,0.152892032043683,0.250415437314689,1.17803195025635,-0.272013060161758,-0.325947896160404,0.290702673395833,0.841294588482068,0.643094248950207,0.201155749649851,-0.3057989153108051,0.6369659168030367
-1.92745281973369,1.82762056700016,-7.01949468454197,5.34830323951426,-2.73918788004738,-2.10721929638307,-5.01584797563431,1.20586815982046,-4.38271250852199,-8.33770697381781,7.19030608944843,-9.42484446049178,-12.8754942229841,-6.2999613976222,-12.719207160428,-3.74017615583058,0.844059610296466,2.17270905626492,1.37693832294098,-0.771414187530036,-0.379574271539528,0.718716522008066,1.11115125599517,1.27770725705846,0.819081152045361,6.817549714921428,-0.005740760871161931
-3.61385045502803,-0.922135693038651,-4.74988736419275,3.37300132781874,-0.545207025424103,-1.17130106266974,-4.17231457141019,1.51701594293521,-1.77583268078792,-3.75405392305562,2.73157578227581,-3.48937464729063,-4.57126773103714,-4.23908653141223,-9.25063451000699,-2.4348278029986,1.98738627690236,-0.320540972806239,0.7867870185412,1.03490656705841,0.097671080445461,-1.34555112500186,-0.788328913242689,1.05544197476733,0.0999714026087802,1.7076901682658878,0.6833385726834972
-1.83693980524096,-1.64676405421121,-3.38116824152195,0.473353567439937,0.0742428680588724,-0.4467506984682,3.7919065488031,-1.35104516710281,0.0951859632710584,-0.0844995591396119,-1.54230486820434,-0.540534807018906,0.712541142762088,-0.907666065803548,-0.391051374531861,-0.0347191590047466,1.08428646665042,-1.58614369731197,0.0106634770821352,-0.151178223750849,-0.582097763853728,-0.956061535679488,-0.334368991860647,0.715600326403013,0.370449747000955,9.717702683910442,0.5218098967896984
-24.5902447690465,14.0445667815106,-26.2787005866145,6.32008926518927,-18.2245126736673,-4.60996782569686,-17.6810033715155,16.2136267471409,-3.79409346877414,-8.37275316035861,4.90168265513877,-6.87283866404082,-6.82658448658054,-6.08495266503583,-12.375270529796,-4.81034474126699,0.936742237936608,1.64920202229571,1.77706277243531,-1.14060456917063,0.152234466415679,1.71599702403257,-0.22047119903665,1.43495058143483,0.422491857762666,1.0845501321095812,-0.6757939084474973
-13.1926709562391,12.785970638298,-9.90665002092758,3.32033688288942,-4.80117593230105,5.76005855618556,-18.7508891580107,-37.3534426378925,-0.391539743919107,-5.05250236713858,4.40680552357904,-4.61075647740608,-9.07271093398351,-6.21155748212485,-6.24814535335983,-3.14924669470095,0.0515761185277783,-3.49304991519446,27.2028391573154,5.30360690376998,-0.639434802306313,0.263203123457008,-0.108876929971315,1.26956635541013,0.939407362758877,-0.29203170629954106,-0.19373452065821908
-1.11149523246612,-0.257575207100777,2.25020963478583,1.15267090326627,0.432904474488939,1.25412602800986,-0.58416279009186,-0.609681605347911,1.01460246273104,0.334532824069685,0.82637484441332,0.196886900487791,-0.472025637126337,-1.24300710102788,0.570459827436018,-0.159056766164096,0.407187527410462,-0.510613591931657,0.862912790109336,-0.343058085886885,-0.256268230425974,-0.600742165862083,-0.18033128765631,0.0267622260788268,-0.358335321215398,0.3202614379084967,-0.13947639795165892
0.0267792264491516,4.13246389713003,-6.56059996809658,6.34855667313983,1.32966566904142,-2.51347884762413,-1.68910220031328,0.303252800547589,-3.13940905736457,-6.04546779778801,6.75462544809695,-8.94817857893317,-10.7338541032306,-1.63896011485587,-1.74635013628103,0.776744097926754,-1.32735663549015,0.587743219006407,0.370508651493253,-0.669605371766238,-0.759907529538618,1.60505555017462,0.540675396428899,0.737040381683977,0.496699108168337,-0.29203170629954106,-0.9067405464005664
1.08369268125484,1.17950120574809,-1.34615039129229,1.99882440095464,0.818034176163642,-0.771419407716543,0.230307373480955,0.0936831311994367,-0.167594341704434,-1.95980925751416,2.80433477984687,0.312424168769405,-4.66257695501824,1.00141391934549,3.90282478361756,1.61960922680862,-0.888087464222472,-0.0601585380014646,-0.311999618117422,-0.120249014807271,-0.180217694458199,0.609282565276013,-0.339524442352566,0.0967012906089022,0.114971915513805,-0.29203170629954106,-0.5242072667338479
0.286302363835244,1.39934474808556,-1.68250270884931,3.86437703955242,-1.18537340204974,-0.341732013808781,-2.53938012266357,0.768378375007388,-1.54788162780199,-2.65971794652165,2.6215881261205,-3.46236188507757,-4.95582330430277,-2.33994291742419,-5.19779447735003,-1.34281449785555,0.288846910516582,0.270360155086889,0.352456413618901,-0.194078546536702,-0.172201087463232,0.742237197555102,0.127789797006944,0.569730790365159,0.291205858831994,-0.2012237519121123,-0.21923595584843686
-4.69679522444504,2.69386747884008,-4.47513271259153,5.4676845487781,-1.55675807549758,-1.54942028904253,-4.10421487278526,0.553934075416293,-1.49846813107494,-4.59495176285009,5.27550585077254,-11.3490285500915,-8.13869488434773,-6.65359434741365,-10.2467554066001,-4.19106626655491,0.991486122257293,-0.158970548660611,0.573898081112651,0.318407817148194,-0.245862202650853,0.338238431564141,0.0322706213908033,-1.50845793363219,0.608074682590101,-0.30593797802809064,-0.8531757806876573
-2.45036662540267,2.10772866087808,-5.14066303982343,1.41130357398271,-1.69077950338918,-0.736427202926685,-3.65794634761755,1.94490590423047,-0.788387529063343,-5.62467713431414,3.51964234486905,-7.221590004268,-3.8114281425371,-3.57140837935336,-7.31140729142311,-1.75435460658485,0.795448867520342,-0.130438203342561,0.800538093373868,0.233607611774679,-0.282077578211224,-0.320310972669244,0.49291998915127,0.35997644954193,-0.115471009476069,0.8096231400361562,0.30389601995457927
-4.32060921481281,3.19993870654465,-5.79973605389345,6.50233023566696,0.378479252807864,-1.94824637096657,-2.16785950480668,-0.728206711605414,-1.97723831745674,-3.47341070390428,4.56919375212135,-9.32115263136084,-14.2668362798028,-4.06620855488173,-6.62696817708246,-1.43715841938037,-0.215409738450978,-0.263686068021973,0.47666042483552,-0.13693991841301,-0.620071695417129,0.642530576414265,0.28071734804164,-2.64910674899003,0.533640939848599,-0.29203170629954106,0.7914082491854524
-28.5242675938406,15.8769229879536,-29.4687320925264,6.44759140152748,-20.7860000418837,-4.86561341755669,-19.5010840750712,18.7488719520883,-3.64298981925263,-7.93964241937325,4.18467368942509,-5.83507521523889,-5.33014378246253,-5.36777527618834,-11.4317569116986,-4.69692444373293,0.69268841200477,1.7068890619925,1.80576978392608,-1.31744962200248,0.169845630469178,2.05168733506275,-0.210502000459411,1.30173396497076,0.380246181418509,1.0845501321095812,-0.6585069908600271
-4.86174665742506,-2.72266032465254,-4.6562480902453,2.50200470213773,-2.00834642496284,0.615421803000716,-3.4856795852374,1.87885554354264,-1.11626798693717,-5.11297108805175,2.9456208658257,-4.10212741074135,-4.35043446756499,-5.03744940979325,-8.07801049835537,-3.45798118698593,0.596696430089622,0.285558785827713,1.1388759328635,-0.806198897465357,-1.51104641883913,-0.191731402147673,0.0809988303848193,1.21515161370172,-0.923141608648516,7.939090529828952,0.6535829810237592
-3.11383160738512,0.58586417180689,-5.39973021073242,1.81709247345531,-0.840618465991056,-2.94354779071974,-2.20800192003372,1.05873267723056,-1.63233334974982,-5.24598383776964,1.93351953683592,-5.03046479695456,-6.41662797597451,-2.54949823633632,-4.61471706851594,-1.47813794126038,-0.0354803664667244,0.306270740368093,0.583275998701341,-0.456107772584008,-0.183659129549716,-0.328167759255761,0.606115810329683,0.884875539542905,-0.253700318894381,3.101098595466555,1.0021182643746713
-1.59945740179415,2.60772002929222,-2.98719294171061,3.06415614684784,-2.49791431686821,-0.54110279282052,-2.2777862276701,1.26816610842127,-1.99733105335741,-3.83477508791878,1.11335409263987,-4.97692104108215,-4.54955674371782,-3.17746049642958,-5.36934877847861,-1.1214541569793,2.03059193793375,0.22533293042937,0.662933039629134,-0.0894518031771282,-0.505999935132595,-0.0622588885489331,-0.0527144132804191,0.322854004983613,0.135267636745646,2.1971909331108326,-0.26573788167686624
-21.8854339051741,12.9305051249875,-24.098871851647,6.20331419234722,-16.4660991227874,-4.45984212550286,-16.519835984614,14.5355647151916,-3.89702188761405,-8.6507583293562,5.3754339072439,-7.56721354069937,-7.82789139878016,-6.57804150255676,-13.0024594617382,-4.88446723880536,1.10435473489394,1.6119982189969,1.76223176917351,-0.951042744820554,0.13456529188962,1.50711039768212,-0.222670856855594,1.52765527810284,0.453698638993223,1.0845501321095812,-0.6791784307215907
-2.87717642607719,4.56964856472544,-9.55306876711684,4.44107935434428,-3.65396138652409,-1.87798085259887,-3.5143534876061,1.5476079597065,-2.50330396990855,-7.57563437993936,7.00213577397937,-9.95919399367656,-8.88487177224851,-7.18992618738758,-10.4451050316273,-3.2719075376306,1.48227743472618,0.105615110186545,1.27289634389685,-0.0039501335186852,-0.36084777781177,-0.597525997544942,-0.390901228489311,0.592196918920005,-0.241010152850381,4.518703935474899,0.21070413928249304
-2.15085504470997,2.18791662800118,-3.43051589218087,0.119476214172018,-0.173210022248717,0.290699943542092,-2.80898761953492,-2.67935050574045,-0.556684932588288,-4.48548270396242,1.90399926160786,-2.64421945060054,-4.69115085524464,-2.55325078310516,-3.48343626722796,-0.0648523857005649,1.49032876283779,0.53214542192165,-0.0732053058243562,-0.0750342624995709,-0.437619179374193,0.353840756362622,-0.521338535540234,0.144464860203719,0.02658811547881,0.38937560839938806,0.7691033072541007
-2.21921860215056,0.727831411106392,-5.45822994652182,5.92484984705884,3.93246382376344,-3.0859842366267,-1.67786998770016,0.865074610405235,-3.17726028894586,-3.41920738405664,3.69317394224412,-3.97843975507806,-8.63629739365259,1.17488417316765,2.13460635695284,2.59436483300614,-1.25758897993879,0.96477180373471,0.41747174595057,-0.0287524020141088,0.0257225108657227,-0.825835343221856,-0.0130890304987416,0.413291188715315,-0.131387346404896,-0.30593797802809064,0.7448475642897645
-6.00342167645829,-3.93073139597263,-0.0070454551172806,1.71466918264498,3.41466660221529,-2.32958262254194,-1.9015116901208,-2.74611109114189,0.887673207764977,-0.0492328559624844,-0.153131026660117,-0.814309846145704,-0.83148260879597,1.18890675852063,0.536817322665437,-0.0514032140040002,-1.23138550165184,-4.12818582871798,1.10167131666753,-0.698258928361953,0.139897673540465,-0.205150795631722,-0.472412262665941,1.77537805651063,-0.104284625925588,4.031567236823808,-0.34000934269169414
-17.9762660516057,12.864988563015,-19.5750661905691,11.3451198184298,-13.9986456031027,-0.35489996091484,-23.7834698823143,-4.87235340557097,-8.50428479375643,-16.6011969664137,5.56925817499418,-13.9322487527403,-7.58102324741972,-9.01481328062598,-16.0920320589503,-6.05014766257303,1.66102935873752,2.41992113013135,-4.30043186631826,1.48930201538756,0.386039288843108,-0.232391836340479,0.413826703027495,-3.25598090607432,-0.538963227046118,-0.1857877902934223,0.14605741348461834
-0.417339782403896,4.70005527392636,-7.52176682774885,7.67188445074794,0.260821237608046,-2.64669254023638,-2.85443216153232,0.95878310270126,-4.5885358926682,-6.12071508667922,4.54849458373201,-7.83625279832226,-13.2025053438681,-3.04086255242532,-3.00895800089691,-0.159966953690891,0.78808629554402,0.832034789370246,0.622200356085823,-0.0903582898025547,-0.742802157670925,-0.312360714129117,0.502574976363589,0.8213902873783,0.37237881708533,-0.29523014879710746,0.8928146474602863
-1.04006722316026,3.10670266443901,-5.40902719870311,3.10990342442989,-0.887237039790953,-2.49752183582566,-2.07334746311485,0.639818099305764,-3.01333057190308,-5.9548382969224,3.58639450927204,-5.51714762692598,-8.5604228759795,-4.87824808848093,-4.33599801203682,-1.3771910852015,3.0573817418767,1.05439010295385,0.773960867519738,-0.184233022038014,-0.284091370881042,0.493466608549931,0.732328821135949,0.675066703315442,0.337076231470716,1.01265470727298,0.8327511289085797
-25.9424344479142,14.6019980426299,-27.3686502881266,6.37839460769688,-19.1040334039646,-4.68480620428185,-18.2613929340355,17.0525663121462,-3.74260500983864,-8.233721369876,4.6648362538527,-6.52566786025865,-6.32597461208273,-5.83836021908828,-12.0616957125199,-4.77334851403019,0.852969608454831,1.66730429040185,1.78431598423494,-1.23578743924962,0.161104731783341,1.82037804128869,-0.2193590586868,1.38878576213598,0.406809649908512,1.0845501321095812,-0.675030040573136
1.86822575153021,1.36307703789779,-1.99493428288271,4.17351574396431,1.23975095036686,-0.746186461637677,0.572730531134135,-0.131234840026775,-1.55183852136659,0.228849430580481,1.70189470812283,0.144622386270367,-2.95416672265135,1.88941745516528,1.71451073880902,1.10465991097437,-1.59744021309102,-0.172216497505385,-0.301001481390408,0.206812306872685,-0.263683031819147,-0.114958101067535,-0.240672123611963,-0.0066294488588389,0.0172577348698229,-0.26227228480044495,0.8326101071471591
-2.16992897559082,3.6396539992044,-4.50849778617728,2.73066814884895,-2.12269287053048,-2.34101682766366,-4.23525308290613,1.70353765763508,-1.30527913344307,-6.7167200227127,6.35361231915591,-8.60164826276464,-7.50616937408145,-3.69451599830956,-6.30475338603049,-1.26758712788115,0.357987030484253,0.5007790539507,0.645103275621378,-0.0005228218182992,0.0716957787676742,0.0920074334247208,0.308497931577036,0.552590914653841,0.298954478709399,-0.29203170629954106,-0.8940603396861678
0.539275913891047,1.5548897630737,-2.06618033324968,3.24161746276725,0.184735711234243,0.0283295594064726,-1.51552137985061,0.537035374444064,-1.99984603560986,-2.13317644293659,2.75617194535395,-2.24286436771513,-4.65280380668112,-0.775666019840941,-3.21861825150599,-0.370992501046414,-0.686196723569762,0.302734578907132,0.371773459120687,-0.305225078771695,-1.05383526243402,0.77117490696746,0.240878213732036,0.418434531995645,0.232169715166482,-0.04144068975107774,-0.5927203391573362
1.14086473658976,1.22131743135767,-1.45295546048243,2.06757505760281,0.854742052227546,-0.981222507744598,0.325713913670098,-0.0377214068783676,0.113219371615132,-2.12697274994354,0.915947028928619,-0.468571538051367,-4.86186658087283,0.866440624739209,4.08248488419359,1.1963181517001,-1.10076358353881,-0.0677120411898438,-0.377597095255037,-0.132333171548173,-0.33158626897425,0.664877856718148,-0.309312434134138,0.099941947375597,0.122988311929089,-0.29203170629954106,-0.26279992831393795
-6.71340697159693,3.92110415204576,-9.74667821737542,5.14826254938013,-5.15156271985187,-2.09938865681113,-5.93776683170198,3.57877960420447,-4.6849517505833,-8.53775768653457,6.34897930341209,-8.68160893168352,-11.6080022570993,-5.36356643348466,-11.9390915052116,-3.58360287020043,0.897402406121681,0.135711322729059,0.954272201927517,0.127214424071711,-0.339449869297565,0.394095513633807,1.07529509891805,1.6499059092424,-0.394905372194808,3.2112362675566675,0.006962949470140111
-13.8972058704019,6.34428045616839,-14.2816664432471,5.58100899740718,-12.8871331616131,-3.1461763671985,-15.450467216827,9.06028147442157,-5.48612077680694,-14.6764702497464,5.1483517210937,-10.7495919949504,-9.79801207658904,-12.675268899047,-20.7406637223494,-8.15366802624724,5.2283417900513,-1.02522792390103,3.05808183846397,-0.232710298333368,0.763508019302571,0.0754562386388435,-0.453839571774416,-1.50896825698328,-0.686835738780169,-0.16701432345988038,-0.5097877916285957
1.9919760961759,0.158475887304227,-2.58344064503516,0.408669992998441,1.15114706077937,-0.0966947441848027,0.223050267455537,-0.0683838777747007,0.577829383844873,-0.888721675865145,0.491140241656789,0.728903319843614,-1.94888334870021,0.519435549203291,0.903562376617253,1.19731471799372,0.593508846946918,-0.0176522567052908,-0.164350327825504,-0.0721725311018398,-0.450261313423321,0.313266608995469,-0.289616585696882,0.002987582243429,-0.0153088128485981,0.2854957585871228,1.0066074571132257
-10.9407391093978,6.26158585106885,-14.1823387841287,7.18360208606589,-9.95136334372547,-3.86082033664669,-13.5473021949163,7.09647164642187,-6.29402944276594,-13.6081431627279,7.12716532148781,-12.6110036871047,-13.9062968240505,-11.1257390593549,-19.7162573051191,-7.5527890897252,3.65678707068496,-0.0883420818722748,2.26744826134981,-0.239302865923644,0.454368210214217,-0.101611062526814,0.446996732737119,0.062292646721181,-0.439769899530758,0.3266583229036295,-0.5106104185702156
-0.512348993642627,4.82706041999945,-7.97393924909553,7.3340585164719,0.367703644775346,-2.0551290853684,-2.93585569967936,1.43100813095171,-4.54472224374179,-5.25809597551632,5.71631869503674,-5.81040712597652,-12.2891333850899,-2.02073438121173,-2.03970261739192,0.658182927257658,0.832574035012694,0.804101330337598,0.535619750720892,-0.0093636678425974,-1.1404357941897,-0.0064452687432379,0.527970329614587,0.55888099608345,0.126516761960086,-0.29523014879710746,0.826875222182723
-5.22296817637504,4.64182734988813,-8.85820420925725,7.72350199432307,-1.50703495625849,-2.15948357376289,-4.20516409588397,0.979334284202064,-1.50563737438727,-2.23906626105695,4.23139330449617,-8.49348798082106,-13.2375585139603,-4.18641517783122,-5.49253578625626,-1.21610811302066,1.04610451099676,-0.176673248133323,0.561892173950775,0.536428910734314,-0.628333712411096,-0.222651230551295,0.382208361920644,-2.6930356893785,0.407935125898827,-0.29203170629954106,0.7945929906308667
-15.0209806030789,8.07523975163174,-16.2980905380446,5.66482005292134,-11.9181533731348,-4.24695712395156,-14.7166675516611,9.43508432139337,-6.7953981269244,-15.1241628144947,6.03766622940467,-11.6767222367813,-12.3816058947985,-9.48414337021449,-19.6718814509262,-7.64327282087749,1.16906441801605,-0.995786857833133,2.52511546344786,-0.186116823393738,0.429780833741005,0.697102812320081,0.0560310740941657,-1.31088762047629,-0.707402991270252,0.1685440133500208,-0.5093177190905271
-0.549615438496227,2.21907469290599,-3.52202432215688,0.236995179253694,1.0874688565719,-1.23553009267737,-0.279312556848985,0.514360709931382,-1.84992742118892,-3.44381902213252,2.21400028680889,-1.6898355101423,-4.39363360177944,-1.17662872177405,-1.8597389700645,-0.0494185884951729,0.38526260953691,0.126517943495233,0.364130240632527,-0.366018663493106,0.0158025669543916,0.349211539966759,0.647302275361242,0.17192919537209,0.11718822829994,-0.29536921151439294,0.8166158890393774
-6.49808616880785,4.75051466030858,-8.96655783136602,7.09885431317009,-6.9583762227814,-2.82212618665779,-10.3334056561063,4.03190730189525,-6.64877821018697,-11.6344144245911,6.87757089846463,-13.6976856184689,-13.0441824003561,-12.3175797238757,-24.0190985475902,-9.33519307905321,1.95189049542104,0.568338010653019,2.15814308370257,0.216413836254987,0.584661255488016,0.760359507805524,0.0819723426822078,1.41506751068321,0.0351241448009389,0.8535669586983727,-0.5114683009521906
-0.433222446537596,2.42837911824053,-3.99645439738162,4.87129854095106,-1.7963078560437,-0.586867589935922,-4.65454261848565,1.28522967071729,-2.74353881589949,-5.63894131284807,4.3437434980468,-6.65573446968769,-9.50514082568186,-4.85032315924603,-10.0062528282393,-2.78959811229388,0.98258385892977,0.745029329890697,0.713558821786954,-0.320889532152165,-0.804230275167984,0.962851575679124,0.199558010666927,1.09453318209808,0.541147567735467,-0.29203170629954106,-0.008913750503124514
-1.92861326665902,4.60150558710842,-7.12405297794577,5.71608803673092,1.0265785454506,-3.18907306708797,-2.26189690158112,1.18509635557546,-4.4419416151592,-6.64615382952148,3.8278680907164,-6.51864882248249,-12.4567059527055,-1.28314500024635,-2.71855972503703,-0.0854660890712058,-2.09738547120766,0.328795983029392,0.602290585417557,-0.354639278954951,-0.701492058320209,-0.0309729820836431,0.03406987758686,0.57339303199888,0.294686316081238,-0.29523014879710746,0.8340203247613648
-0.395582180999488,-0.751792062726136,-1.9846657222602,-0.203459370656895,1.90396717621947,-1.43028863275949,-0.0765478971696953,-0.99226038178304,0.756307218859539,0.217630453611954,0.253931337415353,-0.0757071123077077,1.06526242773606,-0.911031401859836,-0.223768268609043,0.768369833954887,0.477521452443793,-1.02771589618176,1.37751532224779,0.189224816804228,0.772943278067861,-0.872443190023862,-0.200611549796534,0.356855911523477,0.0321134824802381,-0.2963426505353914,0.6478010888055163
-15.3988450085358,7.47232389650112,-19.0269123426632,11.165525840514,-6.89385628014845,-2.12093657486019,-14.9133299850456,-0.721214094320184,-7.1750966153358,-14.166794659606,10.2777688628065,-14.9854337328686,-14.6663889726541,-8.33324249555463,-12.6025964553952,-4.87668342078337,0.604625910708604,1.11150221461014,-2.44488368228,-0.345078151264077,-0.981748551471828,0.995271346300177,0.816761717958274,2.26294237384391,-1.17806316323334,-0.29203170629954106,-0.7756490673467049
-0.956390354534089,2.36159360978361,-3.17119460723168,1.9707587789256,0.474761353851904,-1.90259820435779,-0.055177812186404,0.277831228585655,-1.74585416512772,-2.5166280017922,0.874051625366684,-2.51310432869389,-3.56511884467947,-2.01571274629308,-1.7314131905532,-0.465814727140309,0.527619755594392,0.19087690343816,0.4732110860249,0.122457847823505,-0.255649852132098,-0.619259299031992,-0.48427999484406,0.683534592892906,0.443299499267762,0.24892226394103736,0.9558396230018245
1.14625926661879,1.40345824321907,-4.15914819129688,2.66010705652321,-0.323216826628972,-1.83607089433649,-1.62374005926978,0.259562498148672,-1.13204414952948,-3.35647371355361,3.64647783754223,-3.00268415590657,-5.94500331282299,-1.47563951431173,-3.08227352537105,0.224739755103275,-0.300930778531616,0.284830655578029,0.564449516452437,-0.141136197426929,-0.265517116377678,0.362259920457956,-0.416062097561802,0.507369852566067,0.243744113775662,0.40842720066750093,0.8116801273896578
-1.23280412810524,2.24411874456383,-1.70382579275654,1.49253586483501,-1.19298516971563,-1.68611021267902,-1.86461150490967,0.856122313785725,-1.97353527775248,-3.94238290411726,2.40165068027699,-3.39426561777896,-4.32979551307589,-3.19904647594093,-4.48018356526203,-2.48566878350317,-0.0958074336903356,0.207889301735382,0.560475065574211,-0.0137535165177887,0.474935180269258,-0.218725074414735,0.302809125708237,0.46603094153746,0.250133538809307,-0.29536921151439294,-0.4314149477191199
1.1839312092814,3.05725030538059,-6.16199733475256,5.54397248278589,1.6170413698223,-1.84800603824854,-1.00550810079405,0.339936724068817,-2.95980628236377,-3.8517216648754,4.51335526006987,-4.85831164395338,-10.0062434296255,0.574874856691221,0.188469552514539,1.64922352053836,-1.79673863123125,0.252571163759772,0.109184860912105,-0.0641750404544211,-0.0070125201234796,0.345419478643384,0.0645577481719254,0.476629438597504,0.323740180557018,-0.30593797802809064,0.5250533973023712
-4.42350762703846,1.64804777413239,-6.93438785672913,4.89460056642244,-5.07813111998958,0.0108488776042783,-3.40909567897227,1.40929050029893,-3.26067152936237,-7.78135276287243,6.28337707847689,-9.65660635996176,-10.7321089251086,-7.89812205175049,-13.5706825019333,-4.59023530005094,2.59017338411194,-0.562264103606392,0.698359061079766,1.22869827965959,-0.535217333195035,0.388278095984062,-0.0094656471517041,2.300164247557,0.0812314897144668,8.705326102072034,-0.49010350409697595
-0.0796525365521887,3.22201046223725,-3.7242013893074,6.03734512826846,0.583394746331946,-0.691346179707007,-1.79988483348006,-2.62778128431688,-4.00133786259094,-2.27152578398956,1.51389817939856,-3.68294346446482,-4.69278763834241,-2.68188105082889,-2.28614467887841,-1.04884490280911,0.994829500437418,1.1985372847387,-0.664694294683722,-0.350753364122197,-0.287467300585566,0.808889022979463,0.823961705381379,0.668496565754242,0.595609828713858,-0.29203170629954106,0.5884544308743643
-2.02713542158538,-1.13189035724166,-1.13519425354743,1.08696263677666,-0.0105473464481483,0.423796701647855,3.79088017117747,-1.15559509817023,-0.0634335699320076,1.33441406239882,1.03201558219625,-0.722023081820061,0.334119448067333,-0.429391896447094,-0.824644210487403,0.489667798839098,0.87334427153726,0.0338040154798561,-0.315104559619618,0.490842008633879,0.756502366364478,-0.142685358889407,-0.602776608703914,0.508712458871011,-0.091645525701271,8.514810179390903,0.9652763292035502
-1.10103546371767,-1.67492805871463,-0.573388195590639,5.6175556662941,0.765556412634615,0.440607080848915,1.93474047501363,-1.01978754945585,-0.19324423129657,1.7837390603636,0.606910821999133,-2.85427542751023,1.26814661675691,-0.482192055998123,0.8110054093379,-0.357910684579857,0.752760921550722,-0.0383141473363703,-0.412525822025647,0.344832725150856,1.09143473162108,-0.686512742633337,0.0758089204336296,0.0338647378770195,-0.83285502022751,8.525935196773744,0.3046598878289406
-5.26805322089363,9.06761342731767,-15.9607281345144,10.2966027898053,-4.70824109122294,-3.39537485177836,-11.1610570028797,5.49996263444947,-5.66737554592835,-11.6271935556579,11.0270590938161,-16.3880541668327,-17.230202160711,-10.1223919213552,-13.6392089915234,-4.98645725844229,1.12678437819631,1.45587819528,2.00410994522741,0.622927669875126,-1.20926355739155,-0.374798862642666,0.64879803679546,1.58469734677224,0.720055870245492,-0.29203170629954106,-0.7893986890852095
0.92376442016477,0.34404807190464,-2.88000365579163,1.72168007534123,-3.01956477860235,-0.639736122583852,-3.8013245024591,1.29909588513018,0.864065471140902,-2.89525166830126,3.02816223099618,-2.54917730779636,-2.97131675769274,-4.70201182527384,-4.90809850732764,-1.5088732903485,3.0016850593747,0.170871765618069,0.8999311755668,0.725265549161058,0.176959582872624,-1.81563797523647,-0.536517111308732,0.489035020411905,-0.0497285787992942,0.11542205534696147,-0.6452626970999462
1.93494645561548,0.650677737498259,-0.286957048622899,3.98782809057201,0.316051835129206,-0.0994493763543019,-0.0214831582313935,-0.172327298889228,0.508730034701461,1.07295520625891,-0.427567391481657,-2.777649223895,1.5710801214626,0.908649625166723,-0.122016068028642,-0.104109917156777,-1.6840216339214,-0.344452123814994,-0.173601631022283,0.219975571293889,-0.216596550704603,-0.136691885594352,-0.129953649978571,-0.0500768352982461,-0.0510818960798855,-0.29203170629954106,0.2984314266995326
-3.7058559456413,4.10787318567637,-3.80365599543613,1.71031444791959,-3.58246604635748,1.4697289395611,-9.62156012711908,-11.9131046925977,-0.322296771337166,-6.62569249371823,2.17523030559549,-4.38107755793604,-0.673818453194249,-4.25492662033392,-5.16021301572915,-1.30252591599748,2.59445276115475,3.63960274068724,-5.49877168010629,0.916235852911927,-0.25550447969595,-0.18383483865098,-0.584538952417976,-0.315483570351021,-0.0972228121259146,-0.29203170629954106,0.14130968085012618
-17.2751911945397,10.8196653713117,-20.3638859739149,6.04661174671427,-13.4650333517322,-4.16664724489873,-14.4094479851747,11.5807967244857,-4.07385571204177,-9.15336803834587,6.21088301172371,-8.77857203246194,-9.57466229922106,-7.41848727872681,-14.1027718764864,-5.01642333521081,1.39031436050276,1.54497046707519,1.7298040916597,-0.726839224163999,0.112539673508366,1.11919347248491,-0.233188990129274,1.68406299250578,0.503739738280361,1.0845501321095812,-0.698510163849659
-2.7560071191969,0.68382137690334,-1.39016888269883,1.50188726081003,-1.165614355805,-0.13120694925796,-1.47874061646082,-0.246921578045176,-0.100522731731488,-2.30110989675506,1.91445404493049,-3.8309980112302,-6.35301985790071,-3.29723907467834,-4.86297149937169,-2.00235399924327,1.54523326964355,-0.106944639579729,0.320473875601072,0.174863684107414,-0.502151101117601,-0.174712784335661,1.17924208342707,-1.16631532833921,0.821214803121569,1.1055486024196912,-0.27716064435193155
1.17782379154942,2.48710339519253,-5.33060816051087,5.32454683526606,1.15024325844862,-1.28184253527583,-1.17199420002259,0.413778202141836,-2.6598401542684,-2.9716952359177,3.6195974073081,-4.47804406487578,-7.77219735461502,-0.509866916309607,-1.30436979397668,0.495999534593581,-1.35984389291856,0.156057238983783,0.262325116604754,-0.092088065214941,0.145215897986796,0.457788410050576,0.167739067416406,0.451242541470912,0.268421209703893,-0.23821443471005418,0.5233023770980659
-0.469326705102944,1.11145278248281,2.04100272504592,1.73159516277684,0.135146841769907,-0.0936251754891053,0.266155169970928,0.0829882363836626,0.58025540346041,-0.164562674892883,0.500376369958899,-3.0217601822032,1.50079377517002,0.706047712602575,0.115114264650572,-0.0467958788933584,-2.54852159198286,-0.358708665630957,0.159387389394564,-0.0535961838321624,0.320747502076217,-0.36912075429213,-0.136604684929151,-0.100845186803931,0.03934714768212,-0.2512863301348908,-0.7928067149862064
-3.0435406239976,-3.15730712090228,1.08846277997285,2.2886436183814,1.35980512966107,-1.06482252298131,0.325574266158614,-0.0677936531906277,-0.270952836226548,-0.838586564582682,-0.414575448285725,-0.503140859566824,-1.69202893305906,0.666779695901966,0.599717413841732,1.72532100745514,0.283344830149495,2.10233879259444,0.661695924845707,1.37596574254306,-0.293803152734021,0.279798031841214,-0.145361714815161,-0.252773122530705,0.0357642251788156,7.050479766374634,-0.9897436048100172
0.725645739819857,2.30089443776603,-5.32997618300917,4.007682804682,-1.73041059025206,-1.73219256822244,-3.96859261813707,1.06372815344105,-0.486096552344833,-4.62498495406596,5.5887239146762,-7.14824263637845,-6.21025774661028,-3.5995402092184,-4.83032424210571,-0.649090120211694,2.2501232487881,0.504646226103286,0.589669127323198,0.601045276521079,-0.364700278220039,-1.84307769215194,0.351909298434892,0.594549978086464,0.0993722360416487,-0.29203170629954106,-0.9058591603916879
1.18489112271901,3.15208420536211,-6.13477982463031,5.53125220648323,1.73386651414214,-1.81686146600342,-0.916696277644188,0.265568287019436,-3.15801423516395,-3.89016924226376,4.7365938426554,-4.16211519175474,-10.2667581077355,0.513470571003558,0.113665405648114,1.48862035938935,-1.80557671393198,0.336441865694103,0.124235616370838,-0.0798873559390688,0.0288277898864561,0.389711468856018,0.0601710709421762,0.485186935489591,0.326551571745814,-0.30593797802809064,0.7568579176374154
-1.92788332105459,1.12565266367046,-4.51833064132991,1.74929253346589,-1.56648729197754,-2.01049423115212,-0.882849830858081,0.697211109261327,-2.0649452874475,-5.58779378195338,2.1157951772133,-5.4174240819973,-6.66517689463338,-2.89782511671737,-4.57052943365069,-1.31514721385427,0.391167040935071,1.25296673470361,0.778583978950071,0.639418961153121,-0.294885040380029,0.537502535542985,0.788395056528708,0.292679966295281,0.147967928722538,5.1175079961062435,0.9924347700904596
1.15937314510686,2.84479469928473,-4.05067950821309,4.77770088131929,2.94898004123771,-2.01036111013216,1.74408581794948,-0.410286521869204,-2.45019774688553,-2.04216786301424,1.84409317018026,-2.42593281501277,-7.2083115791564,2.37529619792022,6.4435098643744,2.59184606301795,-2.88977035831304,-0.059264385833904,-0.176541018596848,-0.529323202003731,-0.597019604985794,1.33595405267787,0.547092070642555,0.0099789442639121,0.160769150049196,-0.29203170629954106,-0.5219744221780224
0.316459000444982,3.80907594667829,-5.61515901119457,6.04744510216478,1.55402595692572,-2.6513531120137,-0.746579273100222,0.0555863112529252,-2.6786785422399,-4.95949291161496,6.43905335158373,-7.52011739288703,-9.25230724747513,-0.502362190618164,0.784426598154274,1.49430460743838,-1.80801215867357,0.388307428238927,0.208828369001674,-0.583813220813723,-0.219845029091423,1.47475258440688,0.491191925656006,0.518868284577287,0.40252806767232,-0.29203170629954106,-0.906552517385339
-2.12548982597957,5.97355569173344,-11.0347272274446,9.00714687170235,-1.68945053397167,-2.85441528535313,-7.81044074525876,2.03086994595841,-5.90282812214984,-12.8409338181318,12.0189131816199,-17.7691434633638,-19.2143254902614,-10.2666091836641,-15.5033921000669,-5.49492764246329,-0.410480977392724,1.49377464554928,1.6465182926595,-0.664841293974353,-1.16455536944202,1.70179641354046,0.69080561470369,2.11974873337031,1.10893340333617,-0.29203170629954106,-0.8650803677142429
1.14020795371139,1.15643107873873,-1.47157796740819,2.07627840454674,0.774809058745551,-1.00253195191231,0.264947929409663,0.0131622605764724,0.248835339320523,-2.10066651278309,0.763204840843787,-0.94491647902938,-4.68361969585018,0.908454083367609,4.13366666889167,1.30620452511785,-1.09471647432252,-0.125097258302807,-0.387894980568907,-0.121582639900783,-0.356108586349469,0.634572810783188,-0.306311023397994,0.0940868179231164,0.121064728484123,-0.29203170629954106,-0.0920813343008993
-2.20763091845218,3.25907610397605,-5.43636546967173,3.68473739367705,-3.06640091036945,-0.671323195313701,-3.69617839443207,1.8222724578951,-3.04965272773018,-6.35388725151755,4.35148149710451,-6.4532473302497,-8.44287285721034,-5.44079518325917,-9.5180378916264,-2.43806861829455,2.33675362049059,0.808336360421968,0.920899033968287,0.026753977510545,-0.791488823729947,0.176492777047381,-0.136312279131778,1.08758482385547,0.373833528935625,3.0422750660547906,0.010382727184588672
-3.51902954497457,4.14086717613266,-3.62820236883577,5.50567203744754,-4.05746250583351,-0.905945282755562,-6.65203112089008,2.63452416520597,-4.67940204045465,-6.54624181523522,3.53820204012168,-8.04228514248667,-8.05104890186539,-7.39595692479141,-14.3296261567476,-4.86801023649552,2.46384303909831,0.898723234092648,1.58255593340505,-0.13570727840987,-0.0042778002749602,0.0327061591060809,0.362014053476722,0.900925137512513,0.554897499272323,-0.178973717146433,-0.5733298469620093
-0.679520574101316,4.67255275192187,-6.81479843997791,7.1435001202707,0.928653839059275,-1.87301315334323,-2.30668902092068,0.993701927710531,-4.94405415592679,-5.57641879575659,5.78365443891613,-6.11770391144604,-12.451498657048,-2.2558538072409,-2.12802655387511,0.706765028987081,1.09382579750391,0.872005531266124,0.566848531943877,-0.281324568300744,-1.12025603826283,-0.0733943446607603,0.553530429860346,0.760541928111246,0.386741821030101,-0.29523014879710746,0.8222097522423929
-20.9069081014654,9.84315322329519,-19.947726046163,6.15578864849515,-15.142013159868,-2.239565648142,-21.2344631540976,1.15179506554623,-8.73967037069304,-18.2711681738888,4.67734929657245,-9.58356643737056,-8.19969002891841,-8.37643882097816,-18.4854603221489,-7.58997395860914,1.1266403652792,0.396654845079575,-1.97719619445615,-0.519776859411322,0.541701730134149,-0.0538607606750096,0.112670774311131,-3.76537100922261,-1.07123831223447,-0.29203170629954106,-0.5032420315359915
-2.86979494599423,1.33566696241079,-1.00953019777159,1.69388472852407,-0.741479894623347,-0.796772696354505,-2.61424187718441,1.06663646767929,-1.13549652218517,-3.9433368210052,2.57283021584331,-2.28866350030302,-5.33871420959882,-2.619233053885,-5.23142512742468,-1.23485373672039,0.397308037124058,0.0115572104606548,0.528421372720921,-0.749297963439339,-0.0671789627433331,0.215792485177395,-0.453651011768872,0.349191042793996,0.198862268219404,-0.07676261994159364,-0.13261333889585836
-3.21895201068387,2.70853541135777,-3.26304158740062,1.36186594394607,-1.64577567536596,-1.85298187130258,-3.06995821412732,-1.79687585578416,-0.213356097435365,-3.55198400939375,3.77974953895486,-6.98477147722078,-9.37787845231763,-4.65207119462111,-9.09423129737693,-3.08254995409724,0.132330776389272,0.571654488206511,1.80787725006384,-0.325814386573867,0.123039596922715,-0.0930137472776971,0.232105969675678,-0.310518998304807,-0.745294626799623,0.5367820887220136,-0.5749163417779907
-1.64927881611351,1.26397355628777,-1.05082567399718,2.23799063903423,-2.52788923751396,-0.889939993137591,-2.35525367110661,0.85465864123984,-1.28124261677782,-2.70501138232752,1.17447506014201,-4.38191956749248,-2.95382425341893,-3.30425391022094,-5.58579436647491,-1.64370403169872,2.11863332532912,0.0874063699474628,0.679176431149171,0.333045475501739,0.392505235969248,-0.274197297543759,0.802348667525187,0.390808552793314,0.11214553148245,1.257822277847309,-0.3639007794390272
-20.5327510764355,12.3739891389716,-23.0090029136283,6.14482097803751,-15.5872960035928,-4.38449066917613,-15.9390026942523,13.696416119399,-3.94845491908543,-8.78972336330438,5.61234710799626,-7.91442236630349,-8.32860088836825,-6.82452417207669,-13.3160791903173,-4.9216120866876,1.18820420779718,1.59275393136331,1.75460760918813,-0.85677863566488,0.125776576475404,1.40258698975375,-0.223754856770293,1.57424873519633,0.469200693158523,1.0845501321095812,-0.6799540504094038
-0.887286905534409,1.39000150924187,1.21968581996397,1.66142517591961,1.00922783931161,-0.733908444749524,0.855828927220991,7.68462281197611e-05,-1.27563149417191,-0.433393925731893,0.141178993422237,-0.46034845602669,-1.16833941780754,0.882231823726865,0.601804858067329,-0.304092391463557,-2.19176427800358,-0.268347371086252,-0.0837343767453397,-0.0506187067885922,0.23104442462061,-0.450759875468406,-0.376205380931623,0.0345043694610426,0.157775320404088,-0.20052843832568484,-0.43324823061758716
-3.89119195123086,7.09891625215749,-11.4264670967961,8.60755678650129,-2.06570621026229,-2.98528802203595,-8.13858941693861,2.97392807853452,-6.27279046836547,-13.1934150665232,11.6197234753825,-17.6316063138707,-18.8220867423816,-10.0310966568698,-15.2270075099256,-5.32200898058982,-0.501750653452579,1.38261899967275,1.75708522742867,-0.508629244173448,-1.18930816877394,1.18853649934791,0.605241885913626,1.8815287524148,0.875260407222375,-0.29203170629954106,-0.8586286221292523
-4.79366743133161,3.41891065333381,-5.07444453285381,4.03598694267746,-3.52787459906065,-1.92324150219959,-5.06598083804842,1.99688475994042,-3.09737916358313,-6.44720227383046,3.77557843937585,-7.49878345527601,-8.65826843157538,-6.17333085967808,-10.7080182544535,-3.50489419159365,1.88404425730219,0.342122343012083,1.16861781897539,-0.371888203724815,0.144761276597316,0.0847348250689305,-0.19743147093529,0.328671522253493,0.835394921353057,1.0826032540675843,-0.10390365863332285
-4.38422089880268,3.26466481012305,-3.07715801666012,3.40359359659281,-1.93807528041028,-1.2210812776781,-3.3103166090276,-1.11197501012863,-1.97759328056305,-3.28820356526528,2.88609147657536,-6.84897793447677,-7.46010298330266,-4.33478342671028,-9.87456039324105,-3.54190332932228,-0.531558760456647,-0.141533268810834,2.07638272101207,-0.330358452316133,0.158377625833497,0.0063514462492984,-0.493860013315231,-1.53765237842389,-0.994022490842227,0.32874426366291193,-0.30402528990254807
-16.5265065691231,8.58497179585822,-18.6498531851945,9.50559351508723,-13.7938185270957,-2.83240429939747,-16.701694296045,7.51734390370987,-8.50705863675898,-14.1101844415457,5.29923634963938,-10.8340064814734,-9.37385858364976,-9.89924654080666,-19.2362923697613,-8.39855199494575,3.10173536885404,-1.51492343527852,1.19073869481428,-2.3585787697881,0.673461328987237,-1.4136996745882,-0.46276236139933,-2.01857524875161,-1.04280416970881,4.758587122792378,-0.5075314434458668
-1.64440309669641,3.1298519330804,-2.57697682172296,3.41557336328899,-0.448525407316687,-1.24189285626533,-1.9916521878557,1.00266488963021,-2.8090712430123,-4.15369240632128,1.39818511854919,-5.65326970240352,-6.332512814541,-1.98360960777769,-4.92916202340023,-1.03848208531443,-0.133819199948815,0.290186829391141,0.417762091477206,-0.318617393380036,-0.680412931832076,0.389868676205949,0.0557502963989842,0.394681955439504,0.298820725838569,-0.21387845918509243,-0.26598466975935225
-9.84877583247984,7.36554648639464,-12.8985382309124,4.27332307326376,-7.61199101126967,-3.4270452374345,-8.35080815251842,6.86360392236365,-2.3875673251028,-6.06578236274727,2.70785640511515,-6.13603446645473,-7.02898027290706,-4.09288449351717,-7.01462170672071,-2.5309672589153,0.554027499068527,0.832398066019608,0.931958309450931,-0.192639469446569,-0.0354260265633338,0.538665050436448,-0.263933516556866,1.13409509350836,0.225973163975667,1.0845501321095812,-0.39463177161525737
-15.9036352020113,10.3939171427504,-19.1336024646827,6.18596883540498,-12.5380209157442,-4.02703044708406,-13.8978265981985,10.6622517826007,-2.84495398482036,-9.66878891236125,7.39441941053863,-11.6356300484755,-8.64045910049478,-7.69556878829619,-13.6841395944616,-4.77740603940726,1.26834277321029,1.50156541071894,1.57754822493456,-0.601294526869194,0.0404039214626868,0.99550197117886,-0.273742711729157,1.688135896398,0.527830799573719,1.0845501321095812,-0.699168265402955
-11.6822148930584,6.33288209288301,-13.2971092469499,7.69077191542072,-10.8898905208867,-2.79236003834138,-12.5617825809497,7.28712220991134,-7.57032240879292,-12.8357376825339,5.80470785195987,-12.15623949431,-10.4686770874209,-10.999792348619,-22.6088681905866,-9.49874592104677,2.10273540686125,-1.00931993766307,2.13345628394787,-0.0353038871622371,0.615053695038953,0.349023768265454,-0.428922796793546,-0.694935387398427,-0.818970428930229,2.100820470031984,-0.5102578641666642
-0.408110816961726,3.13294449795257,-3.09802976350239,5.80389261500645,0.890608919007457,-0.501474323471098,-0.440054283341639,0.591828268527081,-3.26769325879204,-2.22307032799021,0.757063214391669,-3.5018037792943,-6.0656218797665,-1.00572315400358,0.334315623693923,0.421261362446254,1.24714263088632,0.499567913131525,0.0984823222449585,-0.217988987498016,-1.04265661749863,0.314388820647828,0.54324357594221,0.233851015408581,0.119603460907874,0.32693644833820046,0.8831664086164296
1.18978435670385,0.942289402014327,0.0823341450498769,3.02404970580847,0.412406009418248,-0.214414558479438,0.0535578385040748,-0.110353351082093,0.883797757350066,-0.554223900525873,0.154921008931302,-2.77675657494788,-0.45607695680899,0.857322735948866,1.70702446635297,0.526349196477535,-0.865104609842214,-0.143434644974988,-0.502635558485173,-0.0567520238885425,-0.340688404752184,0.541235201259928,-0.0983002868955662,-0.0030411199129353,0.049819020358336,-0.25323320817688777,-0.7929242331207235
-10.8502815883108,6.72746568826853,-16.760583409542,8.42583167857118,-10.2526968683093,-4.19217104406337,-14.0770860104531,7.16828793346092,-3.68324217370244,-15.2399619587112,8.03070840755191,-16.0603057628826,-14.9529810390579,-11.866730636746,-15.4869899240937,-5.74865155747378,4.1300314273319,-0.646818272966729,2.5416369467068,-1.02396689219897,0.40626452579196,0.106592778669641,-0.0262323892202069,-1.46463002356247,-0.411681819907858,0.7787512167987761,0.10773474981858137
0.702709900098753,2.42643280600508,-5.23451329584052,4.41666124290876,-2.17080621591773,-2.66755356121463,-3.87808845483572,0.911337122229195,-0.166199039175942,-5.00924850212751,4.67572941865677,-8.16718805173089,-6.76333439062322,-3.81175840977789,-3.75412806618729,-1.04917740227906,1.55419726345897,0.422743129198702,0.551179689117248,0.721698230069415,0.473245751402033,-1.9593037711687,0.31947554010746,0.600484916486359,0.129305225096566,-0.29203170629954106,-0.9051305479576818
0.218810192243952,2.71585507956703,-5.11165783900784,6.31066097414859,-0.848345064871295,-0.882445799257676,-2.90207924674704,0.939162177941683,-3.62769814154945,-1.87333085278999,1.2038344844503,-6.17262991831307,-3.94196510459461,-5.241049107605,-8.15282937205818,-3.24343644496687,1.93548375407006,0.381681938895485,1.08364021161907,0.0623251382602846,0.532489603801304,-0.149144855297463,0.639579645658501,0.351567637719089,-0.0018165149574627,-0.29536921151439294,0.7494777787897395
-6.67721162487866,5.52929920087665,-7.19327456474359,6.08132107951892,-1.63607097105033,0.500609583298219,-4.64077020758754,-4.33983969614375,-0.950036405131991,0.566679814004086,4.3150759158968,-4.93828359985114,-8.49081262174082,-1.94912326096651,-3.09301268981888,0.124087074705575,0.886746966076448,-1.11868675540655,5.56330066446813,0.965321595694456,0.16371797930961,0.0475308707267175,0.466164782963216,0.278546743051982,1.47198811731278,1.1665971353080238,0.39850987005432276
-0.644277679025173,5.00235242592827,-8.25273876012125,7.75691471173633,-0.21626731754316,-2.75149611755953,-3.3588573150418,1.40626809118347,-4.40385171690245,-5.94563397292191,4.47590467269415,-7.60726146360792,-13.0107493697978,-2.86403911817187,-2.87134152887014,-0.180613560248759,0.647708880496559,0.816557858909547,0.587727519791778,0.0337455457845425,-0.756169511485339,-0.0081716252537439,0.532772006004636,0.663969504849476,0.192066835389178,-0.29523014879710746,0.8952237692178875
-2.42353450165791,1.65909255408015,-3.07142054904521,2.58803264715889,1.13579116985916,-1.89238797008871,-2.58841817664644,-2.22659241059214,-1.67017275749754,-3.50892466189359,1.43932206570096,-1.95992749618623,-4.97811801438515,-0.99747745136418,-0.817261404200648,0.307797600356998,0.0284845308917937,0.35389820280921,-0.934126824870286,-0.180255030944776,-0.281719118183751,0.299285024105003,-0.263801330349534,0.150155943031014,0.292112166465648,-0.17674871366986508,0.7786340279634401
1.86210178942007,-0.124051888133202,-1.98975174951054,0.382608915041756,0.473031677376878,-0.674516988454297,0.298621349163879,-0.282415726283542,0.802052524645684,-0.989431189994817,-0.491112318271443,0.903819349613327,-1.88616230658692,0.0868367239072255,0.978546240489057,0.0556039737113707,0.189130835579419,0.150726987749903,-0.204158275791025,0.0778741500089749,0.388335120253865,0.0078957284691346,-0.120979613154893,-0.0195787926354923,0.0061547052319409,1.2030315672368237,0.5924030401941399
0.0510754846328574,1.31042652386526,0.733222065309853,2.62028192286183,1.40235761449282,0.528488564738172,1.08601442622803,-0.146422713225732,-1.72433297471822,1.28016674259048,0.470864719590572,0.43554195900858,-0.142098601080574,0.828290651436422,-1.27478714656577,0.134277305184542,-1.48943421708841,-0.125876996990695,0.229936134951611,-0.189623667620704,0.766852957965077,-0.141400750027805,-0.0772779620355944,-0.29759539535716,-0.221816034161724,-0.2715894868585732,0.7993289714519072
-17.5375916846763,12.3525186682391,-20.1346128135864,11.1227714331133,-14.5710801396343,-0.381622313270995,-23.9286610291615,-4.72492103304407,-8.6030380974132,-15.2318333653018,4.41705461009659,-12.8935202086054,-3.54722989444144,-10.4020683266181,-18.3720191223339,-8.31409231206699,2.43582348553379,1.9251025961188,-4.35221313065903,2.01912792631133,0.627191869568278,-1.08599721239039,-0.0718032360759346,-3.83819790404877,-0.802564460951448,-0.1693783896537338,0.14739712021811366
-0.769171691743673,1.3422122564916,-2.1714541366788,-0.151513299728476,-0.648374467317641,-0.973504253142134,-1.70665765414268,0.313744516691369,-1.98230184657376,-3.15812700566592,1.3415717221686,-3.29947236985172,-6.39337284276668,-3.25804634128955,-3.34889609796046,0.217330714330335,-0.917407954929339,-0.102294252090737,-0.0361222946216654,-0.0471133973013113,0.358492767536875,-0.287406815695466,0.476505957022081,0.250530561357973,0.250987222920341,0.2503128911138923,0.47603658339527516
-5.75385192191905,0.577609830544052,-6.31278151817008,5.15940136394611,-1.69831984974091,-2.68328644007023,-7.93438913772177,2.37354992013064,-3.07307886895315,-7.14513662527302,6.25006758982915,-9.15082268467043,-9.98258470738767,-7.56504249195105,-13.691474448179,-4.36686728138342,2.18142273556017,0.0175000205275833,1.17785240817647,-1.21112332108691,-0.446891081681294,-0.405520352964176,-0.165797490498776,1.50551591304239,0.359492050360598,-0.29203170629954106,-0.3456619649619682
-3.58696386180132,2.60912703784891,-5.56857720803735,3.63194695349796,-4.54358971050144,-0.15789907530677,-4.08912766842153,2.41730514407718,-3.23990097529344,-5.822449155685,3.36918605153883,-5.69192578583088,-5.41378669142638,-5.86366171303999,-11.1432410242579,-3.48093955285599,2.79433340410919,-0.178533964286313,1.02442283357462,0.182032121144153,-0.534597882665306,0.16893349468844,-0.149843614233619,0.685517241438814,-0.299728379437129,4.010846891948268,0.013802504899037232
-5.55212217135236,5.67813391258695,-9.77552798040134,8.41629539413803,-4.40984381923171,-1.50623535484733,-6.89983879692634,3.75044289681131,-3.8797925578861,-6.86416435989436,7.05106508958574,-10.1375291936462,-9.90916805374299,-5.02255717747726,-8.52297487191683,-2.01293906157489,1.52573244095261,-0.0647801372282915,1.12847223060537,0.286257667302864,-0.536294098099933,-0.104924889157331,0.420919229293903,-0.297556884880609,-0.946184387308798,1.3591989987484352,0.21133873720888555
-1.82429505976067,0.403326526860602,-1.99412200641801,2.75655816357726,-3.13906432572579,0.408185014718199,-1.20904511871624,1.09563435393431,-1.44722489217345,-3.95100289197434,2.56070020158284,-3.4119829114195,-4.7327675351632,-3.30608841178359,-4.23102187544855,-0.750809770409941,2.69080834203374,1.50368830479002,0.838760421033887,0.947506491293615,-0.145493002452622,0.0493257725258454,0.831065451615044,0.33242130393302,0.252712728641008,6.504102350159921,-0.20615618747668
-3.97593925787714,-1.24493887246577,-3.70741371980754,4.54477220840185,4.05067557270479,-3.40767861716595,-5.06311826997904,1.00704199678733,-3.19015819504631,-4.25071651144568,4.18216236800046,-4.56367473788251,-6.96497247579046,-4.99733165466689,-6.41953891153561,-1.18359273970866,3.56973257751778,2.1094026874149,1.05973707375805,0.348707142883828,-0.162929482857413,0.410530958112178,-0.123612265343157,0.877423851434985,0.667568429836307,-0.19051592268112916,0.6395865712027687
-1.61187733763361,-0.408409922870926,-3.8297616763406,6.24946176104187,-3.3609216090486,1.14796358238383,1.8584248531717,0.474858318489524,-3.8383988155266,-1.44537495699985,2.11390001406861,-3.25970246526323,-1.80810297319338,-2.98692008764678,-4.81586301103402,-1.27165458831756,1.70168502365985,2.42567742975765,1.24558218578459,2.2514388799998,-0.0660963924813517,0.538710327489417,0.541325493308062,-0.136243382191672,-0.0098522563228139,13.548463356973993,0.7381137751819328
-15.2713618637585,8.32658106147414,-22.3385905133352,11.8853128922128,-8.72133435613386,-2.32430694897567,-16.1964186599881,0.512881820424485,-6.33368515594745,-13.175198078736,9.93981974172569,-14.2254557039818,-14.0047761755606,-8.0594194070953,-12.1220088158237,-4.79971013254961,0.686227163597458,0.993121017282391,-2.3568962794623,1.08561716724338,-1.03979707801119,-0.182006136246673,0.649920860777984,2.14924707788821,-1.40681133211222,-0.29203170629954106,-0.7563525896589918
0.523819919016188,1.53170785726036,-4.17639013427384,3.58461483133399,-1.0239540327136,-0.502471057563059,-1.89196555656987,0.878416852102108,-1.54194215137035,-2.64940583024547,3.21163365301808,-2.58749931359948,-4.68380643176166,-2.6957897292607,-3.03516584667273,0.0968148690279061,2.06569197047395,0.621803834572887,0.851859435194308,0.453553280805087,0.485211207096414,-0.500686838721807,-0.10828410995489,0.269476548870234,-0.0632454644135228,1.5047976637463494,0.57895896560538
0.1149650477972,0.76676154669164,-0.494132199415659,0.116771978233793,0.86816853524791,-0.477982006349535,0.438495665220681,0.0630733402552484,-0.186207089214194,-0.159325098707444,1.20030360709416,0.281744446861465,-0.658246292064356,0.0562273489244218,0.653662125212474,0.33465531172159,1.02892683645358,0.0621985703923592,-0.284412898740297,0.131404855625717,0.600742122018719,-0.604264275304309,0.26293785502267,0.0991446312768992,0.0108097183119463,-0.243498817966903,0.6683550105325629
0.287952771527529,1.72873464521162,-1.65217304572257,3.81354418795523,-1.09092715391318,-0.984744665624589,-2.20231792699069,0.555087932252191,-2.03389204830362,-2.73415555507211,2.36843367282003,-3.65680265130054,-4.74441333023745,-2.47951355643698,-4.93111196829858,-2.54740252736051,-0.90268980289448,0.265250210286539,0.262201510185118,0.0928910102678184,0.187612655556196,0.368708354409639,-0.132474029018571,0.57656075692479,0.309842705461879,-0.30593797802809064,-0.611170686276526
-2.63059770314604,5.12575923008793,-6.09225454651378,5.52739306209755,1.60514485494011,-2.31988352953118,-3.20707570564086,-1.48258321071708,-5.07487063178104,-6.77833138248069,5.72525459149638,-6.94917182528041,-11.090424813263,-1.70750085360527,-1.68547301699574,0.274890838662414,-2.02888535240153,0.948863770149954,-0.527474204141788,-1.37110989476897,-0.504898994517705,0.382306792598482,0.395527722278956,0.782035950782542,0.62852786395406,-0.29203170629954106,-0.3129801717527536
-1.21268170063531,-2.48482353043406,-6.39718581511927,3.67056244781436,-0.863375060980971,-1.85585473063724,1.01773157976221,-0.54470377516891,-1.70337804998263,-3.73965947930309,1.73812401383737,-2.84444933585435,-4.79973713485762,-2.69316808210374,-3.16695515760391,-1.06780011996093,-0.559132202274595,2.90837394592783,1.39687206274272,-1.49288249863592,-0.204227396265286,0.532510949154644,-0.293871104406878,0.212663059827185,0.431094707976035,18.25893477958559,0.5698630619937539
-10.6323749061596,7.25193622855414,-17.6810718207918,8.20414440620562,-10.1665907519072,-4.51034377036334,-12.9816061559658,6.78358879797499,-4.65932958355558,-14.9246547735487,8.38914233451929,-16.4655039422141,-14.224403603167,-11.683998043525,-15.8416159780561,-5.75319975278369,3.81304079276336,-0.810146481561289,2.71535704420309,-1.13812206664164,0.459442241911828,0.386337323495895,0.522438449202614,-1.41660373652915,-0.488307035713995,2.3156723682380753,0.10773474981858137
1.1939160689293,-0.571085006532232,0.742522413618004,-0.0145876823031251,-0.624560898094263,0.832161659907577,-0.833350424512102,0.272896998506182,1.16942539891152,-0.371671945168217,-0.245676823310174,1.37594135044076,-0.819319364809584,0.125852995600752,-0.397245548944671,0.272377065433488,1.22602219788409,0.062908129152134,-0.0495024276847497,-0.265271877292053,-0.67929377017329,0.511811527633814,1.24660443744052,-0.0286711040907993,-0.0061120075977227,0.1378111528299263,-0.22721543718215018
-5.26775974325256,2.50671895922695,-5.29092481764433,4.8861341982102,-3.34318841087649,-1.10008548506579,-5.81050918581537,1.72634335514407,-0.749277159995058,-4.83482799462627,3.54601225001006,-7.75128547808951,-10.0185024459282,-7.47716172698803,-9.78580026201852,-4.24397714797126,2.68112678165858,-0.286043269744833,0.764265624858483,0.54848172305712,-0.15685005182413,-0.71018694460215,-0.366422677340972,-1.48676592030738,0.677664104601632,-0.2906410791266861,-0.2626706583659691
-1.20139778318497,4.86453518123444,-8.32882331553453,7.65239936205533,-0.167445105903909,-2.76769464972835,-3.17642095110716,1.62327867967437,-4.36722762476754,-5.5334430286147,4.1064045585523,-6.33182479621436,-12.1565865835299,-2.11086343309451,-1.55854452752772,0.195991826282669,0.502453451135321,0.597025549850308,0.532320016259289,0.192444399731584,-0.698588444235578,0.0250027161193826,0.514967603188505,0.378105295962737,-0.0531327938498238,-0.29523014879710746,0.8375811242372339
-16.5986647432584,10.5417508026636,-19.8189818085279,6.0172946473619,-13.0259010501237,-4.12877900260013,-14.1188648469369,11.1611439952369,-4.09955143059712,-9.22282550730978,6.32936467621872,-8.95219071159749,-9.82505442102721,-7.54168742379503,-14.2595985921417,-5.03505152375192,1.43226792970939,1.53491982113512,1.72585282658181,-0.680051901875725,0.108175914514646,1.06687834149611,-0.233720431391328,1.70752055210726,0.51142316911239,1.0845501321095812,-0.6987804555590484
-1.34804164426498,2.52282067569291,-0.782432259389823,4.08304665188122,-0.662280329645865,-0.598775712530929,-1.94355185121781,-0.329578950885032,-1.85327422572214,-3.16213595485783,1.53319383793753,-4.63512694781183,-6.4358707376348,-2.84993079536978,-3.65425828769231,-1.18303413658687,0.831623853010765,0.348896285038196,1.07987140816824,-0.218357652796912,0.125865683985355,-0.0741801756408069,0.17911552652805,0.612579819202836,0.234206089600607,-0.29203170629954106,-0.23833265270747092
-6.61821088302128,3.83594330652809,-6.31645312939344,1.84411148322924,-2.47689242073119,-1.88671810778613,-3.81749461717225,0.613470204441387,-1.48212104737573,-4.86874726825181,3.35972193954249,-5.96916163430263,-8.72449560202264,-3.93938374023711,-7.16443030217363,-2.43467181629124,0.235226841085862,-0.953826982523315,1.63662230588548,0.27821816645377,0.786670356804443,0.063894559165062,0.154707097104458,-2.04240272642132,1.40514055826157,0.4968710888610762,0.7906561331245427
-4.71052878230567,8.63621438967976,-15.4962220036783,10.3133493732845,-4.35134098287048,-3.32268873543923,-10.7883728387388,5.06038112024979,-5.68931118776998,-11.7121866242875,11.1524905985837,-16.5581971409376,-17.4759212828566,-10.222203169604,-13.7991476446987,-5.00858517858957,1.16202614780693,1.43423977941906,1.9905453513529,0.554408428563337,-1.20404159623154,-0.450684594730258,0.641836059375492,1.60595762479265,0.721643614506061,-0.29203170629954106,-0.8289787967905797
-5.18787810836635,6.96770866359565,-13.510931139095,8.61789514115238,-11.2144223939458,0.6722478387604,-9.46253281088355,5.32870420774381,-4.89700552817542,-11.7868116556041,9.36907905765884,-15.0941631493865,-11.8521613037824,-10.6882417917386,-18.3888105354245,-6.89884013301839,2.38280793552097,-0.623737291574186,2.08608300107406,0.716805785858217,-0.646743429628277,-1.61704292571624,0.172346889503238,0.626646780979254,-0.169726031129409,10.351272423863161,-0.7856616124075646
-2.43923696855219,2.59145816263611,-2.84012564998452,1.28624391005241,-1.7770161908324,-1.4361387710222,-2.20605624197635,-2.28272485775905,-0.292885036315821,-3.71744992918956,3.90739912775712,-7.22000368560677,-9.6576265944335,-4.73866234284944,-9.27663556929158,-3.08196108095709,0.17774563450317,0.513529864634298,1.77446009213068,0.0657267026225069,0.103915744896627,-0.0575779255552146,0.24265246086543,-0.268649222026483,-0.743712586038479,1.436517869559171,-0.5876905630000029
-7.89688615307576,5.38101952251685,-8.45116161458266,7.96392808742307,-7.86241943013129,-2.37681997521459,-11.9497234569249,5.05135567269165,-6.91207600938549,-11.589748311433,6.64520072606617,-13.542095596465,-12.623316046432,-12.4322791426353,-23.2415971479491,-8.49529893803197,3.45394255518458,0.645974321869431,2.55794395644985,0.0327949396062788,0.638072585685807,0.361887213739485,0.444576520477986,1.10192314818996,0.205958012508108,-0.2848004450006953,-0.5111862574293495
-2.4340041522657,3.22594669094366,-6.59628163055385,3.59316052421617,-1.07945204530157,-1.73974070807667,-0.0474200922292621,0.301424475889641,-1.77943359731428,-5.83645272742826,3.24943114650197,-5.96148766039896,-11.0022890615302,-2.36580146413215,-1.3519003888026,0.189498486847292,0.524007524087668,-0.280533266400441,-0.0354907261487421,0.157435951107499,-0.714849374336836,0.468859337004353,-0.348522318188906,0.420036479941583,-0.327642696480936,4.735780837157558,0.5296718599888945
-3.85988078691481,2.63288131193679,-5.2642653095088,3.44611314661501,-0.675231056544998,-1.90495945391597,-3.2910408690196,-0.985766040904484,-1.16811416733417,-3.93629417027159,4.25656448730292,-6.60065448140166,-9.9585309187018,-5.7001414199952,-6.38809273753128,-1.83815930102503,2.99317350708135,-0.178626358366056,1.66411901528299,0.0684124857414983,0.778960915978384,-0.863165919910699,-0.0068096144164965,-1.06573404007904,1.77332644564776,-0.28952857738840215,0.046766341631092945
-0.443793956538852,1.27139528958141,1.20617786290079,0.790371244425149,0.418935334538855,-0.848375714713356,0.917690595034239,-0.235511404707869,-0.285692136421657,-0.867899742347565,0.614977120327696,-0.657947690982211,-1.63514452424164,0.0685328870737372,1.32579410174258,0.376383480838994,-1.09619645414336,-0.0672050359210024,0.119278777095323,-0.264243409026182,0.443311288026016,0.0295163920697956,-0.335141048988331,-0.188814985117408,-0.123391459240302,-0.2351550549297733,-0.3111351370408346
-13.6807603221285,6.99038924197379,-13.7700011356219,8.694896899191,-11.4269679730732,-2.91984498997907,-14.5945615876748,8.62290473620712,-8.09069700355941,-12.7806339362021,5.3306013514672,-11.898065148453,-9.56016927087188,-11.3809956026059,-21.5368016259059,-8.48535580519493,3.51761050964655,-0.877391609905133,2.98955250855903,-0.509290299460639,0.732503456665873,0.280527953637944,0.280037142108891,-1.40668683562971,-0.663643363595055,-0.29536921151439294,-0.5098465506958543
-8.7620833940977,2.79103028235041,-7.68276685719257,6.99121396498416,-5.23069545140333,-0.357387950702527,-9.68562145610769,1.74933494530821,-4.49567886484426,-7.86450647898838,4.77414774007074,-8.24589788162945,-7.97425052332349,-7.24434047432354,-12.7600939511044,-4.82474022298701,2.83699299496563,-0.460389538640294,-0.0905267878788197,0.0511323900482543,-0.41542987238242,0.219665266254896,0.330020364891881,-0.0282517554687547,-0.156270272972183,-0.20136281462939784,-0.3295502287196693
-14.7246270119253,7.87515679273047,-21.8723173644566,11.9061699078901,-8.34873369160876,-2.26284641969245,-15.8334427819606,0.0778736741759969,-6.35683349086288,-13.2616517082667,10.0637897462894,-14.3947668016721,-14.2483158270781,-8.16163244506225,-12.2809648581754,-4.81858639342974,0.719787682108791,0.996468755724792,-2.36234492751884,1.03719942301307,-1.03635934178889,-0.254776514154375,0.642343201018144,2.16112922373151,-1.40128201963858,-0.29203170629954106,-0.7601249217769918
-29.8763655139763,16.4345245512223,-30.5586968214292,6.50586178736296,-21.6656542956569,-4.94035632949796,-20.0813910746494,19.5877726234404,-3.59149104711596,-7.80059820772759,3.94783971729026,-5.4879114860488,-4.82955244300835,-5.12116240451142,-11.1181904509172,-4.65995586983801,0.608930080519071,1.72477883837961,1.81295397464878,-1.41280344282556,0.178731069561437,2.15604185816706,-0.20938462411377,1.25564890085966,0.364530452975509,1.0845501321095812,-0.6577078675453106
-3.24018658731411,2.978121790406,-4.16231393691373,3.86912437879902,-3.64525645477793,-0.12627056104764,-4.74472973694714,-0.06533104369042,-2.16836609501902,-4.75830407509117,3.47109784646449,-6.5331067689397,-6.07398900285949,-7.71804240456347,-9.85592743669396,-5.19390789281555,2.04269768780688,-0.224043462894117,2.60144102940002,-0.036489849092758,0.0426396452203885,-0.438330345949387,-0.125821080392006,0.421299802439127,0.0031458761215678,2.0903907662355716,-0.5058744377491752
-12.2240206243564,3.85415032971366,-12.4667657248211,9.64831072711484,-2.72696132147655,-4.44561038185083,-21.9228110340575,0.320792273696859,-4.43316165783721,-11.2014000859835,9.32879925655782,-13.1049334662012,-10.140200337183,-10.0986706554809,-17.5066115481045,-8.06120798966267,1.60687003263877,-2.14718143950284,-1.1598299509044,-19.2543276173719,0.54486672601225,-4.78160552206407,-0.0077722810999307,3.05235768679424,-0.775035651186717,16.6442775691837,-0.7827236590446364
0.232512476136408,0.938943680000523,-4.64777987861917,3.07984368774547,-1.90265531863884,-1.04140751952949,-1.02040664482631,0.547068603184495,-1.10599029357172,-3.52012767367189,2.07411645462861,-3.01077173816878,-5.38783122686352,-2.93580442477364,-2.28557270821558,-0.237055632781029,1.97974707098703,1.14161507545704,0.911372759326949,0.999393887913078,0.901260455221573,-0.452093168108936,0.192959213794113,0.180859449380341,-0.0293153378913553,4.491725768321512,0.5923207774999779
-2.3269223698887,-3.34843873033788,-3.51340796089061,3.17505971028128,-2.81513703435586,-0.203362788049123,-0.892144430418318,0.333225702638422,-0.8020052289805,-4.35068531246963,3.06424584128211,-2.71873063246571,-5.58687312563725,-2.50204941657576,-4.46049463214891,-0.870525745045081,0.595629103995644,3.20917094389277,1.22664839880046,-1.47849021051453,-0.0615525997443275,0.236155012156618,0.531910616094765,0.302324354380578,0.536375347733134,19.017660965095253,-0.30180419716017426
-2.40558049004183,3.73823496480673,-2.31784304058402,1.36744244056479,0.39400112765787,1.91993798476143,-3.10694204753682,-10.7644025337266,3.3535248599039,0.369936028027435,0.382172176843061,-2.26293253493218,-1.88061870491121,0.235476804417352,3.32156931100987,1.90627082950488,-0.581355690647057,-2.14087382269319,10.0059980130045,1.68495694696092,0.118263083149952,-1.53138011163519,-0.695307571119466,-0.152501562016877,-0.138866256312262,-0.2087331386455291,0.07031697578832634
1.17075621526687,2.50103820829712,-4.9861592332247,5.37416005823382,0.997798392058317,-1.25900447846418,-1.23768881403143,0.358425624933301,-2.61248850396066,-3.06472953093127,3.48060170327307,-3.73515295429888,-8.22995199210048,-0.408470612919959,-1.48128347210329,0.347626692232083,-1.16441437126035,0.227618255472955,0.123145442805288,-0.0808679133866204,-0.964310260780621,0.338567587684323,0.068629851804667,0.481587901111279,0.268225854368505,-0.23682380753719925,0.8521768765442618
1.95485173775774,1.63005630331209,-4.33719968092597,2.37836729179698,2.11334786136033,-1.58385066673113,0.65374545254113,-0.192892012453504,1.21760825458778,-2.8290982053899,3.50456779253823,-3.9181998797616,-4.7045087050312,1.85477191713001,6.02439676670687,3.53125033477791,-1.1962847755939,-0.230640095367639,-0.474437304644058,-0.0481545042172499,-0.0235242678879109,0.362192024107476,-0.570709266940076,0.0256187202949634,0.0818803891570235,-0.29203170629954106,0.08028251359537919
-0.715413746430203,0.608590312773943,1.15550089022062,-0.267565092666965,-0.563747540811752,-0.618897959603515,0.698307698659261,0.0698369023541396,-0.133341030527008,-1.02533539256113,1.50062918076179,-0.417898026653376,-1.07499904137371,1.37776850908719,0.22388685433899,1.31107267514226,-0.896071786353489,-0.186977992930248,0.130748607589043,-0.0902274074581911,0.411572390517299,-0.216125965872995,0.353896329216255,-0.0623612631790606,0.0084330017316634,1.4879710749548043,-0.08859104570574047
-22.5616992591298,13.2089042844176,-24.6438187771226,6.23253182330679,-16.905611362323,-4.49743871970001,-16.8101841919321,14.9551067734604,-3.87129682308601,-8.58126551626339,5.25698760960799,-7.39361499215009,-7.57755201800709,-6.45478323655342,-12.8456565242928,-4.86591773720169,1.06244185030067,1.62144422472126,1.76598663639159,-0.998316503452087,0.138972227361725,1.55935014018173,-0.22212451669,1.5044246600224,0.445919826109776,1.0845501321095812,-0.6788023726911359
-1.37442438802593,2.79318461104641,-4.34657205544607,2.40073141993213,-1.68843271426041,0.111136092520939,-0.922037621262745,-2.14992997529601,-2.02747375610927,-4.39084192218279,1.24195817554592,-3.91052150018815,-4.69799687128777,-2.07706554161602,-2.68352089790884,-0.525949332550218,0.42234244481934,0.650195855719888,-0.870778521555015,0.13799426850986,0.36827456897565,0.103136654803567,-0.414208828090744,0.454981584858352,0.0967109642319915,4.548463356973994,0.9712344986235688
-16.9174682656955,9.66990017304097,-23.7364434105216,11.8249902296814,-9.83054822917941,-2.51482887310345,-17.2906566748216,1.8204078670595,-6.26490348784789,-12.9166361091709,9.56711029521397,-13.7170673789468,-13.2729650621928,-7.75409405936683,-11.6446032058862,-4.74130270962407,0.58462597267458,0.996745095162688,-2.33611095619483,1.24186581168063,-1.05108624820763,0.0380090796054737,0.672317065099677,2.10847085205046,-1.42124325273233,-0.29203170629954106,-0.7479617948544685
-1.39620432643506,2.618584398377,-6.0367702713295,3.55245370976796,1.0300913064513,-2.95035827245882,-1.52850574519993,0.189319000841056,-1.43355448519874,-5.56914249554635,3.27754628526759,-5.89693656310926,-11.2218047709786,-2.49734111017829,-1.58833565600268,0.120289372543204,0.170143879416802,0.0317945560061884,0.14317682159778,0.35602946330105,-0.762351548983177,0.0965103406932942,-0.487861395288973,0.0626546228071552,-0.240732349240766,-0.29203170629954106,0.5294015682795051
